Ultralytics 8.4.90 🚀 Python-3.10.13 torch-2.5.1+cu121 CUDA:0 (NVIDIA GeForce RTX 4090, 24081MiB)
[34m[1mengine/trainer: [0magnostic_nms=False, amp=True, angle=1.0, augment=False, auto_augment=randaugment, batch=8, bgr=0.0, box=7.5, cache=False, cfg=None, classes=None, close_mosaic=10, cls=0.5, cls_pw=0.0, compile=False, conf=None, copy_paste=0.0, copy_paste_mode=flip, cos_lr=False, cutmix=0.0, data=/root/data/uav/protocols/tsgr-p2-e1/source-VisDrone-full.yaml, degrees=0.0, deterministic=True, device=0, dfl=1.5, dis=6.0, distill_model=None, dnn=False, dropout=0.0, dynamic=False, embed=None, end2end=None, epochs=10, erasing=0.4, exist_ok=True, fliplr=0.5, flipud=0.0, format=torchscript, fraction=1.0, freeze=[0, 1, 2, 3, 4, 5, 6, 7, 8, 9, 10, 11, 12, 13, 14, 15, 16, 17, 18, 19, 20, 21, 22, 23, 24, 25, 26, 27, 28], hsv_h=0.015, hsv_s=0.7, hsv_v=0.4, imgsz=640, iou=0.7, keras=False, kobj=1.0, line_width=None, lr0=0.0001, lrf=1.0, mask_ratio=4, max_det=300, mixup=0.0, mode=train, model=rtdetr-l.yaml, momentum=0.9, mosaic=1.0, multi_scale=0.0, name=sqda-geometry-smgt-g2-seed0-10ep, nbs=64, nms=False, opset=None, optimize=False, optimizer=AdamW, overlap_mask=True, patience=100, perspective=0.0, plots=True, pose=12.0, pretrained=False, profile=False, project=/root/data/uav/runs/sqda-geometry-gate, quantize=None, rect=False, resume=False, retina_masks=False, rle=1.0, save=True, save_conf=False, save_crop=False, save_dir=/root/data/uav/runs/sqda-geometry-gate/sqda-geometry-smgt-g2-seed0-10ep, save_frames=False, save_json=False, save_period=1, save_txt=False, scale=0.5, seed=0, shear=0.0, show=False, show_boxes=True, show_conf=True, show_labels=True, simplify=True, single_cls=False, source=None, split=val, stream_buffer=False, task=detect, time=None, tracker=tracktrack.yaml, translate=0.1, val=True, verbose=True, vid_stride=1, visualize=False, warmup_bias_lr=0.0, warmup_epochs=0.5, warmup_momentum=0.8, weight_decay=0.0001, workers=8, workspace=None
Overriding model.yaml nc=80 with nc=10
WARNING ⚠️ no model scale passed. Assuming scale='l'.

                   from  n    params  module                                       arguments                     
  0                  -1  1     25248  ultralytics.nn.modules.block.HGStem          [3, 32, 48]                   
  1                  -1  6    155072  ultralytics.nn.modules.block.HGBlock         [48, 48, 128, 3, 6]           
  2                  -1  1      1408  ultralytics.nn.modules.conv.DWConv           [128, 128, 3, 2, 1, False]    
  3                  -1  6    839296  ultralytics.nn.modules.block.HGBlock         [128, 96, 512, 3, 6]          
  4                  -1  1      5632  ultralytics.nn.modules.conv.DWConv           [512, 512, 3, 2, 1, False]    
  5                  -1  6   1695360  ultralytics.nn.modules.block.HGBlock         [512, 192, 1024, 5, 6, True, False]
  6                  -1  6   2055808  ultralytics.nn.modules.block.HGBlock         [1024, 192, 1024, 5, 6, True, True]
  7                  -1  6   2055808  ultralytics.nn.modules.block.HGBlock         [1024, 192, 1024, 5, 6, True, True]
  8                  -1  1     11264  ultralytics.nn.modules.conv.DWConv           [1024, 1024, 3, 2, 1, False]  
  9                  -1  6   6708480  ultralytics.nn.modules.block.HGBlock         [1024, 384, 2048, 5, 6, True, False]
 10                  -1  1    524800  ultralytics.nn.modules.conv.Conv             [2048, 256, 1, 1, None, 1, 1, False]
 11                  -1  1    789760  ultralytics.nn.modules.transformer.AIFI      [256, 1024, 8]                
 12                  -1  1     66048  ultralytics.nn.modules.conv.Conv             [256, 256, 1, 1]              
 13                  -1  1         0  torch.nn.modules.upsampling.Upsample         [None, 2, 'nearest']          
 14                   7  1    262656  ultralytics.nn.modules.conv.Conv             [1024, 256, 1, 1, None, 1, 1, False]
 15            [-2, -1]  1         0  ultralytics.nn.modules.conv.Concat           [1]                           
 16                  -1  3   2232320  ultralytics.nn.modules.block.RepC3           [512, 256, 3]                 
 17                  -1  1     66048  ultralytics.nn.modules.conv.Conv             [256, 256, 1, 1]              
 18                  -1  1         0  torch.nn.modules.upsampling.Upsample         [None, 2, 'nearest']          
 19                   3  1    131584  ultralytics.nn.modules.conv.Conv             [512, 256, 1, 1, None, 1, 1, False]
 20            [-2, -1]  1         0  ultralytics.nn.modules.conv.Concat           [1]                           
 21                  -1  3   2232320  ultralytics.nn.modules.block.RepC3           [512, 256, 3]                 
 22                  -1  1    590336  ultralytics.nn.modules.conv.Conv             [256, 256, 3, 2]              
 23            [-1, 17]  1         0  ultralytics.nn.modules.conv.Concat           [1]                           
 24                  -1  3   2232320  ultralytics.nn.modules.block.RepC3           [512, 256, 3]                 
 25                  -1  1    590336  ultralytics.nn.modules.conv.Conv             [256, 256, 3, 2]              
 26            [-1, 12]  1         0  ultralytics.nn.modules.conv.Concat           [1]                           
 27                  -1  3   2232320  ultralytics.nn.modules.block.RepC3           [512, 256, 3]                 
 28        [21, 24, 27]  1   7322402  ultralytics.nn.modules.head.RTDETRDecoder    [10, [256, 256, 256]]         
rtdetr-l summary: 465 layers, 32,826,626 parameters, 32,826,626 gradients

Freezing layer 'model.0.stem1.conv.weight'
Freezing layer 'model.0.stem1.bn.weight'
Freezing layer 'model.0.stem1.bn.bias'
Freezing layer 'model.0.stem2a.conv.weight'
Freezing layer 'model.0.stem2a.bn.weight'
Freezing layer 'model.0.stem2a.bn.bias'
Freezing layer 'model.0.stem2b.conv.weight'
Freezing layer 'model.0.stem2b.bn.weight'
Freezing layer 'model.0.stem2b.bn.bias'
Freezing layer 'model.0.stem3.conv.weight'
Freezing layer 'model.0.stem3.bn.weight'
Freezing layer 'model.0.stem3.bn.bias'
Freezing layer 'model.0.stem4.conv.weight'
Freezing layer 'model.0.stem4.bn.weight'
Freezing layer 'model.0.stem4.bn.bias'
Freezing layer 'model.1.m.0.conv.weight'
Freezing layer 'model.1.m.0.bn.weight'
Freezing layer 'model.1.m.0.bn.bias'
Freezing layer 'model.1.m.1.conv.weight'
Freezing layer 'model.1.m.1.bn.weight'
Freezing layer 'model.1.m.1.bn.bias'
Freezing layer 'model.1.m.2.conv.weight'
Freezing layer 'model.1.m.2.bn.weight'
Freezing layer 'model.1.m.2.bn.bias'
Freezing layer 'model.1.m.3.conv.weight'
Freezing layer 'model.1.m.3.bn.weight'
Freezing layer 'model.1.m.3.bn.bias'
Freezing layer 'model.1.m.4.conv.weight'
Freezing layer 'model.1.m.4.bn.weight'
Freezing layer 'model.1.m.4.bn.bias'
Freezing layer 'model.1.m.5.conv.weight'
Freezing layer 'model.1.m.5.bn.weight'
Freezing layer 'model.1.m.5.bn.bias'
Freezing layer 'model.1.sc.conv.weight'
Freezing layer 'model.1.sc.bn.weight'
Freezing layer 'model.1.sc.bn.bias'
Freezing layer 'model.1.ec.conv.weight'
Freezing layer 'model.1.ec.bn.weight'
Freezing layer 'model.1.ec.bn.bias'
Freezing layer 'model.2.conv.weight'
Freezing layer 'model.2.bn.weight'
Freezing layer 'model.2.bn.bias'
Freezing layer 'model.3.m.0.conv.weight'
Freezing layer 'model.3.m.0.bn.weight'
Freezing layer 'model.3.m.0.bn.bias'
Freezing layer 'model.3.m.1.conv.weight'
Freezing layer 'model.3.m.1.bn.weight'
Freezing layer 'model.3.m.1.bn.bias'
Freezing layer 'model.3.m.2.conv.weight'
Freezing layer 'model.3.m.2.bn.weight'
Freezing layer 'model.3.m.2.bn.bias'
Freezing layer 'model.3.m.3.conv.weight'
Freezing layer 'model.3.m.3.bn.weight'
Freezing layer 'model.3.m.3.bn.bias'
Freezing layer 'model.3.m.4.conv.weight'
Freezing layer 'model.3.m.4.bn.weight'
Freezing layer 'model.3.m.4.bn.bias'
Freezing layer 'model.3.m.5.conv.weight'
Freezing layer 'model.3.m.5.bn.weight'
Freezing layer 'model.3.m.5.bn.bias'
Freezing layer 'model.3.sc.conv.weight'
Freezing layer 'model.3.sc.bn.weight'
Freezing layer 'model.3.sc.bn.bias'
Freezing layer 'model.3.ec.conv.weight'
Freezing layer 'model.3.ec.bn.weight'
Freezing layer 'model.3.ec.bn.bias'
Freezing layer 'model.4.conv.weight'
Freezing layer 'model.4.bn.weight'
Freezing layer 'model.4.bn.bias'
Freezing layer 'model.5.m.0.conv1.conv.weight'
Freezing layer 'model.5.m.0.conv1.bn.weight'
Freezing layer 'model.5.m.0.conv1.bn.bias'
Freezing layer 'model.5.m.0.conv2.conv.weight'
Freezing layer 'model.5.m.0.conv2.bn.weight'
Freezing layer 'model.5.m.0.conv2.bn.bias'
Freezing layer 'model.5.m.1.conv1.conv.weight'
Freezing layer 'model.5.m.1.conv1.bn.weight'
Freezing layer 'model.5.m.1.conv1.bn.bias'
Freezing layer 'model.5.m.1.conv2.conv.weight'
Freezing layer 'model.5.m.1.conv2.bn.weight'
Freezing layer 'model.5.m.1.conv2.bn.bias'
Freezing layer 'model.5.m.2.conv1.conv.weight'
Freezing layer 'model.5.m.2.conv1.bn.weight'
Freezing layer 'model.5.m.2.conv1.bn.bias'
Freezing layer 'model.5.m.2.conv2.conv.weight'
Freezing layer 'model.5.m.2.conv2.bn.weight'
Freezing layer 'model.5.m.2.conv2.bn.bias'
Freezing layer 'model.5.m.3.conv1.conv.weight'
Freezing layer 'model.5.m.3.conv1.bn.weight'
Freezing layer 'model.5.m.3.conv1.bn.bias'
Freezing layer 'model.5.m.3.conv2.conv.weight'
Freezing layer 'model.5.m.3.conv2.bn.weight'
Freezing layer 'model.5.m.3.conv2.bn.bias'
Freezing layer 'model.5.m.4.conv1.conv.weight'
Freezing layer 'model.5.m.4.conv1.bn.weight'
Freezing layer 'model.5.m.4.conv1.bn.bias'
Freezing layer 'model.5.m.4.conv2.conv.weight'
Freezing layer 'model.5.m.4.conv2.bn.weight'
Freezing layer 'model.5.m.4.conv2.bn.bias'
Freezing layer 'model.5.m.5.conv1.conv.weight'
Freezing layer 'model.5.m.5.conv1.bn.weight'
Freezing layer 'model.5.m.5.conv1.bn.bias'
Freezing layer 'model.5.m.5.conv2.conv.weight'
Freezing layer 'model.5.m.5.conv2.bn.weight'
Freezing layer 'model.5.m.5.conv2.bn.bias'
Freezing layer 'model.5.sc.conv.weight'
Freezing layer 'model.5.sc.bn.weight'
Freezing layer 'model.5.sc.bn.bias'
Freezing layer 'model.5.ec.conv.weight'
Freezing layer 'model.5.ec.bn.weight'
Freezing layer 'model.5.ec.bn.bias'
Freezing layer 'model.6.m.0.conv1.conv.weight'
Freezing layer 'model.6.m.0.conv1.bn.weight'
Freezing layer 'model.6.m.0.conv1.bn.bias'
Freezing layer 'model.6.m.0.conv2.conv.weight'
Freezing layer 'model.6.m.0.conv2.bn.weight'
Freezing layer 'model.6.m.0.conv2.bn.bias'
Freezing layer 'model.6.m.1.conv1.conv.weight'
Freezing layer 'model.6.m.1.conv1.bn.weight'
Freezing layer 'model.6.m.1.conv1.bn.bias'
Freezing layer 'model.6.m.1.conv2.conv.weight'
Freezing layer 'model.6.m.1.conv2.bn.weight'
Freezing layer 'model.6.m.1.conv2.bn.bias'
Freezing layer 'model.6.m.2.conv1.conv.weight'
Freezing layer 'model.6.m.2.conv1.bn.weight'
Freezing layer 'model.6.m.2.conv1.bn.bias'
Freezing layer 'model.6.m.2.conv2.conv.weight'
Freezing layer 'model.6.m.2.conv2.bn.weight'
Freezing layer 'model.6.m.2.conv2.bn.bias'
Freezing layer 'model.6.m.3.conv1.conv.weight'
Freezing layer 'model.6.m.3.conv1.bn.weight'
Freezing layer 'model.6.m.3.conv1.bn.bias'
Freezing layer 'model.6.m.3.conv2.conv.weight'
Freezing layer 'model.6.m.3.conv2.bn.weight'
Freezing layer 'model.6.m.3.conv2.bn.bias'
Freezing layer 'model.6.m.4.conv1.conv.weight'
Freezing layer 'model.6.m.4.conv1.bn.weight'
Freezing layer 'model.6.m.4.conv1.bn.bias'
Freezing layer 'model.6.m.4.conv2.conv.weight'
Freezing layer 'model.6.m.4.conv2.bn.weight'
Freezing layer 'model.6.m.4.conv2.bn.bias'
Freezing layer 'model.6.m.5.conv1.conv.weight'
Freezing layer 'model.6.m.5.conv1.bn.weight'
Freezing layer 'model.6.m.5.conv1.bn.bias'
Freezing layer 'model.6.m.5.conv2.conv.weight'
Freezing layer 'model.6.m.5.conv2.bn.weight'
Freezing layer 'model.6.m.5.conv2.bn.bias'
Freezing layer 'model.6.sc.conv.weight'
Freezing layer 'model.6.sc.bn.weight'
Freezing layer 'model.6.sc.bn.bias'
Freezing layer 'model.6.ec.conv.weight'
Freezing layer 'model.6.ec.bn.weight'
Freezing layer 'model.6.ec.bn.bias'
Freezing layer 'model.7.m.0.conv1.conv.weight'
Freezing layer 'model.7.m.0.conv1.bn.weight'
Freezing layer 'model.7.m.0.conv1.bn.bias'
Freezing layer 'model.7.m.0.conv2.conv.weight'
Freezing layer 'model.7.m.0.conv2.bn.weight'
Freezing layer 'model.7.m.0.conv2.bn.bias'
Freezing layer 'model.7.m.1.conv1.conv.weight'
Freezing layer 'model.7.m.1.conv1.bn.weight'
Freezing layer 'model.7.m.1.conv1.bn.bias'
Freezing layer 'model.7.m.1.conv2.conv.weight'
Freezing layer 'model.7.m.1.conv2.bn.weight'
Freezing layer 'model.7.m.1.conv2.bn.bias'
Freezing layer 'model.7.m.2.conv1.conv.weight'
Freezing layer 'model.7.m.2.conv1.bn.weight'
Freezing layer 'model.7.m.2.conv1.bn.bias'
Freezing layer 'model.7.m.2.conv2.conv.weight'
Freezing layer 'model.7.m.2.conv2.bn.weight'
Freezing layer 'model.7.m.2.conv2.bn.bias'
Freezing layer 'model.7.m.3.conv1.conv.weight'
Freezing layer 'model.7.m.3.conv1.bn.weight'
Freezing layer 'model.7.m.3.conv1.bn.bias'
Freezing layer 'model.7.m.3.conv2.conv.weight'
Freezing layer 'model.7.m.3.conv2.bn.weight'
Freezing layer 'model.7.m.3.conv2.bn.bias'
Freezing layer 'model.7.m.4.conv1.conv.weight'
Freezing layer 'model.7.m.4.conv1.bn.weight'
Freezing layer 'model.7.m.4.conv1.bn.bias'
Freezing layer 'model.7.m.4.conv2.conv.weight'
Freezing layer 'model.7.m.4.conv2.bn.weight'
Freezing layer 'model.7.m.4.conv2.bn.bias'
Freezing layer 'model.7.m.5.conv1.conv.weight'
Freezing layer 'model.7.m.5.conv1.bn.weight'
Freezing layer 'model.7.m.5.conv1.bn.bias'
Freezing layer 'model.7.m.5.conv2.conv.weight'
Freezing layer 'model.7.m.5.conv2.bn.weight'
Freezing layer 'model.7.m.5.conv2.bn.bias'
Freezing layer 'model.7.sc.conv.weight'
Freezing layer 'model.7.sc.bn.weight'
Freezing layer 'model.7.sc.bn.bias'
Freezing layer 'model.7.ec.conv.weight'
Freezing layer 'model.7.ec.bn.weight'
Freezing layer 'model.7.ec.bn.bias'
Freezing layer 'model.8.conv.weight'
Freezing layer 'model.8.bn.weight'
Freezing layer 'model.8.bn.bias'
Freezing layer 'model.9.m.0.conv1.conv.weight'
Freezing layer 'model.9.m.0.conv1.bn.weight'
Freezing layer 'model.9.m.0.conv1.bn.bias'
Freezing layer 'model.9.m.0.conv2.conv.weight'
Freezing layer 'model.9.m.0.conv2.bn.weight'
Freezing layer 'model.9.m.0.conv2.bn.bias'
Freezing layer 'model.9.m.1.conv1.conv.weight'
Freezing layer 'model.9.m.1.conv1.bn.weight'
Freezing layer 'model.9.m.1.conv1.bn.bias'
Freezing layer 'model.9.m.1.conv2.conv.weight'
Freezing layer 'model.9.m.1.conv2.bn.weight'
Freezing layer 'model.9.m.1.conv2.bn.bias'
Freezing layer 'model.9.m.2.conv1.conv.weight'
Freezing layer 'model.9.m.2.conv1.bn.weight'
Freezing layer 'model.9.m.2.conv1.bn.bias'
Freezing layer 'model.9.m.2.conv2.conv.weight'
Freezing layer 'model.9.m.2.conv2.bn.weight'
Freezing layer 'model.9.m.2.conv2.bn.bias'
Freezing layer 'model.9.m.3.conv1.conv.weight'
Freezing layer 'model.9.m.3.conv1.bn.weight'
Freezing layer 'model.9.m.3.conv1.bn.bias'
Freezing layer 'model.9.m.3.conv2.conv.weight'
Freezing layer 'model.9.m.3.conv2.bn.weight'
Freezing layer 'model.9.m.3.conv2.bn.bias'
Freezing layer 'model.9.m.4.conv1.conv.weight'
Freezing layer 'model.9.m.4.conv1.bn.weight'
Freezing layer 'model.9.m.4.conv1.bn.bias'
Freezing layer 'model.9.m.4.conv2.conv.weight'
Freezing layer 'model.9.m.4.conv2.bn.weight'
Freezing layer 'model.9.m.4.conv2.bn.bias'
Freezing layer 'model.9.m.5.conv1.conv.weight'
Freezing layer 'model.9.m.5.conv1.bn.weight'
Freezing layer 'model.9.m.5.conv1.bn.bias'
Freezing layer 'model.9.m.5.conv2.conv.weight'
Freezing layer 'model.9.m.5.conv2.bn.weight'
Freezing layer 'model.9.m.5.conv2.bn.bias'
Freezing layer 'model.9.sc.conv.weight'
Freezing layer 'model.9.sc.bn.weight'
Freezing layer 'model.9.sc.bn.bias'
Freezing layer 'model.9.ec.conv.weight'
Freezing layer 'model.9.ec.bn.weight'
Freezing layer 'model.9.ec.bn.bias'
Freezing layer 'model.10.conv.weight'
Freezing layer 'model.10.bn.weight'
Freezing layer 'model.10.bn.bias'
Freezing layer 'model.11.ma.in_proj_weight'
Freezing layer 'model.11.ma.in_proj_bias'
Freezing layer 'model.11.ma.out_proj.weight'
Freezing layer 'model.11.ma.out_proj.bias'
Freezing layer 'model.11.fc1.weight'
Freezing layer 'model.11.fc1.bias'
Freezing layer 'model.11.fc2.weight'
Freezing layer 'model.11.fc2.bias'
Freezing layer 'model.11.norm1.weight'
Freezing layer 'model.11.norm1.bias'
Freezing layer 'model.11.norm2.weight'
Freezing layer 'model.11.norm2.bias'
Freezing layer 'model.12.conv.weight'
Freezing layer 'model.12.bn.weight'
Freezing layer 'model.12.bn.bias'
Freezing layer 'model.14.conv.weight'
Freezing layer 'model.14.bn.weight'
Freezing layer 'model.14.bn.bias'
Freezing layer 'model.16.cv1.conv.weight'
Freezing layer 'model.16.cv1.bn.weight'
Freezing layer 'model.16.cv1.bn.bias'
Freezing layer 'model.16.cv2.conv.weight'
Freezing layer 'model.16.cv2.bn.weight'
Freezing layer 'model.16.cv2.bn.bias'
Freezing layer 'model.16.m.0.conv1.conv.weight'
Freezing layer 'model.16.m.0.conv1.bn.weight'
Freezing layer 'model.16.m.0.conv1.bn.bias'
Freezing layer 'model.16.m.0.conv2.conv.weight'
Freezing layer 'model.16.m.0.conv2.bn.weight'
Freezing layer 'model.16.m.0.conv2.bn.bias'
Freezing layer 'model.16.m.1.conv1.conv.weight'
Freezing layer 'model.16.m.1.conv1.bn.weight'
Freezing layer 'model.16.m.1.conv1.bn.bias'
Freezing layer 'model.16.m.1.conv2.conv.weight'
Freezing layer 'model.16.m.1.conv2.bn.weight'
Freezing layer 'model.16.m.1.conv2.bn.bias'
Freezing layer 'model.16.m.2.conv1.conv.weight'
Freezing layer 'model.16.m.2.conv1.bn.weight'
Freezing layer 'model.16.m.2.conv1.bn.bias'
Freezing layer 'model.16.m.2.conv2.conv.weight'
Freezing layer 'model.16.m.2.conv2.bn.weight'
Freezing layer 'model.16.m.2.conv2.bn.bias'
Freezing layer 'model.17.conv.weight'
Freezing layer 'model.17.bn.weight'
Freezing layer 'model.17.bn.bias'
Freezing layer 'model.19.conv.weight'
Freezing layer 'model.19.bn.weight'
Freezing layer 'model.19.bn.bias'
Freezing layer 'model.21.cv1.conv.weight'
Freezing layer 'model.21.cv1.bn.weight'
Freezing layer 'model.21.cv1.bn.bias'
Freezing layer 'model.21.cv2.conv.weight'
Freezing layer 'model.21.cv2.bn.weight'
Freezing layer 'model.21.cv2.bn.bias'
Freezing layer 'model.21.m.0.conv1.conv.weight'
Freezing layer 'model.21.m.0.conv1.bn.weight'
Freezing layer 'model.21.m.0.conv1.bn.bias'
Freezing layer 'model.21.m.0.conv2.conv.weight'
Freezing layer 'model.21.m.0.conv2.bn.weight'
Freezing layer 'model.21.m.0.conv2.bn.bias'
Freezing layer 'model.21.m.1.conv1.conv.weight'
Freezing layer 'model.21.m.1.conv1.bn.weight'
Freezing layer 'model.21.m.1.conv1.bn.bias'
Freezing layer 'model.21.m.1.conv2.conv.weight'
Freezing layer 'model.21.m.1.conv2.bn.weight'
Freezing layer 'model.21.m.1.conv2.bn.bias'
Freezing layer 'model.21.m.2.conv1.conv.weight'
Freezing layer 'model.21.m.2.conv1.bn.weight'
Freezing layer 'model.21.m.2.conv1.bn.bias'
Freezing layer 'model.21.m.2.conv2.conv.weight'
Freezing layer 'model.21.m.2.conv2.bn.weight'
Freezing layer 'model.21.m.2.conv2.bn.bias'
Freezing layer 'model.22.conv.weight'
Freezing layer 'model.22.bn.weight'
Freezing layer 'model.22.bn.bias'
Freezing layer 'model.24.cv1.conv.weight'
Freezing layer 'model.24.cv1.bn.weight'
Freezing layer 'model.24.cv1.bn.bias'
Freezing layer 'model.24.cv2.conv.weight'
Freezing layer 'model.24.cv2.bn.weight'
Freezing layer 'model.24.cv2.bn.bias'
Freezing layer 'model.24.m.0.conv1.conv.weight'
Freezing layer 'model.24.m.0.conv1.bn.weight'
Freezing layer 'model.24.m.0.conv1.bn.bias'
Freezing layer 'model.24.m.0.conv2.conv.weight'
Freezing layer 'model.24.m.0.conv2.bn.weight'
Freezing layer 'model.24.m.0.conv2.bn.bias'
Freezing layer 'model.24.m.1.conv1.conv.weight'
Freezing layer 'model.24.m.1.conv1.bn.weight'
Freezing layer 'model.24.m.1.conv1.bn.bias'
Freezing layer 'model.24.m.1.conv2.conv.weight'
Freezing layer 'model.24.m.1.conv2.bn.weight'
Freezing layer 'model.24.m.1.conv2.bn.bias'
Freezing layer 'model.24.m.2.conv1.conv.weight'
Freezing layer 'model.24.m.2.conv1.bn.weight'
Freezing layer 'model.24.m.2.conv1.bn.bias'
Freezing layer 'model.24.m.2.conv2.conv.weight'
Freezing layer 'model.24.m.2.conv2.bn.weight'
Freezing layer 'model.24.m.2.conv2.bn.bias'
Freezing layer 'model.25.conv.weight'
Freezing layer 'model.25.bn.weight'
Freezing layer 'model.25.bn.bias'
Freezing layer 'model.27.cv1.conv.weight'
Freezing layer 'model.27.cv1.bn.weight'
Freezing layer 'model.27.cv1.bn.bias'
Freezing layer 'model.27.cv2.conv.weight'
Freezing layer 'model.27.cv2.bn.weight'
Freezing layer 'model.27.cv2.bn.bias'
Freezing layer 'model.27.m.0.conv1.conv.weight'
Freezing layer 'model.27.m.0.conv1.bn.weight'
Freezing layer 'model.27.m.0.conv1.bn.bias'
Freezing layer 'model.27.m.0.conv2.conv.weight'
Freezing layer 'model.27.m.0.conv2.bn.weight'
Freezing layer 'model.27.m.0.conv2.bn.bias'
Freezing layer 'model.27.m.1.conv1.conv.weight'
Freezing layer 'model.27.m.1.conv1.bn.weight'
Freezing layer 'model.27.m.1.conv1.bn.bias'
Freezing layer 'model.27.m.1.conv2.conv.weight'
Freezing layer 'model.27.m.1.conv2.bn.weight'
Freezing layer 'model.27.m.1.conv2.bn.bias'
Freezing layer 'model.27.m.2.conv1.conv.weight'
Freezing layer 'model.27.m.2.conv1.bn.weight'
Freezing layer 'model.27.m.2.conv1.bn.bias'
Freezing layer 'model.27.m.2.conv2.conv.weight'
Freezing layer 'model.27.m.2.conv2.bn.weight'
Freezing layer 'model.27.m.2.conv2.bn.bias'
Freezing layer 'model.28.input_proj.0.0.weight'
Freezing layer 'model.28.input_proj.0.1.weight'
Freezing layer 'model.28.input_proj.0.1.bias'
Freezing layer 'model.28.input_proj.1.0.weight'
Freezing layer 'model.28.input_proj.1.1.weight'
Freezing layer 'model.28.input_proj.1.1.bias'
Freezing layer 'model.28.input_proj.2.0.weight'
Freezing layer 'model.28.input_proj.2.1.weight'
Freezing layer 'model.28.input_proj.2.1.bias'
Freezing layer 'model.28.decoder.layers.0.self_attn.in_proj_weight'
Freezing layer 'model.28.decoder.layers.0.self_attn.in_proj_bias'
Freezing layer 'model.28.decoder.layers.0.self_attn.out_proj.weight'
Freezing layer 'model.28.decoder.layers.0.self_attn.out_proj.bias'
Freezing layer 'model.28.decoder.layers.0.norm1.weight'
Freezing layer 'model.28.decoder.layers.0.norm1.bias'
Freezing layer 'model.28.decoder.layers.0.cross_attn.sampling_offsets.weight'
Freezing layer 'model.28.decoder.layers.0.cross_attn.sampling_offsets.bias'
Freezing layer 'model.28.decoder.layers.0.cross_attn.attention_weights.weight'
Freezing layer 'model.28.decoder.layers.0.cross_attn.attention_weights.bias'
Freezing layer 'model.28.decoder.layers.0.cross_attn.value_proj.weight'
Freezing layer 'model.28.decoder.layers.0.cross_attn.value_proj.bias'
Freezing layer 'model.28.decoder.layers.0.cross_attn.output_proj.weight'
Freezing layer 'model.28.decoder.layers.0.cross_attn.output_proj.bias'
Freezing layer 'model.28.decoder.layers.0.norm2.weight'
Freezing layer 'model.28.decoder.layers.0.norm2.bias'
Freezing layer 'model.28.decoder.layers.0.linear1.weight'
Freezing layer 'model.28.decoder.layers.0.linear1.bias'
Freezing layer 'model.28.decoder.layers.0.linear2.weight'
Freezing layer 'model.28.decoder.layers.0.linear2.bias'
Freezing layer 'model.28.decoder.layers.0.norm3.weight'
Freezing layer 'model.28.decoder.layers.0.norm3.bias'
Freezing layer 'model.28.decoder.layers.1.self_attn.in_proj_weight'
Freezing layer 'model.28.decoder.layers.1.self_attn.in_proj_bias'
Freezing layer 'model.28.decoder.layers.1.self_attn.out_proj.weight'
Freezing layer 'model.28.decoder.layers.1.self_attn.out_proj.bias'
Freezing layer 'model.28.decoder.layers.1.norm1.weight'
Freezing layer 'model.28.decoder.layers.1.norm1.bias'
Freezing layer 'model.28.decoder.layers.1.cross_attn.sampling_offsets.weight'
Freezing layer 'model.28.decoder.layers.1.cross_attn.sampling_offsets.bias'
Freezing layer 'model.28.decoder.layers.1.cross_attn.attention_weights.weight'
Freezing layer 'model.28.decoder.layers.1.cross_attn.attention_weights.bias'
Freezing layer 'model.28.decoder.layers.1.cross_attn.value_proj.weight'
Freezing layer 'model.28.decoder.layers.1.cross_attn.value_proj.bias'
Freezing layer 'model.28.decoder.layers.1.cross_attn.output_proj.weight'
Freezing layer 'model.28.decoder.layers.1.cross_attn.output_proj.bias'
Freezing layer 'model.28.decoder.layers.1.norm2.weight'
Freezing layer 'model.28.decoder.layers.1.norm2.bias'
Freezing layer 'model.28.decoder.layers.1.linear1.weight'
Freezing layer 'model.28.decoder.layers.1.linear1.bias'
Freezing layer 'model.28.decoder.layers.1.linear2.weight'
Freezing layer 'model.28.decoder.layers.1.linear2.bias'
Freezing layer 'model.28.decoder.layers.1.norm3.weight'
Freezing layer 'model.28.decoder.layers.1.norm3.bias'
Freezing layer 'model.28.decoder.layers.2.self_attn.in_proj_weight'
Freezing layer 'model.28.decoder.layers.2.self_attn.in_proj_bias'
Freezing layer 'model.28.decoder.layers.2.self_attn.out_proj.weight'
Freezing layer 'model.28.decoder.layers.2.self_attn.out_proj.bias'
Freezing layer 'model.28.decoder.layers.2.norm1.weight'
Freezing layer 'model.28.decoder.layers.2.norm1.bias'
Freezing layer 'model.28.decoder.layers.2.cross_attn.sampling_offsets.weight'
Freezing layer 'model.28.decoder.layers.2.cross_attn.sampling_offsets.bias'
Freezing layer 'model.28.decoder.layers.2.cross_attn.attention_weights.weight'
Freezing layer 'model.28.decoder.layers.2.cross_attn.attention_weights.bias'
Freezing layer 'model.28.decoder.layers.2.cross_attn.value_proj.weight'
Freezing layer 'model.28.decoder.layers.2.cross_attn.value_proj.bias'
Freezing layer 'model.28.decoder.layers.2.cross_attn.output_proj.weight'
Freezing layer 'model.28.decoder.layers.2.cross_attn.output_proj.bias'
Freezing layer 'model.28.decoder.layers.2.norm2.weight'
Freezing layer 'model.28.decoder.layers.2.norm2.bias'
Freezing layer 'model.28.decoder.layers.2.linear1.weight'
Freezing layer 'model.28.decoder.layers.2.linear1.bias'
Freezing layer 'model.28.decoder.layers.2.linear2.weight'
Freezing layer 'model.28.decoder.layers.2.linear2.bias'
Freezing layer 'model.28.decoder.layers.2.norm3.weight'
Freezing layer 'model.28.decoder.layers.2.norm3.bias'
Freezing layer 'model.28.decoder.layers.3.self_attn.in_proj_weight'
Freezing layer 'model.28.decoder.layers.3.self_attn.in_proj_bias'
Freezing layer 'model.28.decoder.layers.3.self_attn.out_proj.weight'
Freezing layer 'model.28.decoder.layers.3.self_attn.out_proj.bias'
Freezing layer 'model.28.decoder.layers.3.norm1.weight'
Freezing layer 'model.28.decoder.layers.3.norm1.bias'
Freezing layer 'model.28.decoder.layers.3.cross_attn.sampling_offsets.weight'
Freezing layer 'model.28.decoder.layers.3.cross_attn.sampling_offsets.bias'
Freezing layer 'model.28.decoder.layers.3.cross_attn.attention_weights.weight'
Freezing layer 'model.28.decoder.layers.3.cross_attn.attention_weights.bias'
Freezing layer 'model.28.decoder.layers.3.cross_attn.value_proj.weight'
Freezing layer 'model.28.decoder.layers.3.cross_attn.value_proj.bias'
Freezing layer 'model.28.decoder.layers.3.cross_attn.output_proj.weight'
Freezing layer 'model.28.decoder.layers.3.cross_attn.output_proj.bias'
Freezing layer 'model.28.decoder.layers.3.norm2.weight'
Freezing layer 'model.28.decoder.layers.3.norm2.bias'
Freezing layer 'model.28.decoder.layers.3.linear1.weight'
Freezing layer 'model.28.decoder.layers.3.linear1.bias'
Freezing layer 'model.28.decoder.layers.3.linear2.weight'
Freezing layer 'model.28.decoder.layers.3.linear2.bias'
Freezing layer 'model.28.decoder.layers.3.norm3.weight'
Freezing layer 'model.28.decoder.layers.3.norm3.bias'
Freezing layer 'model.28.decoder.layers.4.self_attn.in_proj_weight'
Freezing layer 'model.28.decoder.layers.4.self_attn.in_proj_bias'
Freezing layer 'model.28.decoder.layers.4.self_attn.out_proj.weight'
Freezing layer 'model.28.decoder.layers.4.self_attn.out_proj.bias'
Freezing layer 'model.28.decoder.layers.4.norm1.weight'
Freezing layer 'model.28.decoder.layers.4.norm1.bias'
Freezing layer 'model.28.decoder.layers.4.cross_attn.sampling_offsets.weight'
Freezing layer 'model.28.decoder.layers.4.cross_attn.sampling_offsets.bias'
Freezing layer 'model.28.decoder.layers.4.cross_attn.attention_weights.weight'
Freezing layer 'model.28.decoder.layers.4.cross_attn.attention_weights.bias'
Freezing layer 'model.28.decoder.layers.4.cross_attn.value_proj.weight'
Freezing layer 'model.28.decoder.layers.4.cross_attn.value_proj.bias'
Freezing layer 'model.28.decoder.layers.4.cross_attn.output_proj.weight'
Freezing layer 'model.28.decoder.layers.4.cross_attn.output_proj.bias'
Freezing layer 'model.28.decoder.layers.4.norm2.weight'
Freezing layer 'model.28.decoder.layers.4.norm2.bias'
Freezing layer 'model.28.decoder.layers.4.linear1.weight'
Freezing layer 'model.28.decoder.layers.4.linear1.bias'
Freezing layer 'model.28.decoder.layers.4.linear2.weight'
Freezing layer 'model.28.decoder.layers.4.linear2.bias'
Freezing layer 'model.28.decoder.layers.4.norm3.weight'
Freezing layer 'model.28.decoder.layers.4.norm3.bias'
Freezing layer 'model.28.decoder.layers.5.self_attn.in_proj_weight'
Freezing layer 'model.28.decoder.layers.5.self_attn.in_proj_bias'
Freezing layer 'model.28.decoder.layers.5.self_attn.out_proj.weight'
Freezing layer 'model.28.decoder.layers.5.self_attn.out_proj.bias'
Freezing layer 'model.28.decoder.layers.5.norm1.weight'
Freezing layer 'model.28.decoder.layers.5.norm1.bias'
Freezing layer 'model.28.decoder.layers.5.cross_attn.sampling_offsets.weight'
Freezing layer 'model.28.decoder.layers.5.cross_attn.sampling_offsets.bias'
Freezing layer 'model.28.decoder.layers.5.cross_attn.attention_weights.weight'
Freezing layer 'model.28.decoder.layers.5.cross_attn.attention_weights.bias'
Freezing layer 'model.28.decoder.layers.5.cross_attn.value_proj.weight'
Freezing layer 'model.28.decoder.layers.5.cross_attn.value_proj.bias'
Freezing layer 'model.28.decoder.layers.5.cross_attn.output_proj.weight'
Freezing layer 'model.28.decoder.layers.5.cross_attn.output_proj.bias'
Freezing layer 'model.28.decoder.layers.5.norm2.weight'
Freezing layer 'model.28.decoder.layers.5.norm2.bias'
Freezing layer 'model.28.decoder.layers.5.linear1.weight'
Freezing layer 'model.28.decoder.layers.5.linear1.bias'
Freezing layer 'model.28.decoder.layers.5.linear2.weight'
Freezing layer 'model.28.decoder.layers.5.linear2.bias'
Freezing layer 'model.28.decoder.layers.5.norm3.weight'
Freezing layer 'model.28.decoder.layers.5.norm3.bias'
Freezing layer 'model.28.denoising_class_embed.weight'
Freezing layer 'model.28.query_pos_head.layers.0.weight'
Freezing layer 'model.28.query_pos_head.layers.0.bias'
Freezing layer 'model.28.query_pos_head.layers.1.weight'
Freezing layer 'model.28.query_pos_head.layers.1.bias'
Freezing layer 'model.28.enc_output.0.weight'
Freezing layer 'model.28.enc_output.0.bias'
Freezing layer 'model.28.enc_output.1.weight'
Freezing layer 'model.28.enc_output.1.bias'
Freezing layer 'model.28.enc_score_head.weight'
Freezing layer 'model.28.enc_score_head.bias'
Freezing layer 'model.28.enc_bbox_head.layers.0.weight'
Freezing layer 'model.28.enc_bbox_head.layers.0.bias'
Freezing layer 'model.28.enc_bbox_head.layers.1.weight'
Freezing layer 'model.28.enc_bbox_head.layers.1.bias'
Freezing layer 'model.28.enc_bbox_head.layers.2.weight'
Freezing layer 'model.28.enc_bbox_head.layers.2.bias'
Freezing layer 'model.28.dec_score_head.0.weight'
Freezing layer 'model.28.dec_score_head.0.bias'
Freezing layer 'model.28.dec_score_head.1.weight'
Freezing layer 'model.28.dec_score_head.1.bias'
Freezing layer 'model.28.dec_score_head.2.weight'
Freezing layer 'model.28.dec_score_head.2.bias'
Freezing layer 'model.28.dec_score_head.3.weight'
Freezing layer 'model.28.dec_score_head.3.bias'
Freezing layer 'model.28.dec_score_head.4.weight'
Freezing layer 'model.28.dec_score_head.4.bias'
Freezing layer 'model.28.dec_score_head.5.weight'
Freezing layer 'model.28.dec_score_head.5.bias'
Freezing layer 'model.28.dec_bbox_head.0.layers.0.weight'
Freezing layer 'model.28.dec_bbox_head.0.layers.0.bias'
Freezing layer 'model.28.dec_bbox_head.0.layers.1.weight'
Freezing layer 'model.28.dec_bbox_head.0.layers.1.bias'
Freezing layer 'model.28.dec_bbox_head.0.layers.2.weight'
Freezing layer 'model.28.dec_bbox_head.0.layers.2.bias'
Freezing layer 'model.28.dec_bbox_head.1.layers.0.weight'
Freezing layer 'model.28.dec_bbox_head.1.layers.0.bias'
Freezing layer 'model.28.dec_bbox_head.1.layers.1.weight'
Freezing layer 'model.28.dec_bbox_head.1.layers.1.bias'
Freezing layer 'model.28.dec_bbox_head.1.layers.2.weight'
Freezing layer 'model.28.dec_bbox_head.1.layers.2.bias'
Freezing layer 'model.28.dec_bbox_head.2.layers.0.weight'
Freezing layer 'model.28.dec_bbox_head.2.layers.0.bias'
Freezing layer 'model.28.dec_bbox_head.2.layers.1.weight'
Freezing layer 'model.28.dec_bbox_head.2.layers.1.bias'
Freezing layer 'model.28.dec_bbox_head.2.layers.2.weight'
Freezing layer 'model.28.dec_bbox_head.2.layers.2.bias'
Freezing layer 'model.28.dec_bbox_head.3.layers.0.weight'
Freezing layer 'model.28.dec_bbox_head.3.layers.0.bias'
Freezing layer 'model.28.dec_bbox_head.3.layers.1.weight'
Freezing layer 'model.28.dec_bbox_head.3.layers.1.bias'
Freezing layer 'model.28.dec_bbox_head.3.layers.2.weight'
Freezing layer 'model.28.dec_bbox_head.3.layers.2.bias'
Freezing layer 'model.28.dec_bbox_head.4.layers.0.weight'
Freezing layer 'model.28.dec_bbox_head.4.layers.0.bias'
Freezing layer 'model.28.dec_bbox_head.4.layers.1.weight'
Freezing layer 'model.28.dec_bbox_head.4.layers.1.bias'
Freezing layer 'model.28.dec_bbox_head.4.layers.2.weight'
Freezing layer 'model.28.dec_bbox_head.4.layers.2.bias'
Freezing layer 'model.28.dec_bbox_head.5.layers.0.weight'
Freezing layer 'model.28.dec_bbox_head.5.layers.0.bias'
Freezing layer 'model.28.dec_bbox_head.5.layers.1.weight'
Freezing layer 'model.28.dec_bbox_head.5.layers.1.bias'
Freezing layer 'model.28.dec_bbox_head.5.layers.2.weight'
Freezing layer 'model.28.dec_bbox_head.5.layers.2.bias'
WARNING ⚠️ setting 'requires_grad=True' for frozen layer 'sqda_sgc.role_scale'. See ultralytics.engine.trainer for customization of frozen layers.
WARNING ⚠️ setting 'requires_grad=True' for frozen layer 'sqda_sgc.role_bias'. See ultralytics.engine.trainer for customization of frozen layers.
WARNING ⚠️ setting 'requires_grad=True' for frozen layer 'sqda_sgc.context_logit'. See ultralytics.engine.trainer for customization of frozen layers.
WARNING ⚠️ setting 'requires_grad=True' for frozen layer 'sqda_sgc.layer_scale_logit'. See ultralytics.engine.trainer for customization of frozen layers.
WARNING ⚠️ setting 'requires_grad=True' for frozen layer 'sqda_sgc.query_geometry.0.weight'. See ultralytics.engine.trainer for customization of frozen layers.
WARNING ⚠️ setting 'requires_grad=True' for frozen layer 'sqda_sgc.query_geometry.0.bias'. See ultralytics.engine.trainer for customization of frozen layers.
WARNING ⚠️ setting 'requires_grad=True' for frozen layer 'sqda_sgc.query_geometry.1.weight'. See ultralytics.engine.trainer for customization of frozen layers.
WARNING ⚠️ setting 'requires_grad=True' for frozen layer 'sqda_sgc.query_geometry.1.bias'. See ultralytics.engine.trainer for customization of frozen layers.
WARNING ⚠️ setting 'requires_grad=True' for frozen layer 'sqda_sgc.query_geometry.3.weight'. See ultralytics.engine.trainer for customization of frozen layers.
WARNING ⚠️ setting 'requires_grad=True' for frozen layer 'sqda_sgc.query_geometry.3.bias'. See ultralytics.engine.trainer for customization of frozen layers.
WARNING ⚠️ setting 'requires_grad=True' for frozen layer 'sqda_sgc.box_geometry.0.weight'. See ultralytics.engine.trainer for customization of frozen layers.
WARNING ⚠️ setting 'requires_grad=True' for frozen layer 'sqda_sgc.box_geometry.0.bias'. See ultralytics.engine.trainer for customization of frozen layers.
WARNING ⚠️ setting 'requires_grad=True' for frozen layer 'sqda_sgc.box_geometry.2.weight'. See ultralytics.engine.trainer for customization of frozen layers.
WARNING ⚠️ setting 'requires_grad=True' for frozen layer 'sqda_sgc.box_geometry.2.bias'. See ultralytics.engine.trainer for customization of frozen layers.
WARNING ⚠️ setting 'requires_grad=True' for frozen layer 'sqda_sgc.shared_role_projection.weight'. See ultralytics.engine.trainer for customization of frozen layers.
WARNING ⚠️ setting 'requires_grad=True' for frozen layer 'sqda_sgc.shared_role_projection.bias'. See ultralytics.engine.trainer for customization of frozen layers.
WARNING ⚠️ setting 'requires_grad=True' for frozen layer 'sqda_sgc.role_norm.weight'. See ultralytics.engine.trainer for customization of frozen layers.
WARNING ⚠️ setting 'requires_grad=True' for frozen layer 'sqda_sgc.role_norm.bias'. See ultralytics.engine.trainer for customization of frozen layers.
WARNING ⚠️ setting 'requires_grad=True' for frozen layer 'sqda_sgc.point_offset_heads.0.weight'. See ultralytics.engine.trainer for customization of frozen layers.
WARNING ⚠️ setting 'requires_grad=True' for frozen layer 'sqda_sgc.point_offset_heads.0.bias'. See ultralytics.engine.trainer for customization of frozen layers.
WARNING ⚠️ setting 'requires_grad=True' for frozen layer 'sqda_sgc.point_offset_heads.1.weight'. See ultralytics.engine.trainer for customization of frozen layers.
WARNING ⚠️ setting 'requires_grad=True' for frozen layer 'sqda_sgc.point_offset_heads.1.bias'. See ultralytics.engine.trainer for customization of frozen layers.
WARNING ⚠️ setting 'requires_grad=True' for frozen layer 'sqda_sgc.point_offset_heads.2.weight'. See ultralytics.engine.trainer for customization of frozen layers.
WARNING ⚠️ setting 'requires_grad=True' for frozen layer 'sqda_sgc.point_offset_heads.2.bias'. See ultralytics.engine.trainer for customization of frozen layers.
WARNING ⚠️ setting 'requires_grad=True' for frozen layer 'sqda_sgc.point_offset_heads.3.weight'. See ultralytics.engine.trainer for customization of frozen layers.
WARNING ⚠️ setting 'requires_grad=True' for frozen layer 'sqda_sgc.point_offset_heads.3.bias'. See ultralytics.engine.trainer for customization of frozen layers.
WARNING ⚠️ setting 'requires_grad=True' for frozen layer 'sqda_sgc.point_offset_heads.4.weight'. See ultralytics.engine.trainer for customization of frozen layers.
WARNING ⚠️ setting 'requires_grad=True' for frozen layer 'sqda_sgc.point_offset_heads.4.bias'. See ultralytics.engine.trainer for customization of frozen layers.
WARNING ⚠️ setting 'requires_grad=True' for frozen layer 'sqda_sgc.point_offset_heads.5.weight'. See ultralytics.engine.trainer for customization of frozen layers.
WARNING ⚠️ setting 'requires_grad=True' for frozen layer 'sqda_sgc.point_offset_heads.5.bias'. See ultralytics.engine.trainer for customization of frozen layers.
WARNING ⚠️ setting 'requires_grad=True' for frozen layer 'sqda_sgc.value_projector.0.weight'. See ultralytics.engine.trainer for customization of frozen layers.
WARNING ⚠️ setting 'requires_grad=True' for frozen layer 'sqda_sgc.value_projector.0.bias'. See ultralytics.engine.trainer for customization of frozen layers.
WARNING ⚠️ setting 'requires_grad=True' for frozen layer 'sqda_sgc.value_projector.1.weight'. See ultralytics.engine.trainer for customization of frozen layers.
WARNING ⚠️ setting 'requires_grad=True' for frozen layer 'sqda_sgc.value_projector.1.bias'. See ultralytics.engine.trainer for customization of frozen layers.
WARNING ⚠️ setting 'requires_grad=True' for frozen layer 'sqda_sgc.value_projector.3.weight'. See ultralytics.engine.trainer for customization of frozen layers.
WARNING ⚠️ setting 'requires_grad=True' for frozen layer 'sqda_sgc.value_projector.3.bias'. See ultralytics.engine.trainer for customization of frozen layers.
WARNING ⚠️ setting 'requires_grad=True' for frozen layer 'sqda_sgc.point_query.weight'. See ultralytics.engine.trainer for customization of frozen layers.
WARNING ⚠️ setting 'requires_grad=True' for frozen layer 'sqda_sgc.point_key.weight'. See ultralytics.engine.trainer for customization of frozen layers.
WARNING ⚠️ setting 'requires_grad=True' for frozen layer 'sqda_sgc.edge_query.weight'. See ultralytics.engine.trainer for customization of frozen layers.
WARNING ⚠️ setting 'requires_grad=True' for frozen layer 'sqda_sgc.edge_key.weight'. See ultralytics.engine.trainer for customization of frozen layers.
WARNING ⚠️ setting 'requires_grad=True' for frozen layer 'sqda_sgc.reliability_projection.weight'. See ultralytics.engine.trainer for customization of frozen layers.
WARNING ⚠️ setting 'requires_grad=True' for frozen layer 'sqda_sgc.gate_query_norm.weight'. See ultralytics.engine.trainer for customization of frozen layers.
WARNING ⚠️ setting 'requires_grad=True' for frozen layer 'sqda_sgc.gate_query_norm.bias'. See ultralytics.engine.trainer for customization of frozen layers.
WARNING ⚠️ setting 'requires_grad=True' for frozen layer 'sqda_sgc.gate_evidence_norm.weight'. See ultralytics.engine.trainer for customization of frozen layers.
WARNING ⚠️ setting 'requires_grad=True' for frozen layer 'sqda_sgc.gate_evidence_norm.bias'. See ultralytics.engine.trainer for customization of frozen layers.
WARNING ⚠️ setting 'requires_grad=True' for frozen layer 'sqda_sgc.gate.0.weight'. See ultralytics.engine.trainer for customization of frozen layers.
WARNING ⚠️ setting 'requires_grad=True' for frozen layer 'sqda_sgc.gate.0.bias'. See ultralytics.engine.trainer for customization of frozen layers.
WARNING ⚠️ setting 'requires_grad=True' for frozen layer 'sqda_sgc.gate.2.weight'. See ultralytics.engine.trainer for customization of frozen layers.
WARNING ⚠️ setting 'requires_grad=True' for frozen layer 'sqda_sgc.gate.2.bias'. See ultralytics.engine.trainer for customization of frozen layers.
WARNING ⚠️ setting 'requires_grad=True' for frozen layer 'sqda_sgc.fusion.weight'. See ultralytics.engine.trainer for customization of frozen layers.
WARNING ⚠️ setting 'requires_grad=True' for frozen layer 'sqda_sgc.fusion.bias'. See ultralytics.engine.trainer for customization of frozen layers.
[34m[1mtrain: [0mFast image access ✅ (ping: 0.0±0.0 ms, read: 3619.4±625.6 MB/s, size: 260.7 KB)
[K[34m[1mtrain: [0mScanning /root/data/uav/datasets/VisDrone/labels/train.cache... 6471 images, 0 backgrounds, 0 corrupt: 100% ━━━━━━━━━━━━ 6471/6471 1.1Git/s 0.0s
[34m[1mtrain: [0m/root/data/uav/datasets/VisDrone/images/train/0000137_02220_d_0000163.jpg: 1 duplicate labels removed
[34m[1mtrain: [0m/root/data/uav/datasets/VisDrone/images/train/0000140_00118_d_0000002.jpg: 1 duplicate labels removed
[34m[1mtrain: [0m/root/data/uav/datasets/VisDrone/images/train/9999945_00000_d_0000114.jpg: 1 duplicate labels removed
[34m[1mtrain: [0m/root/data/uav/datasets/VisDrone/images/train/9999987_00000_d_0000049.jpg: 1 duplicate labels removed
[34m[1mval: [0mFast image access ✅ (ping: 0.0±0.0 ms, read: 621.6±133.3 MB/s, size: 142.1 KB)
[K[34m[1mval: [0mScanning /root/data/uav/datasets/VisDrone/labels/val.cache... 548 images, 0 backgrounds, 0 corrupt: 100% ━━━━━━━━━━━━ 548/548 21.3Mit/s 0.0s
Plotting labels to /root/data/uav/runs/sqda-geometry-gate/sqda-geometry-smgt-g2-seed0-10ep/labels.jpg... 
Image sizes 640 train, 640 val
Using 8 dataloader workers
Logging results to [1m/root/data/uav/runs/sqda-geometry-gate/sqda-geometry-smgt-g2-seed0-10ep[0m
Starting training for 10 epochs...
Closing dataloader mosaic

      Epoch    GPU_mem  giou_loss   cls_loss    l1_loss  Instances       Size
/root/data/uav/venv/lib/python3.10/site-packages/torch/autograd/graph.py:825: UserWarning: grid_sampler_2d_backward_cuda does not have a deterministic implementation, but you set 'torch.use_deterministic_algorithms(True, warn_only=True)'. You can file an issue at https://github.com/pytorch/pytorch/issues to help us prioritize adding deterministic support for this operation. (Triggered internally at ../aten/src/ATen/Context.cpp:91.)
  return Variable._execution_engine.run_backward(  # Calls into the C++ engine to run the backward pass
[K       1/10      2.03G     0.5238     0.4642    0.06329        198        640: 0% ──────────── 0/809  1.9s[K       1/10      2.03G     0.5145     0.4786    0.06916        265        640: 0% ──────────── 1/809 1.7s/it 2.4s<22:56[K       1/10      2.47G     0.5905     0.4926    0.07122        450        640: 0% ──────────── 2/809 1.1s/it 3.0s<15:06[K       1/10      2.47G     0.6526     0.5017     0.0703        203        640: 0% ──────────── 3/809 1.2it/s 3.5s<11:33[K       1/10      2.47G     0.6432     0.5072    0.06902        272        640: 0% ──────────── 4/809 1.4it/s 4.0s<9:19[K       1/10      2.47G     0.6432     0.5039     0.0669        352        640: 0% ──────────── 5/809 1.6it/s 4.5s<8:10[K       1/10      2.47G     0.6322     0.4979    0.06556        311        640: 0% ──────────── 6/809 1.8it/s 5.0s<7:28[K       1/10      2.47G     0.6403     0.4997    0.06542        264        640: 0% ──────────── 7/809 1.9it/s 5.4s<6:59[K       1/10      2.47G     0.6452      0.499    0.06554        409        640: 0% ──────────── 8/809 1.9it/s 5.9s<6:53[K       1/10      2.47G     0.6705     0.4979    0.06535        373        640: 1% ──────────── 9/809 1.9it/s 6.4s<6:56[K       1/10      2.47G     0.6699     0.4996    0.06466        344        640: 1% ──────────── 10/809 1.9it/s 7.0s<6:51[K       1/10      2.47G     0.6741     0.5001    0.06423        262        640: 1% ──────────── 11/809 2.0it/s 7.4s<6:40[K       1/10      2.69G     0.6705     0.4986    0.06299        404        640: 1% ──────────── 12/809 2.0it/s 7.9s<6:44[K       1/10      2.69G     0.6674     0.5019    0.06365        215        640: 1% ──────────── 13/809 2.1it/s 8.3s<6:14[K       1/10      2.69G     0.6632     0.5023     0.0634        341        640: 1% ──────────── 14/809 2.1it/s 8.9s<6:26[K       1/10      2.69G     0.6632     0.5026    0.06232        268        640: 1% ──────────── 15/809 2.1it/s 9.3s<6:22[K       1/10      2.69G     0.6693     0.5005    0.06367        358        640: 1% ──────────── 16/809 1.9it/s 10.0s<6:49[K       1/10      2.97G     0.6861     0.4974    0.06383        370        640: 2% ──────────── 17/809 1.9it/s 10.5s<6:52[K       1/10      2.97G     0.6798     0.4957    0.06273        377        640: 2% ──────────── 18/809 1.9it/s 11.0s<6:49[K       1/10      2.97G     0.6848     0.4956    0.06257        389        640: 2% ──────────── 19/809 2.0it/s 11.5s<6:43[K       1/10      2.97G     0.6854     0.4974    0.06268        491        640: 2% ──────────── 20/809 1.9it/s 12.1s<6:52[K       1/10      2.97G     0.6858     0.4967    0.06352        461        640: 2% ──────────── 21/809 1.9it/s 12.6s<6:57[K       1/10      2.97G     0.6831     0.4966     0.0634        244        640: 2% ──────────── 22/809 2.0it/s 13.0s<6:29[K       1/10      3.71G     0.6957      0.495    0.06428        492        640: 2% ──────────── 23/809 1.9it/s 13.7s<6:59[K       1/10      3.71G     0.6988     0.4947    0.06363        469        640: 2% ──────────── 24/809 1.9it/s 14.2s<7:03[K       1/10      3.71G     0.6977     0.4944     0.0634        251        640: 3% ──────────── 25/809 2.0it/s 14.7s<6:36[K       1/10      3.71G     0.6995     0.4936    0.06399        433        640: 3% ──────────── 26/809 1.9it/s 15.2s<6:47[K       1/10      3.71G     0.7008     0.4945    0.06398        362        640: 3% ──────────── 27/809 2.0it/s 15.7s<6:38[K       1/10      3.71G     0.7005     0.4935    0.06389        346        640: 3% ──────────── 28/809 2.0it/s 16.2s<6:39[K       1/10      3.71G     0.7025     0.4922    0.06359        463        640: 3% ──────────── 29/809 1.9it/s 16.8s<6:44[K       1/10      3.71G     0.6994     0.4935    0.06378        316        640: 3% ──────────── 30/809 2.0it/s 17.2s<6:33[K       1/10      3.71G     0.7006     0.4935    0.06451        499        640: 3% ──────────── 31/809 1.9it/s 17.8s<6:43[K       1/10      3.71G      0.704     0.4922    0.06453        320        640: 3% ──────────── 32/809 1.9it/s 18.4s<6:55[K       1/10      3.71G     0.7047      0.492    0.06488        272        640: 4% ──────────── 33/809 2.0it/s 18.8s<6:21[K       1/10      3.71G     0.7023     0.4918     0.0648        232        640: 4% ╸─────────── 34/809 2.1it/s 19.2s<6:10[K       1/10      3.71G        0.7     0.4916    0.06409        298        640: 4% ╸─────────── 35/809 2.3it/s 19.6s<5:44[K       1/10      3.71G     0.7024     0.4909    0.06391        384        640: 4% ╸─────────── 36/809 2.2it/s 20.1s<5:56[K       1/10      3.71G     0.7006     0.4911    0.06446        369        640: 4% ╸─────────── 37/809 2.2it/s 20.6s<5:58[K       1/10      3.71G     0.7041     0.4908    0.06405        326        640: 4% ╸─────────── 38/809 2.1it/s 21.1s<6:10[K       1/10      3.71G     0.7048     0.4903    0.06418        478        640: 4% ╸─────────── 39/809 2.0it/s 21.7s<6:25[K       1/10      3.71G     0.7037     0.4913    0.06394        289        640: 4% ╸─────────── 40/809 2.0it/s 22.1s<6:17[K       1/10      3.71G     0.7024     0.4907    0.06364        417        640: 5% ╸─────────── 41/809 2.1it/s 22.6s<6:13[K       1/10      3.71G     0.7019     0.4902     0.0636        404        640: 5% ╸─────────── 42/809 2.0it/s 23.1s<6:19[K       1/10      3.71G     0.7015     0.4896    0.06359        130        640: 5% ╸─────────── 43/809 2.2it/s 23.5s<5:44[K       1/10      3.71G     0.7006     0.4905    0.06354        211        640: 5% ╸─────────── 44/809 2.3it/s 23.9s<5:35[K       1/10      3.71G     0.7046     0.4902    0.06372        440        640: 5% ╸─────────── 45/809 2.2it/s 24.4s<5:47[K       1/10      3.71G     0.7051     0.4909    0.06362        351        640: 5% ╸─────────── 46/809 2.1it/s 24.9s<5:60[K       1/10      3.71G     0.7041      0.491    0.06338        378        640: 5% ╸─────────── 47/809 2.1it/s 25.4s<5:58[K       1/10      3.71G     0.7054     0.4909     0.0632        372        640: 5% ╸─────────── 48/809 2.1it/s 25.9s<6:06[K       1/10      3.71G     0.7045     0.4912    0.06287        418        640: 6% ╸─────────── 49/809 2.1it/s 26.4s<5:59[K       1/10      3.71G     0.7059     0.4905     0.0628        261        640: 6% ╸─────────── 50/809 2.1it/s 26.8s<5:53[K       1/10      3.71G     0.7026      0.491    0.06247        255        640: 6% ╸─────────── 51/809 2.2it/s 27.2s<5:40[K       1/10      4.65G     0.7046       0.49    0.06263        611        640: 6% ╸─────────── 52/809 2.0it/s 28.0s<6:25[K       1/10      4.65G     0.7049     0.4896    0.06238        496        640: 6% ╸─────────── 53/809 2.0it/s 28.5s<6:24[K       1/10      4.65G     0.7014     0.4897    0.06236        247        640: 6% ╸─────────── 54/809 2.1it/s 28.9s<6:07[K       1/10      4.65G     0.7036     0.4895    0.06238        268        640: 6% ╸─────────── 55/809 2.1it/s 29.3s<5:52[K       1/10      4.65G     0.7041      0.489    0.06216        398        640: 6% ╸─────────── 56/809 2.1it/s 29.8s<6:03[K       1/10      4.65G     0.7021     0.4893    0.06218        247        640: 7% ╸─────────── 57/809 2.2it/s 30.2s<5:37[K       1/10      4.65G     0.7016     0.4898    0.06213        272        640: 7% ╸─────────── 58/809 2.2it/s 30.7s<5:35[K       1/10      4.65G     0.7005     0.4896    0.06193        527        640: 7% ╸─────────── 59/809 2.2it/s 31.2s<5:47[K       1/10      4.65G     0.7018     0.4899    0.06214        393        640: 7% ╸─────────── 60/809 2.1it/s 31.7s<5:57[K       1/10      4.65G     0.7012     0.4904    0.06183        359        640: 7% ╸─────────── 61/809 2.1it/s 32.1s<5:50[K       1/10      4.65G     0.7012     0.4907     0.0618        327        640: 7% ╸─────────── 62/809 2.1it/s 32.6s<5:50[K       1/10      4.65G     0.7023     0.4901    0.06199        527        640: 7% ╸─────────── 63/809 2.0it/s 33.2s<6:07[K       1/10      4.65G     0.7033     0.4896     0.0619        504        640: 7% ╸─────────── 64/809 2.0it/s 33.7s<6:18[K       1/10      4.65G     0.7067     0.4889    0.06206        309        640: 8% ╸─────────── 65/809 2.0it/s 34.2s<6:13[K       1/10      4.65G     0.7071     0.4887    0.06189        381        640: 8% ╸─────────── 66/809 2.0it/s 34.7s<6:17[K       1/10      4.65G     0.7063     0.4889    0.06177        335        640: 8% ╸─────────── 67/809 2.1it/s 35.2s<5:58[K       1/10      4.65G     0.7086     0.4887    0.06172        389        640: 8% ━─────────── 68/809 2.0it/s 35.7s<6:07[K       1/10      4.65G     0.7079     0.4889    0.06177        324        640: 8% ━─────────── 69/809 2.1it/s 36.1s<5:47[K       1/10      4.65G     0.7068     0.4895    0.06178        303        640: 8% ━─────────── 70/809 2.1it/s 36.6s<5:45[K       1/10      4.65G      0.706     0.4899    0.06159        270        640: 8% ━─────────── 71/809 2.2it/s 37.0s<5:28[K       1/10      4.65G     0.7036     0.4901     0.0615        351        640: 8% ━─────────── 72/809 2.2it/s 37.4s<5:29[K       1/10      4.65G     0.7026     0.4896    0.06151        276        640: 9% ━─────────── 73/809 2.3it/s 37.8s<5:18[K       1/10      4.65G      0.705     0.4892    0.06167        348        640: 9% ━─────────── 74/809 2.2it/s 38.3s<5:34[K       1/10      4.65G     0.7048     0.4894    0.06154        451        640: 9% ━─────────── 75/809 2.1it/s 38.9s<5:45[K       1/10      4.65G     0.7037     0.4896    0.06145        305        640: 9% ━─────────── 76/809 2.1it/s 39.3s<5:44[K       1/10      4.65G     0.7025     0.4896    0.06151        195        640: 9% ━─────────── 77/809 2.3it/s 39.7s<5:22[K       1/10      4.65G     0.7023     0.4895    0.06135        320        640: 9% ━─────────── 78/809 2.2it/s 40.2s<5:28[K       1/10      4.65G      0.701     0.4891    0.06112        191        640: 9% ━─────────── 79/809 2.4it/s 40.5s<5:04[K       1/10      4.65G     0.7021     0.4887    0.06138        482        640: 9% ━─────────── 80/809 2.2it/s 41.2s<5:37[K       1/10      4.65G      0.706     0.4877    0.06151        589        640: 10% ━─────────── 81/809 1.9it/s 41.9s<6:19[K       1/10      4.65G     0.7069     0.4874     0.0616        402        640: 10% ━─────────── 82/809 1.9it/s 42.5s<6:31[K       1/10      4.65G     0.7102     0.4867    0.06165        579        640: 10% ━─────────── 83/809 1.8it/s 43.1s<6:52[K       1/10      4.65G      0.709     0.4869    0.06155        273        640: 10% ━─────────── 84/809 1.9it/s 43.6s<6:24[K       1/10      4.65G     0.7078     0.4867     0.0616        231        640: 10% ━─────────── 85/809 2.1it/s 44.0s<5:50[K       1/10      4.65G     0.7072     0.4865    0.06164        402        640: 10% ━─────────── 86/809 2.1it/s 44.5s<5:53[K       1/10      4.65G     0.7074     0.4862    0.06169        532        640: 10% ━─────────── 87/809 2.0it/s 45.0s<6:03[K       1/10      4.65G     0.7078     0.4864    0.06158        476        640: 10% ━─────────── 88/809 2.0it/s 45.5s<5:57[K       1/10      4.65G     0.7088     0.4862    0.06158        414        640: 11% ━─────────── 89/809 2.0it/s 46.0s<6:02[K       1/10      4.65G     0.7095      0.486    0.06154        298        640: 11% ━─────────── 90/809 2.0it/s 46.5s<5:53[K       1/10      6.42G     0.7129     0.4851    0.06212        751        640: 11% ━─────────── 91/809 1.7it/s 47.5s<6:58[K       1/10      6.42G     0.7133     0.4853    0.06187        234        640: 11% ━─────────── 92/809 1.8it/s 48.0s<6:29[K       1/10      6.42G     0.7126     0.4855    0.06178        287        640: 11% ━─────────── 93/809 2.1it/s 48.4s<5:46[K       1/10      6.42G     0.7118     0.4854    0.06179        253        640: 11% ━─────────── 94/809 2.2it/s 48.8s<5:23[K       1/10      6.42G     0.7124     0.4861    0.06191        313        640: 11% ━─────────── 95/809 2.2it/s 49.2s<5:29[K       1/10      6.42G     0.7116     0.4862    0.06177        347        640: 11% ━─────────── 96/809 2.2it/s 49.7s<5:20[K       1/10      6.42G     0.7127     0.4865    0.06185        504        640: 11% ━─────────── 97/809 2.2it/s 50.2s<5:27[K       1/10      6.42G     0.7119     0.4864    0.06179        393        640: 12% ━─────────── 98/809 2.1it/s 50.6s<5:32[K       1/10      6.42G     0.7122     0.4861    0.06171        355        640: 12% ━─────────── 99/809 2.1it/s 51.1s<5:36[K       1/10      6.42G     0.7124      0.486    0.06169        412        640: 12% ━─────────── 100/809 2.1it/s 51.6s<5:32[K       1/10      6.42G     0.7146     0.4856    0.06184        563        640: 12% ━─────────── 101/809 1.9it/s 52.3s<6:11[K       1/10      6.42G     0.7147     0.4861    0.06182        417        640: 12% ━╸────────── 102/809 2.0it/s 52.8s<5:57[K       1/10      6.42G      0.715      0.486    0.06175        347        640: 12% ━╸────────── 103/809 2.1it/s 53.2s<5:38[K       1/10      6.42G     0.7161     0.4862    0.06173        251        640: 12% ━╸────────── 104/809 2.1it/s 53.6s<5:30[K       1/10      6.42G     0.7182     0.4859    0.06173        321        640: 12% ━╸────────── 105/809 2.2it/s 54.1s<5:21[K       1/10      6.42G     0.7165     0.4859    0.06168        272        640: 13% ━╸────────── 106/809 2.3it/s 54.5s<5:12[K       1/10      6.42G     0.7148     0.4861    0.06163        314        640: 13% ━╸────────── 107/809 2.2it/s 55.0s<5:17[K       1/10      6.42G     0.7167     0.4858    0.06176        580        640: 13% ━╸────────── 108/809 2.1it/s 55.5s<5:38[K       1/10      6.42G     0.7161     0.4857    0.06169        518        640: 13% ━╸────────── 109/809 2.0it/s 56.1s<5:48[K       1/10      6.42G     0.7156     0.4859    0.06163        324        640: 13% ━╸────────── 110/809 2.0it/s 56.6s<5:44[K       1/10      6.42G     0.7159      0.486    0.06156        253        640: 13% ━╸────────── 111/809 2.2it/s 57.0s<5:22[K       1/10      6.42G     0.7164     0.4861    0.06152        512        640: 13% ━╸────────── 112/809 2.1it/s 57.5s<5:34[K       1/10      6.42G     0.7158     0.4861    0.06146        367        640: 13% ━╸────────── 113/809 2.0it/s 58.0s<5:40[K       1/10      6.42G     0.7198     0.4851    0.06234        409        640: 14% ━╸────────── 114/809 1.8it/s 58.7s<6:18[K       1/10      6.42G     0.7195     0.4849    0.06221        356        640: 14% ━╸────────── 115/809 1.9it/s 59.2s<6:08[K       1/10      6.42G     0.7193     0.4848     0.0622        313        640: 14% ━╸────────── 116/809 1.9it/s 59.7s<5:59[K       1/10      6.42G     0.7206     0.4842    0.06233        603        640: 14% ━╸────────── 117/809 1.7it/s 1:01<6:45[K       1/10      16.3G     0.7247     0.4834    0.06247       1189        640: 14% ━╸────────── 118/809 1.6it/s 1:01<7:17[K       1/10      16.3G     0.7248     0.4837    0.06239        256        640: 14% ━╸────────── 119/809 1.7it/s 1:02<6:41[K       1/10      16.3G     0.7244     0.4836    0.06245        353        640: 14% ━╸────────── 120/809 1.9it/s 1:02<6:10[K       1/10      16.3G     0.7248     0.4833    0.06257        439        640: 14% ━╸────────── 121/809 1.9it/s 1:03<5:60[K       1/10      16.3G     0.7241     0.4833    0.06242        273        640: 15% ━╸────────── 122/809 2.0it/s 1:03<5:42[K       1/10      16.3G     0.7241     0.4831    0.06245        437        640: 15% ━╸────────── 123/809 2.0it/s 1:04<5:41[K       1/10      16.3G      0.724     0.4836    0.06245        354        640: 15% ━╸────────── 124/809 2.1it/s 1:04<5:30[K       1/10      16.3G     0.7248     0.4837    0.06253        359        640: 15% ━╸────────── 125/809 2.1it/s 1:05<5:33[K       1/10      16.3G     0.7246     0.4837    0.06255        490        640: 15% ━╸────────── 126/809 2.1it/s 1:05<5:33[K       1/10      16.3G     0.7243     0.4839    0.06248        378        640: 15% ━╸────────── 127/809 2.1it/s 1:06<5:24[K       1/10      16.3G     0.7252     0.4836    0.06249        713        640: 15% ━╸────────── 128/809 1.9it/s 1:06<5:59[K       1/10      16.3G     0.7252     0.4832    0.06245        266        640: 15% ━╸────────── 129/809 2.0it/s 1:07<5:32[K       1/10      16.3G     0.7249     0.4837    0.06239        265        640: 16% ━╸────────── 130/809 2.1it/s 1:07<5:16[K       1/10      16.3G     0.7234     0.4841    0.06227        224        640: 16% ━╸────────── 131/809 2.2it/s 1:08<5:11[K       1/10      16.3G     0.7232      0.484    0.06222        336        640: 16% ━╸────────── 132/809 2.2it/s 1:08<5:04[K       1/10      16.3G      0.724     0.4836    0.06238        392        640: 16% ━╸────────── 133/809 2.2it/s 1:09<5:12[K       1/10      16.3G     0.7246     0.4841    0.06245        432        640: 16% ━╸────────── 134/809 2.1it/s 1:09<5:26[K       1/10      16.3G     0.7254     0.4841    0.06238        363        640: 16% ━━────────── 135/809 2.1it/s 1:10<5:21[K       1/10      16.3G     0.7254     0.4842    0.06238        226        640: 16% ━━────────── 136/809 2.3it/s 1:10<4:59[K       1/10      16.3G     0.7254     0.4845    0.06233        318        640: 16% ━━────────── 137/809 2.2it/s 1:10<5:08[K       1/10      16.3G     0.7249     0.4848    0.06225        189        640: 17% ━━────────── 138/809 2.3it/s 1:11<4:51[K       1/10      16.3G     0.7237     0.4848    0.06218        329        640: 17% ━━────────── 139/809 2.3it/s 1:11<4:48[K       1/10      16.3G     0.7236     0.4848    0.06214        395        640: 17% ━━────────── 140/809 2.2it/s 1:12<5:02[K       1/10      16.3G     0.7235     0.4847    0.06203        373        640: 17% ━━────────── 141/809 2.2it/s 1:12<5:09[K       1/10      16.3G     0.7228     0.4849    0.06196        351        640: 17% ━━────────── 142/809 2.2it/s 1:13<5:04[K       1/10      16.3G     0.7227     0.4851    0.06221        370        640: 17% ━━────────── 143/809 2.2it/s 1:13<5:07[K       1/10      16.3G     0.7235     0.4852    0.06208        351        640: 17% ━━────────── 144/809 2.2it/s 1:14<5:05[K       1/10      16.3G     0.7235     0.4851    0.06195        324        640: 17% ━━────────── 145/809 2.2it/s 1:14<5:04[K       1/10      16.3G     0.7228     0.4851    0.06195        240        640: 18% ━━────────── 146/809 2.3it/s 1:14<4:47[K       1/10      16.3G     0.7214      0.485    0.06187        391        640: 18% ━━────────── 147/809 2.2it/s 1:15<4:56[K       1/10      16.3G     0.7215     0.4851     0.0618        433        640: 18% ━━────────── 148/809 2.2it/s 1:15<5:01[K       1/10      16.3G     0.7221      0.485    0.06176        528        640: 18% ━━────────── 149/809 2.1it/s 1:16<5:16[K       1/10      16.3G     0.7219     0.4851    0.06182        279        640: 18% ━━────────── 150/809 2.2it/s 1:16<5:03[K       1/10      16.3G     0.7212     0.4855    0.06168        330        640: 18% ━━────────── 151/809 2.1it/s 1:17<5:07[K       1/10      16.3G     0.7212     0.4855    0.06163        351        640: 18% ━━────────── 152/809 2.2it/s 1:17<5:05[K       1/10      16.3G     0.7208     0.4855    0.06159        373        640: 18% ━━────────── 153/809 2.2it/s 1:18<4:58[K       1/10      16.3G     0.7191     0.4855    0.06149        180        640: 19% ━━────────── 154/809 2.3it/s 1:18<4:40[K       1/10      16.3G     0.7179     0.4856    0.06154        355        640: 19% ━━────────── 155/809 2.3it/s 1:19<4:48[K       1/10      16.3G     0.7182     0.4857    0.06164        347        640: 19% ━━────────── 156/809 2.3it/s 1:19<4:49[K       1/10      16.3G     0.7193     0.4858    0.06173        416        640: 19% ━━────────── 157/809 2.2it/s 1:19<4:53[K       1/10      16.3G     0.7183     0.4862    0.06182        260        640: 19% ━━────────── 158/809 2.3it/s 1:20<4:38[K       1/10      16.3G     0.7194     0.4861    0.06184        299        640: 19% ━━────────── 159/809 2.1it/s 1:21<5:14[K       1/10      16.3G     0.7186     0.4863    0.06173        272        640: 19% ━━────────── 160/809 2.2it/s 1:21<4:57[K       1/10      16.3G     0.7179     0.4864    0.06163        498        640: 19% ━━────────── 161/809 2.2it/s 1:21<4:60[K       1/10      16.3G     0.7202     0.4858    0.06184        641        640: 20% ━━────────── 162/809 1.9it/s 1:22<5:48[K       1/10      16.3G     0.7211     0.4855     0.0618        638        640: 20% ━━────────── 163/809 1.8it/s 1:23<5:59[K       1/10      16.3G     0.7218     0.4853    0.06174        478        640: 20% ━━────────── 164/809 1.8it/s 1:23<5:52[K       1/10      16.3G     0.7219     0.4856     0.0618        342        640: 20% ━━────────── 165/809 2.0it/s 1:24<5:24[K       1/10      16.3G     0.7202     0.4856    0.06171        261        640: 20% ━━────────── 166/809 2.1it/s 1:24<5:06[K       1/10      16.3G     0.7204     0.4855    0.06166        285        640: 20% ━━────────── 167/809 2.1it/s 1:25<5:01[K       1/10      16.3G     0.7207     0.4854    0.06172        475        640: 20% ━━────────── 168/809 2.1it/s 1:25<5:09[K       1/10      16.3G     0.7207     0.4853     0.0617        390        640: 20% ━━╸───────── 169/809 2.1it/s 1:26<4:60[K       1/10      16.3G     0.7206     0.4856    0.06166        336        640: 21% ━━╸───────── 170/809 2.2it/s 1:26<4:47[K       1/10      16.3G     0.7196     0.4856    0.06173        291        640: 21% ━━╸───────── 171/809 2.2it/s 1:27<4:47[K       1/10      16.3G     0.7201     0.4857    0.06185        548        640: 21% ━━╸───────── 172/809 2.1it/s 1:27<5:01[K       1/10      16.3G     0.7201     0.4856    0.06176        313        640: 21% ━━╸───────── 173/809 2.2it/s 1:28<4:46[K       1/10      16.3G     0.7199     0.4857    0.06165        324        640: 21% ━━╸───────── 174/809 2.3it/s 1:28<4:42[K       1/10      16.3G     0.7209     0.4854    0.06165        461        640: 21% ━━╸───────── 175/809 2.0it/s 1:29<5:13[K       1/10      16.3G     0.7207     0.4855    0.06168        318        640: 21% ━━╸───────── 176/809 2.1it/s 1:29<4:56[K       1/10      16.3G      0.721     0.4855    0.06183        462        640: 21% ━━╸───────── 177/809 2.1it/s 1:30<5:03[K       1/10      16.3G     0.7212     0.4852    0.06183        251        640: 22% ━━╸───────── 178/809 2.2it/s 1:30<4:43[K       1/10      16.3G     0.7213     0.4855    0.06187        218        640: 22% ━━╸───────── 179/809 2.2it/s 1:30<4:43[K       1/10      16.3G     0.7214     0.4855    0.06196        380        640: 22% ━━╸───────── 180/809 2.2it/s 1:31<4:40[K       1/10      16.3G     0.7202     0.4856    0.06188        276        640: 22% ━━╸───────── 181/809 2.3it/s 1:31<4:34[K       1/10      16.3G     0.7211     0.4853    0.06213        414        640: 22% ━━╸───────── 182/809 2.2it/s 1:32<4:50[K       1/10      16.3G     0.7207     0.4854    0.06211        221        640: 22% ━━╸───────── 183/809 2.2it/s 1:32<4:45[K       1/10      16.3G     0.7203     0.4853    0.06209        184        640: 22% ━━╸───────── 184/809 2.4it/s 1:33<4:20[K       1/10      16.3G     0.7198     0.4852    0.06203        408        640: 22% ━━╸───────── 185/809 2.4it/s 1:33<4:25[K       1/10      16.3G     0.7197     0.4852    0.06203        292        640: 22% ━━╸───────── 186/809 2.3it/s 1:33<4:27[K       1/10      16.3G     0.7191     0.4852    0.06206        324        640: 23% ━━╸───────── 187/809 2.3it/s 1:34<4:34[K       1/10      16.3G     0.7197     0.4852     0.0621        612        640: 23% ━━╸───────── 188/809 2.1it/s 1:34<4:52[K       1/10      16.3G     0.7194     0.4852    0.06204        348        640: 23% ━━╸───────── 189/809 2.2it/s 1:35<4:43[K       1/10      16.3G     0.7193     0.4852    0.06196        279        640: 23% ━━╸───────── 190/809 2.3it/s 1:35<4:31[K       1/10      16.3G       0.72     0.4851    0.06197        499        640: 23% ━━╸───────── 191/809 2.2it/s 1:36<4:47[K       1/10      16.3G     0.7196     0.4854    0.06188        219        640: 23% ━━╸───────── 192/809 2.3it/s 1:36<4:33[K       1/10      16.3G      0.719     0.4855    0.06188        234        640: 23% ━━╸───────── 193/809 2.3it/s 1:37<4:25[K       1/10      16.3G     0.7193     0.4853     0.0619        401        640: 23% ━━╸───────── 194/809 2.3it/s 1:37<4:32[K       1/10      16.3G     0.7203     0.4853    0.06183        460        640: 24% ━━╸───────── 195/809 2.1it/s 1:38<4:48[K       1/10      16.3G     0.7204     0.4852    0.06181        426        640: 24% ━━╸───────── 196/809 2.1it/s 1:38<4:52[K       1/10      16.3G     0.7203     0.4853    0.06177        252        640: 24% ━━╸───────── 197/809 2.2it/s 1:39<4:36[K       1/10      16.3G     0.7195     0.4856    0.06174        274        640: 24% ━━╸───────── 198/809 2.3it/s 1:39<4:26[K       1/10      16.3G     0.7195     0.4856    0.06175        479        640: 24% ━━╸───────── 199/809 2.1it/s 1:40<4:44[K       1/10      16.3G     0.7197     0.4858    0.06173        255        640: 24% ━━╸───────── 200/809 2.3it/s 1:40<4:29[K       1/10      16.3G     0.7213     0.4855    0.06247        610        640: 24% ━━╸───────── 201/809 1.8it/s 1:42<5:46[K       1/10      16.3G     0.7225     0.4852     0.0625        527        640: 24% ━━╸───────── 202/809 1.6it/s 1:43<6:25[K       1/10      16.3G     0.7219     0.4852    0.06249        256        640: 25% ━━━───────── 203/809 1.9it/s 1:43<5:25[K       1/10      16.3G     0.7217     0.4853    0.06257        355        640: 25% ━━━───────── 204/809 1.9it/s 1:43<5:15[K       1/10      16.3G     0.7222     0.4853    0.06259        240        640: 25% ━━━───────── 205/809 2.1it/s 1:44<4:41[K       1/10      16.3G     0.7223     0.4851     0.0626        435        640: 25% ━━━───────── 206/809 2.1it/s 1:44<4:45[K       1/10      16.3G     0.7221      0.485    0.06256        366        640: 25% ━━━───────── 207/809 2.1it/s 1:45<4:41[K       1/10      16.3G     0.7223     0.4851    0.06257        318        640: 25% ━━━───────── 208/809 2.2it/s 1:45<4:34[K       1/10      16.3G     0.7234     0.4849    0.06261        499        640: 25% ━━━───────── 209/809 2.0it/s 1:46<4:58[K       1/10      16.3G     0.7235     0.4847    0.06253        473        640: 25% ━━━───────── 210/809 2.0it/s 1:46<4:60[K       1/10      16.3G     0.7231     0.4847     0.0625        415        640: 26% ━━━───────── 211/809 2.0it/s 1:47<4:52[K       1/10      16.3G     0.7231     0.4848     0.0626        233        640: 26% ━━━───────── 212/809 2.2it/s 1:47<4:35[K       1/10      16.3G     0.7243     0.4844    0.06273        497        640: 26% ━━━───────── 213/809 2.0it/s 1:48<5:01[K       1/10      16.3G      0.725     0.4844    0.06273        416        640: 26% ━━━───────── 214/809 1.9it/s 1:48<5:08[K       1/10      16.3G     0.7255     0.4843    0.06271        513        640: 26% ━━━───────── 215/809 1.9it/s 1:49<5:07[K       1/10      16.3G     0.7255     0.4842    0.06269        486        640: 26% ━━━───────── 216/809 1.9it/s 1:49<5:06[K       1/10      16.3G     0.7258     0.4843     0.0627        369        640: 26% ━━━───────── 217/809 2.0it/s 1:50<4:53[K       1/10      16.3G      0.726     0.4846    0.06269        200        640: 26% ━━━───────── 218/809 2.2it/s 1:50<4:26[K       1/10      16.3G      0.726     0.4845    0.06266        351        640: 27% ━━━───────── 219/809 2.2it/s 1:51<4:32[K       1/10      16.3G     0.7263     0.4846    0.06271        304        640: 27% ━━━───────── 220/809 2.2it/s 1:51<4:28[K       1/10      16.3G      0.726     0.4847     0.0627        275        640: 27% ━━━───────── 221/809 2.3it/s 1:52<4:18[K       1/10      16.3G      0.726     0.4846    0.06273        485        640: 27% ━━━───────── 222/809 2.2it/s 1:52<4:27[K       1/10      16.3G      0.726     0.4846    0.06279        409        640: 27% ━━━───────── 223/809 2.2it/s 1:53<4:31[K       1/10      16.3G     0.7255     0.4848    0.06277        124        640: 27% ━━━───────── 224/809 2.3it/s 1:53<4:19[K       1/10      16.3G     0.7259     0.4846    0.06277        386        640: 27% ━━━───────── 225/809 2.2it/s 1:53<4:24[K       1/10      16.3G     0.7257     0.4846    0.06275        351        640: 27% ━━━───────── 226/809 2.2it/s 1:54<4:21[K       1/10      16.3G     0.7257     0.4843    0.06267        303        640: 28% ━━━───────── 227/809 2.3it/s 1:54<4:17[K       1/10      16.3G     0.7253     0.4846    0.06265        219        640: 28% ━━━───────── 228/809 2.4it/s 1:55<4:05[K       1/10      16.3G     0.7251     0.4848    0.06265        345        640: 28% ━━━───────── 229/809 2.3it/s 1:55<4:13[K       1/10      16.3G     0.7247     0.4849    0.06257        309        640: 28% ━━━───────── 230/809 2.3it/s 1:56<4:08[K       1/10      16.3G      0.724      0.485    0.06247        332        640: 28% ━━━───────── 231/809 2.3it/s 1:56<4:09[K       1/10      16.3G     0.7247      0.485    0.06246        388        640: 28% ━━━───────── 232/809 2.3it/s 1:56<4:14[K       1/10      16.3G     0.7251     0.4851    0.06247        221        640: 28% ━━━───────── 233/809 2.3it/s 1:57<4:09[K       1/10      16.3G      0.726     0.4848    0.06272        521        640: 28% ━━━───────── 234/809 2.1it/s 1:58<4:40[K       1/10      16.3G     0.7268     0.4846    0.06269        437        640: 29% ━━━───────── 235/809 2.0it/s 1:58<4:50[K       1/10      16.3G     0.7264     0.4847    0.06268        346        640: 29% ━━━╸──────── 236/809 2.1it/s 1:59<4:39[K       1/10      16.3G     0.7269     0.4846    0.06268        457        640: 29% ━━━╸──────── 237/809 2.0it/s 1:59<4:43[K       1/10      16.3G     0.7282     0.4845    0.06276        350        640: 29% ━━━╸──────── 238/809 2.0it/s 1:60<4:44[K       1/10      16.3G     0.7276     0.4846    0.06278        236        640: 29% ━━━╸──────── 239/809 2.1it/s 2:00<4:36[K       1/10      16.3G     0.7292      0.484    0.06335        735        640: 29% ━━━╸──────── 240/809 1.6it/s 2:03<6:05[K       1/10      16.3G     0.7281     0.4841    0.06329        207        640: 29% ━━━╸──────── 241/809 1.9it/s 2:03<5:03[K       1/10      16.3G     0.7287      0.484    0.06341        658        640: 29% ━━━╸──────── 242/809 1.8it/s 2:04<5:20[K       1/10      16.3G     0.7285      0.484    0.06354        394        640: 30% ━━━╸──────── 243/809 1.9it/s 2:04<5:01[K       1/10      16.3G     0.7282     0.4841    0.06351        438        640: 30% ━━━╸──────── 244/809 1.9it/s 2:05<4:55[K       1/10      16.3G     0.7278      0.484    0.06348        168        640: 30% ━━━╸──────── 245/809 2.1it/s 2:05<4:25[K       1/10      16.3G     0.7273      0.484     0.0634        405        640: 30% ━━━╸──────── 246/809 2.1it/s 2:06<4:24[K       1/10      16.3G     0.7272     0.4839    0.06339        224        640: 30% ━━━╸──────── 247/809 2.2it/s 2:06<4:13[K       1/10      16.3G     0.7279     0.4838     0.0634        328        640: 30% ━━━╸──────── 248/809 2.2it/s 2:06<4:11[K       1/10      16.3G     0.7279     0.4837    0.06342        302        640: 30% ━━━╸──────── 249/809 2.2it/s 2:07<4:15[K       1/10      16.3G     0.7281     0.4838    0.06341        370        640: 30% ━━━╸──────── 250/809 2.2it/s 2:07<4:14[K       1/10      16.3G     0.7276     0.4838    0.06337        279        640: 31% ━━━╸──────── 251/809 2.3it/s 2:08<4:03[K       1/10      16.3G      0.728     0.4838    0.06344        405        640: 31% ━━━╸──────── 252/809 2.2it/s 2:08<4:09[K       1/10      16.3G     0.7276     0.4838    0.06338        249        640: 31% ━━━╸──────── 253/809 2.3it/s 2:09<4:00[K       1/10      16.3G     0.7281     0.4836    0.06334        259        640: 31% ━━━╸──────── 254/809 2.2it/s 2:09<4:07[K       1/10      16.3G     0.7288     0.4834    0.06345        635        640: 31% ━━━╸──────── 255/809 1.9it/s 2:10<4:47[K       1/10      16.3G     0.7286     0.4837    0.06344        256        640: 31% ━━━╸──────── 256/809 2.1it/s 2:10<4:26[K       1/10      16.3G      0.729     0.4836    0.06346        267        640: 31% ━━━╸──────── 257/809 2.2it/s 2:11<4:14[K       1/10      16.3G     0.7281     0.4836    0.06344        198        640: 31% ━━━╸──────── 258/809 2.3it/s 2:11<3:56[K       1/10      16.3G     0.7277     0.4837    0.06339        184        640: 32% ━━━╸──────── 259/809 2.4it/s 2:12<3:53[K       1/10      16.3G     0.7274     0.4837    0.06341        454        640: 32% ━━━╸──────── 260/809 2.3it/s 2:12<3:58[K       1/10      16.3G      0.728     0.4837    0.06342        445        640: 32% ━━━╸──────── 261/809 2.2it/s 2:13<4:12[K       1/10      16.3G     0.7272     0.4839    0.06344        216        640: 32% ━━━╸──────── 262/809 2.3it/s 2:13<3:58[K       1/10      16.3G     0.7286     0.4837    0.06355        385        640: 32% ━━━╸──────── 263/809 2.2it/s 2:13<4:05[K       1/10      16.3G     0.7287     0.4838    0.06349        363        640: 32% ━━━╸──────── 264/809 2.2it/s 2:14<4:05[K       1/10      16.3G     0.7295     0.4836    0.06353        402        640: 32% ━━━╸──────── 265/809 2.1it/s 2:14<4:19[K       1/10      16.3G     0.7299     0.4836    0.06353        462        640: 32% ━━━╸──────── 266/809 2.1it/s 2:15<4:18[K       1/10      16.3G     0.7304     0.4836    0.06351        372        640: 33% ━━━╸──────── 267/809 2.1it/s 2:15<4:19[K       1/10      16.3G     0.7298     0.4836    0.06345        374        640: 33% ━━━╸──────── 268/809 2.2it/s 2:16<4:10[K       1/10      16.3G     0.7307     0.4834    0.06347        464        640: 33% ━━━╸──────── 269/809 2.0it/s 2:16<4:26[K       1/10      16.3G       0.73     0.4835    0.06347        223        640: 33% ━━━━──────── 270/809 2.2it/s 2:17<4:10[K       1/10      16.3G     0.7301     0.4835    0.06346        328        640: 33% ━━━━──────── 271/809 2.1it/s 2:17<4:11[K       1/10      16.3G     0.7303     0.4836    0.06347        283        640: 33% ━━━━──────── 272/809 2.2it/s 2:18<4:02[K       1/10      16.3G     0.7301     0.4837    0.06353        341        640: 33% ━━━━──────── 273/809 2.2it/s 2:18<3:59[K       1/10      16.3G     0.7306     0.4837    0.06358        526        640: 33% ━━━━──────── 274/809 2.1it/s 2:19<4:18[K       1/10      16.3G      0.731     0.4836    0.06358        409        640: 33% ━━━━──────── 275/809 2.1it/s 2:19<4:19[K       1/10      16.3G     0.7309     0.4836    0.06356        287        640: 34% ━━━━──────── 276/809 2.2it/s 2:20<4:06[K       1/10      16.3G     0.7308     0.4837    0.06348        300        640: 34% ━━━━──────── 277/809 2.2it/s 2:20<4:05[K       1/10      16.3G     0.7304     0.4836    0.06346        360        640: 34% ━━━━──────── 278/809 2.2it/s 2:21<4:03[K       1/10      16.3G     0.7299     0.4839    0.06338        373        640: 34% ━━━━──────── 279/809 2.2it/s 2:21<4:01[K       1/10      16.3G     0.7298     0.4839    0.06339        466        640: 34% ━━━━──────── 280/809 2.2it/s 2:21<4:05[K       1/10      16.3G     0.7297     0.4838    0.06338        406        640: 34% ━━━━──────── 281/809 2.1it/s 2:22<4:07[K       1/10      16.3G     0.7303     0.4838    0.06339        316        640: 34% ━━━━──────── 282/809 2.2it/s 2:22<4:02[K       1/10      16.3G     0.7306     0.4836     0.0634        437        640: 34% ━━━━──────── 283/809 2.1it/s 2:23<4:13[K       1/10      16.3G     0.7301     0.4837    0.06338        388        640: 35% ━━━━──────── 284/809 2.1it/s 2:23<4:07[K       1/10      16.3G     0.7302     0.4838    0.06336        496        640: 35% ━━━━──────── 285/809 2.1it/s 2:24<4:07[K       1/10      16.3G     0.7302     0.4837    0.06333        311        640: 35% ━━━━──────── 286/809 2.2it/s 2:24<3:59[K       1/10      16.3G     0.7299     0.4838    0.06335        415        640: 35% ━━━━──────── 287/809 2.1it/s 2:25<4:03[K       1/10      16.3G     0.7295     0.4839    0.06327        192        640: 35% ━━━━──────── 288/809 2.3it/s 2:25<3:48[K       1/10      16.3G     0.7307     0.4837    0.06331        362        640: 35% ━━━━──────── 289/809 2.2it/s 2:26<4:02[K       1/10      16.3G     0.7306     0.4838    0.06337        322        640: 35% ━━━━──────── 290/809 2.2it/s 2:26<3:59[K       1/10      16.3G      0.731     0.4837    0.06347        347        640: 35% ━━━━──────── 291/809 2.1it/s 2:27<4:03[K       1/10      16.3G     0.7302     0.4839    0.06342        234        640: 36% ━━━━──────── 292/809 2.2it/s 2:27<3:50[K       1/10      16.3G     0.7305     0.4838    0.06342        394        640: 36% ━━━━──────── 293/809 2.2it/s 2:27<3:57[K       1/10      16.3G     0.7307     0.4838    0.06338        289        640: 36% ━━━━──────── 294/809 2.3it/s 2:28<3:47[K       1/10      16.3G     0.7306     0.4839    0.06331        374        640: 36% ━━━━──────── 295/809 2.2it/s 2:28<3:52[K       1/10      16.3G     0.7304     0.4838    0.06331        384        640: 36% ━━━━──────── 296/809 2.2it/s 2:29<3:50[K       1/10      16.3G      0.731     0.4837    0.06334        337        640: 36% ━━━━──────── 297/809 2.2it/s 2:29<3:50[K       1/10      16.3G     0.7305     0.4837     0.0633        336        640: 36% ━━━━──────── 298/809 2.3it/s 2:30<3:44[K       1/10      16.3G     0.7309     0.4835    0.06341        460        640: 36% ━━━━──────── 299/809 2.1it/s 2:30<3:60[K       1/10      16.3G     0.7314     0.4835    0.06345        627        640: 37% ━━━━──────── 300/809 2.0it/s 2:31<4:21[K       1/10      16.3G     0.7313     0.4835    0.06337        366        640: 37% ━━━━──────── 301/809 2.0it/s 2:31<4:18[K       1/10      16.3G     0.7313     0.4834    0.06345        394        640: 37% ━━━━──────── 302/809 2.0it/s 2:32<4:11[K       1/10      16.3G     0.7321     0.4832    0.06342        404        640: 37% ━━━━──────── 303/809 2.0it/s 2:32<4:13[K       1/10      16.3G     0.7322     0.4834    0.06344        528        640: 37% ━━━━╸─────── 304/809 2.0it/s 2:33<4:18[K       1/10      16.3G     0.7317     0.4833    0.06339        293        640: 37% ━━━━╸─────── 305/809 2.1it/s 2:33<3:59[K       1/10      16.3G     0.7323     0.4833    0.06341        460        640: 37% ━━━━╸─────── 306/809 2.1it/s 2:34<4:03[K       1/10      16.3G     0.7326     0.4832    0.06337        359        640: 37% ━━━━╸─────── 307/809 2.1it/s 2:34<4:04[K       1/10      16.3G     0.7333     0.4831    0.06341        856        640: 38% ━━━━╸─────── 308/809 1.9it/s 2:35<4:23[K       1/10      16.3G     0.7331     0.4831    0.06339        472        640: 38% ━━━━╸─────── 309/809 2.0it/s 2:35<4:14[K       1/10      16.3G     0.7336     0.4832    0.06339        293        640: 38% ━━━━╸─────── 310/809 2.1it/s 2:36<3:57[K       1/10      16.3G     0.7338     0.4832    0.06339        339        640: 38% ━━━━╸─────── 311/809 2.2it/s 2:36<3:49[K       1/10      16.3G     0.7339     0.4832    0.06337        302        640: 38% ━━━━╸─────── 312/809 2.2it/s 2:37<3:41[K       1/10      16.3G     0.7335     0.4832     0.0633        234        640: 38% ━━━━╸─────── 313/809 2.3it/s 2:37<3:37[K       1/10      16.3G     0.7334     0.4831    0.06327        299        640: 38% ━━━━╸─────── 314/809 2.3it/s 2:38<3:34[K       1/10      16.3G     0.7332     0.4832    0.06322        235        640: 38% ━━━━╸─────── 315/809 2.4it/s 2:38<3:22[K       1/10      16.3G     0.7328     0.4832    0.06321        234        640: 39% ━━━━╸─────── 316/809 2.5it/s 2:38<3:20[K       1/10      16.3G     0.7334     0.4831    0.06324        513        640: 39% ━━━━╸─────── 317/809 2.3it/s 2:39<3:34[K       1/10      16.3G     0.7337     0.4831    0.06322        315        640: 39% ━━━━╸─────── 318/809 2.3it/s 2:39<3:34[K       1/10      16.3G     0.7341      0.483    0.06319        469        640: 39% ━━━━╸─────── 319/809 2.2it/s 2:40<3:40[K       1/10      16.3G     0.7349     0.4827    0.06341        590        640: 39% ━━━━╸─────── 320/809 1.7it/s 2:42<4:49[K       1/10      16.3G     0.7347     0.4827     0.0634        336        640: 39% ━━━━╸─────── 321/809 1.9it/s 2:42<4:22[K       1/10      16.3G     0.7347     0.4828    0.06339        280        640: 39% ━━━━╸─────── 322/809 2.0it/s 2:43<4:00[K       1/10      16.3G     0.7345     0.4829    0.06337        381        640: 39% ━━━━╸─────── 323/809 2.1it/s 2:43<3:51[K       1/10      16.3G     0.7346     0.4829    0.06331        307        640: 40% ━━━━╸─────── 324/809 2.2it/s 2:44<3:42[K       1/10      16.3G      0.735     0.4829    0.06326        410        640: 40% ━━━━╸─────── 325/809 2.1it/s 2:44<3:46[K       1/10      16.3G     0.7353     0.4828    0.06326        479        640: 40% ━━━━╸─────── 326/809 2.1it/s 2:45<3:53[K       1/10      16.3G     0.7352     0.4829    0.06331        384        640: 40% ━━━━╸─────── 327/809 2.1it/s 2:45<3:53[K       1/10      16.3G     0.7348     0.4828    0.06325        389        640: 40% ━━━━╸─────── 328/809 2.2it/s 2:46<3:43[K       1/10      16.3G     0.7345      0.483    0.06319        311        640: 40% ━━━━╸─────── 329/809 2.2it/s 2:46<3:34[K       1/10      16.3G     0.7344     0.4831    0.06319        284        640: 40% ━━━━╸─────── 330/809 2.3it/s 2:46<3:30[K       1/10      16.3G     0.7343     0.4832     0.0632        377        640: 40% ━━━━╸─────── 331/809 2.3it/s 2:47<3:32[K       1/10      16.3G     0.7338     0.4834    0.06314        387        640: 41% ━━━━╸─────── 332/809 2.2it/s 2:47<3:34[K       1/10      16.3G     0.7343     0.4833    0.06319        483        640: 41% ━━━━╸─────── 333/809 2.1it/s 2:48<3:49[K       1/10      16.3G     0.7347     0.4834    0.06321        310        640: 41% ━━━━╸─────── 334/809 2.1it/s 2:48<3:48[K       1/10      16.3G     0.7351     0.4834    0.06319        397        640: 41% ━━━━╸─────── 335/809 2.1it/s 2:49<3:49[K       1/10      16.3G     0.7354     0.4835    0.06316        257        640: 41% ━━━━╸─────── 336/809 2.2it/s 2:49<3:34[K       1/10      16.3G     0.7355     0.4835    0.06314        250        640: 41% ━━━━╸─────── 337/809 2.3it/s 2:50<3:27[K       1/10      16.3G     0.7359     0.4834    0.06332        552        640: 41% ━━━━━─────── 338/809 1.9it/s 2:51<4:10[K       1/10      16.3G     0.7356     0.4834     0.0633        362        640: 41% ━━━━━─────── 339/809 2.0it/s 2:51<3:58[K       1/10      16.3G     0.7354     0.4837    0.06329        226        640: 42% ━━━━━─────── 340/809 2.2it/s 2:52<3:38[K       1/10      16.3G     0.7351     0.4838    0.06328        245        640: 42% ━━━━━─────── 341/809 2.2it/s 2:52<3:32[K       1/10      16.3G     0.7347     0.4838    0.06323        247        640: 42% ━━━━━─────── 342/809 2.3it/s 2:52<3:24[K       1/10      16.3G     0.7349     0.4836    0.06322        366        640: 42% ━━━━━─────── 343/809 2.2it/s 2:53<3:31[K       1/10      16.3G     0.7345     0.4836    0.06326        370        640: 42% ━━━━━─────── 344/809 2.2it/s 2:53<3:28[K       1/10      16.3G     0.7354     0.4834    0.06335        769        640: 42% ━━━━━─────── 345/809 1.8it/s 2:55<4:16[K       1/10      16.3G     0.7357     0.4835    0.06334        329        640: 42% ━━━━━─────── 346/809 1.9it/s 2:55<4:01[K       1/10      16.3G     0.7358     0.4834    0.06332        225        640: 42% ━━━━━─────── 347/809 2.1it/s 2:55<3:38[K       1/10      16.3G     0.7356     0.4835    0.06332        277        640: 43% ━━━━━─────── 348/809 2.1it/s 2:56<3:36[K       1/10      16.3G     0.7357     0.4835     0.0633        203        640: 43% ━━━━━─────── 349/809 2.3it/s 2:56<3:23[K       1/10      16.3G     0.7358     0.4834    0.06331        392        640: 43% ━━━━━─────── 350/809 2.3it/s 2:57<3:24[K       1/10      16.3G     0.7354     0.4835    0.06328        231        640: 43% ━━━━━─────── 351/809 2.3it/s 2:57<3:20[K       1/10      16.3G     0.7351     0.4836    0.06328        348        640: 43% ━━━━━─────── 352/809 2.3it/s 2:58<3:19[K       1/10      16.3G     0.7347     0.4836    0.06327        316        640: 43% ━━━━━─────── 353/809 2.3it/s 2:58<3:16[K       1/10      16.3G     0.7346     0.4837    0.06325        305        640: 43% ━━━━━─────── 354/809 2.3it/s 2:58<3:15[K       1/10      16.3G     0.7354     0.4835    0.06326        559        640: 43% ━━━━━─────── 355/809 2.1it/s 2:59<3:35[K       1/10      16.3G      0.735     0.4836    0.06322        329        640: 44% ━━━━━─────── 356/809 2.1it/s 2:59<3:33[K       1/10      16.3G     0.7349     0.4836    0.06322        312        640: 44% ━━━━━─────── 357/809 2.1it/s 2:60<3:33[K       1/10      16.3G      0.735     0.4837    0.06322        288        640: 44% ━━━━━─────── 358/809 2.2it/s 3:00<3:26[K       1/10      16.3G     0.7348     0.4836    0.06318        363        640: 44% ━━━━━─────── 359/809 2.2it/s 3:01<3:25[K       1/10      16.3G     0.7343     0.4836    0.06314        339        640: 44% ━━━━━─────── 360/809 2.2it/s 3:01<3:21[K       1/10      16.3G     0.7348     0.4834    0.06317        654        640: 44% ━━━━━─────── 361/809 2.0it/s 3:02<3:44[K       1/10      16.3G     0.7349     0.4834    0.06314        285        640: 44% ━━━━━─────── 362/809 2.1it/s 3:02<3:37[K       1/10      16.3G     0.7347     0.4837    0.06314        195        640: 44% ━━━━━─────── 363/809 2.3it/s 3:03<3:17[K       1/10      16.3G     0.7347     0.4837     0.0631        475        640: 44% ━━━━━─────── 364/809 2.2it/s 3:03<3:23[K       1/10      16.3G     0.7345     0.4837    0.06312        322        640: 45% ━━━━━─────── 365/809 2.3it/s 3:04<3:17[K       1/10      16.3G     0.7342     0.4837    0.06312        371        640: 45% ━━━━━─────── 366/809 2.3it/s 3:04<3:17[K       1/10      16.3G     0.7339     0.4837     0.0631        395        640: 45% ━━━━━─────── 367/809 2.2it/s 3:05<3:18[K       1/10      16.3G     0.7342     0.4836     0.0631        464        640: 45% ━━━━━─────── 368/809 2.1it/s 3:05<3:28[K       1/10      16.3G     0.7344     0.4836    0.06313        335        640: 45% ━━━━━─────── 369/809 2.0it/s 3:06<3:35[K       1/10      16.3G     0.7342     0.4838     0.0631        227        640: 45% ━━━━━─────── 370/809 2.2it/s 3:06<3:20[K       1/10      16.3G     0.7353     0.4837    0.06329        498        640: 45% ━━━━━╸────── 371/809 1.8it/s 3:07<4:04[K       1/10      16.3G     0.7351     0.4839    0.06332        312        640: 45% ━━━━━╸────── 372/809 2.0it/s 3:08<3:42[K       1/10      16.3G     0.7351     0.4839    0.06331        358        640: 46% ━━━━━╸────── 373/809 2.1it/s 3:08<3:31[K       1/10      16.3G     0.7354     0.4838    0.06331        387        640: 46% ━━━━━╸────── 374/809 2.0it/s 3:09<3:42[K       1/10      16.3G     0.7364     0.4837     0.0634        648        640: 46% ━━━━━╸────── 375/809 1.8it/s 3:09<4:05[K       1/10      16.3G     0.7367     0.4838    0.06342        338        640: 46% ━━━━━╸────── 376/809 1.9it/s 3:10<3:52[K       1/10      16.3G     0.7368     0.4837    0.06341        387        640: 46% ━━━━━╸────── 377/809 1.9it/s 3:10<3:46[K       1/10      16.3G     0.7368     0.4837     0.0634        505        640: 46% ━━━━━╸────── 378/809 1.9it/s 3:11<3:42[K       1/10      16.3G     0.7364      0.484    0.06344        244        640: 46% ━━━━━╸────── 379/809 2.1it/s 3:11<3:22[K       1/10      16.3G     0.7361      0.484    0.06339        258        640: 46% ━━━━━╸────── 380/809 2.2it/s 3:12<3:13[K       1/10      16.3G     0.7362      0.484    0.06335        369        640: 47% ━━━━━╸────── 381/809 2.2it/s 3:12<3:11[K       1/10      16.3G     0.7356      0.484    0.06331        380        640: 47% ━━━━━╸────── 382/809 2.2it/s 3:13<3:15[K       1/10      16.3G     0.7356      0.484    0.06328        362        640: 47% ━━━━━╸────── 383/809 2.2it/s 3:13<3:10[K       1/10      16.3G     0.7358      0.484    0.06329        417        640: 47% ━━━━━╸────── 384/809 2.2it/s 3:14<3:15[K       1/10      16.3G     0.7359      0.484    0.06331        258        640: 47% ━━━━━╸────── 385/809 2.2it/s 3:14<3:13[K       1/10      16.3G     0.7365     0.4839     0.0633        502        640: 47% ━━━━━╸────── 386/809 2.1it/s 3:15<3:22[K       1/10      16.3G     0.7361      0.484    0.06336        438        640: 47% ━━━━━╸────── 387/809 2.0it/s 3:15<3:29[K       1/10      16.3G     0.7358      0.484    0.06334        240        640: 47% ━━━━━╸────── 388/809 2.1it/s 3:15<3:17[K       1/10      16.3G     0.7362     0.4839    0.06332        334        640: 48% ━━━━━╸────── 389/809 2.2it/s 3:16<3:14[K       1/10      16.3G     0.7357     0.4839    0.06327        372        640: 48% ━━━━━╸────── 390/809 2.2it/s 3:16<3:13[K       1/10      16.3G     0.7357      0.484    0.06333        284        640: 48% ━━━━━╸────── 391/809 2.2it/s 3:17<3:06[K       1/10      16.3G     0.7354      0.484    0.06329        286        640: 48% ━━━━━╸────── 392/809 2.3it/s 3:17<3:04[K       1/10      16.3G     0.7359     0.4839    0.06339        556        640: 48% ━━━━━╸────── 393/809 2.0it/s 3:18<3:24[K       1/10      16.3G     0.7358      0.484    0.06339        410        640: 48% ━━━━━╸────── 394/809 2.1it/s 3:18<3:22[K       1/10      16.3G     0.7357      0.484    0.06341        278        640: 48% ━━━━━╸────── 395/809 2.1it/s 3:19<3:15[K       1/10      16.3G     0.7353     0.4841    0.06342        400        640: 48% ━━━━━╸────── 396/809 2.2it/s 3:19<3:10[K       1/10      16.3G     0.7354     0.4841    0.06344        407        640: 49% ━━━━━╸────── 397/809 2.2it/s 3:20<3:10[K       1/10      16.3G     0.7351     0.4841     0.0635        361        640: 49% ━━━━━╸────── 398/809 2.1it/s 3:20<3:12[K       1/10      16.3G     0.7351     0.4842    0.06355        437        640: 49% ━━━━━╸────── 399/809 2.1it/s 3:21<3:13[K       1/10      16.3G     0.7346     0.4842    0.06352        358        640: 49% ━━━━━╸────── 400/809 2.2it/s 3:21<3:07[K       1/10      16.3G     0.7346     0.4842    0.06355        319        640: 49% ━━━━━╸────── 401/809 2.2it/s 3:22<3:09[K       1/10      16.3G     0.7341     0.4843    0.06355        194        640: 49% ━━━━━╸────── 402/809 2.3it/s 3:22<2:54[K       1/10      16.3G     0.7339     0.4845    0.06352        193        640: 49% ━━━━━╸────── 403/809 2.4it/s 3:22<2:47[K       1/10      16.3G     0.7345     0.4845    0.06356        566        640: 49% ━━━━━╸────── 404/809 2.1it/s 3:23<3:09[K       1/10      16.3G     0.7342     0.4846    0.06354        314        640: 50% ━━━━━━────── 405/809 2.2it/s 3:23<3:02[K       1/10      16.3G     0.7342     0.4846    0.06355        374        640: 50% ━━━━━━────── 406/809 2.2it/s 3:24<3:00[K       1/10      16.3G     0.7338     0.4846     0.0635        285        640: 50% ━━━━━━────── 407/809 2.3it/s 3:24<2:58[K       1/10      16.3G      0.734     0.4847    0.06353        328        640: 50% ━━━━━━────── 408/809 2.2it/s 3:25<2:60[K       1/10      16.3G      0.734     0.4846    0.06354        387        640: 50% ━━━━━━────── 409/809 2.2it/s 3:25<3:05[K       1/10      16.3G     0.7336     0.4847     0.0635        198        640: 50% ━━━━━━────── 410/809 2.3it/s 3:26<2:55[K       1/10      16.3G     0.7335     0.4847    0.06355        358        640: 50% ━━━━━━────── 411/809 2.3it/s 3:26<2:56[K       1/10      16.3G     0.7334     0.4846    0.06351        510        640: 50% ━━━━━━────── 412/809 2.2it/s 3:27<3:04[K       1/10      16.3G     0.7334     0.4847    0.06351        488        640: 51% ━━━━━━────── 413/809 2.1it/s 3:27<3:08[K       1/10      16.3G     0.7333     0.4847    0.06351        422        640: 51% ━━━━━━────── 414/809 2.1it/s 3:28<3:07[K       1/10      16.3G     0.7331     0.4847    0.06348        422        640: 51% ━━━━━━────── 415/809 2.1it/s 3:28<3:04[K       1/10      16.3G     0.7329     0.4847    0.06343        270        640: 51% ━━━━━━────── 416/809 2.2it/s 3:28<2:57[K       1/10      16.3G     0.7326     0.4848    0.06342        384        640: 51% ━━━━━━────── 417/809 2.2it/s 3:29<3:01[K       1/10      16.3G     0.7328     0.4848    0.06346        424        640: 51% ━━━━━━────── 418/809 2.1it/s 3:29<3:05[K       1/10      16.3G     0.7325     0.4849    0.06356        262        640: 51% ━━━━━━────── 419/809 2.2it/s 3:30<2:56[K       1/10      16.3G     0.7331     0.4849    0.06358        340        640: 51% ━━━━━━────── 420/809 2.2it/s 3:30<2:55[K       1/10      16.3G     0.7331      0.485    0.06355        212        640: 52% ━━━━━━────── 421/809 2.4it/s 3:31<2:45[K       1/10      16.3G     0.7329      0.485    0.06356        223        640: 52% ━━━━━━────── 422/809 2.4it/s 3:31<2:42[K       1/10      16.3G     0.7327      0.485    0.06352        196        640: 52% ━━━━━━────── 423/809 2.4it/s 3:31<2:39[K       1/10      16.3G     0.7328      0.485    0.06355        392        640: 52% ━━━━━━────── 424/809 2.3it/s 3:32<2:46[K       1/10      16.3G     0.7322     0.4851    0.06353        345        640: 52% ━━━━━━────── 425/809 2.2it/s 3:32<2:51[K       1/10      16.3G     0.7323      0.485    0.06355        660        640: 52% ━━━━━━────── 426/809 2.0it/s 3:33<3:11[K       1/10      16.3G     0.7324      0.485    0.06354        475        640: 52% ━━━━━━────── 427/809 2.0it/s 3:34<3:13[K       1/10      16.3G     0.7322      0.485    0.06351        296        640: 52% ━━━━━━────── 428/809 2.1it/s 3:34<3:05[K       1/10      16.3G     0.7317     0.4852     0.0635        291        640: 53% ━━━━━━────── 429/809 2.2it/s 3:35<2:56[K       1/10      16.3G     0.7319     0.4852     0.0635        490        640: 53% ━━━━━━────── 430/809 2.1it/s 3:35<2:59[K       1/10      16.3G     0.7315     0.4853    0.06347        270        640: 53% ━━━━━━────── 431/809 2.2it/s 3:35<2:49[K       1/10      16.3G     0.7318     0.4853    0.06347        402        640: 53% ━━━━━━────── 432/809 2.2it/s 3:36<2:50[K       1/10      16.3G     0.7318     0.4853     0.0635        379        640: 53% ━━━━━━────── 433/809 2.1it/s 3:36<2:56[K       1/10      16.3G     0.7323     0.4852    0.06348        540        640: 53% ━━━━━━────── 434/809 2.0it/s 3:37<3:04[K       1/10      16.3G     0.7325     0.4852    0.06354        442        640: 53% ━━━━━━────── 435/809 2.0it/s 3:37<3:05[K       1/10      16.3G     0.7326     0.4851    0.06354        379        640: 53% ━━━━━━────── 436/809 2.1it/s 3:38<2:59[K       1/10      16.3G     0.7326      0.485    0.06354        279        640: 54% ━━━━━━────── 437/809 2.2it/s 3:38<2:51[K       1/10      16.3G      0.733     0.4849    0.06361        303        640: 54% ━━━━━━────── 438/809 2.2it/s 3:39<2:51[K       1/10      16.3G     0.7328      0.485    0.06359        192        640: 54% ━━━━━━╸───── 439/809 2.3it/s 3:39<2:39[K       1/10      16.3G     0.7331     0.4849    0.06363        579        640: 54% ━━━━━━╸───── 440/809 2.0it/s 3:40<3:07[K       1/10      16.3G      0.733      0.485    0.06364        528        640: 54% ━━━━━━╸───── 441/809 1.9it/s 3:41<3:13[K       1/10      16.3G      0.733      0.485    0.06367        348        640: 54% ━━━━━━╸───── 442/809 2.0it/s 3:41<3:03[K       1/10      16.3G     0.7328      0.485    0.06363        314        640: 54% ━━━━━━╸───── 443/809 2.1it/s 3:41<2:52[K       1/10      16.3G     0.7325      0.485     0.0636        393        640: 54% ━━━━━━╸───── 444/809 2.2it/s 3:42<2:48[K       1/10      16.3G     0.7332     0.4849    0.06362        391        640: 55% ━━━━━━╸───── 445/809 2.2it/s 3:42<2:48[K       1/10      16.3G     0.7334     0.4849    0.06364        407        640: 55% ━━━━━━╸───── 446/809 2.1it/s 3:43<2:51[K       1/10      16.3G     0.7334      0.485    0.06361        388        640: 55% ━━━━━━╸───── 447/809 2.1it/s 3:43<2:50[K       1/10      16.3G     0.7334     0.4851    0.06358        263        640: 55% ━━━━━━╸───── 448/809 2.3it/s 3:44<2:39[K       1/10      16.3G     0.7333     0.4851    0.06355        350        640: 55% ━━━━━━╸───── 449/809 2.2it/s 3:44<2:44[K       1/10      16.3G     0.7332      0.485    0.06352        344        640: 55% ━━━━━━╸───── 450/809 2.2it/s 3:45<2:42[K       1/10      16.3G     0.7331      0.485    0.06349        286        640: 55% ━━━━━━╸───── 451/809 2.2it/s 3:45<2:40[K       1/10      16.3G     0.7332      0.485    0.06347        524        640: 55% ━━━━━━╸───── 452/809 2.0it/s 3:46<2:57[K       1/10      16.3G      0.733      0.485    0.06347        272        640: 55% ━━━━━━╸───── 453/809 2.2it/s 3:46<2:44[K       1/10      16.3G     0.7326     0.4851    0.06349        345        640: 56% ━━━━━━╸───── 454/809 2.2it/s 3:47<2:40[K       1/10      16.3G     0.7325     0.4851    0.06348        495        640: 56% ━━━━━━╸───── 455/809 2.2it/s 3:47<2:43[K       1/10      16.3G     0.7323     0.4851    0.06344        474        640: 56% ━━━━━━╸───── 456/809 2.2it/s 3:48<2:44[K       1/10      16.3G      0.732     0.4851    0.06344        302        640: 56% ━━━━━━╸───── 457/809 2.2it/s 3:48<2:43[K       1/10      16.3G     0.7319     0.4851    0.06343        337        640: 56% ━━━━━━╸───── 458/809 2.2it/s 3:48<2:40[K       1/10      16.3G     0.7318     0.4851    0.06342        346        640: 56% ━━━━━━╸───── 459/809 2.2it/s 3:49<2:38[K       1/10      16.3G     0.7318     0.4851    0.06338        333        640: 56% ━━━━━━╸───── 460/809 2.3it/s 3:49<2:34[K       1/10      16.3G     0.7316     0.4852    0.06338        343        640: 56% ━━━━━━╸───── 461/809 2.3it/s 3:50<2:30[K       1/10      16.3G     0.7319     0.4851    0.06338        649        640: 57% ━━━━━━╸───── 462/809 2.1it/s 3:50<2:44[K       1/10      16.3G     0.7317     0.4852    0.06336        379        640: 57% ━━━━━━╸───── 463/809 2.1it/s 3:51<2:41[K       1/10      16.3G     0.7317     0.4852    0.06334        353        640: 57% ━━━━━━╸───── 464/809 2.2it/s 3:51<2:38[K       1/10      16.3G     0.7314     0.4853     0.0633        267        640: 57% ━━━━━━╸───── 465/809 2.2it/s 3:52<2:38[K       1/10      16.3G      0.731     0.4852    0.06327        284        640: 57% ━━━━━━╸───── 466/809 2.2it/s 3:52<2:33[K       1/10      16.3G      0.731     0.4852    0.06328        413        640: 57% ━━━━━━╸───── 467/809 2.2it/s 3:53<2:34[K       1/10      16.3G     0.7308     0.4852    0.06327        314        640: 57% ━━━━━━╸───── 468/809 2.3it/s 3:53<2:28[K       1/10      16.3G     0.7309     0.4852    0.06328        476        640: 57% ━━━━━━╸───── 469/809 2.2it/s 3:53<2:38[K       1/10      16.3G     0.7309     0.4852    0.06333        362        640: 58% ━━━━━━╸───── 470/809 2.2it/s 3:54<2:37[K       1/10      16.3G     0.7311     0.4853    0.06332        357        640: 58% ━━━━━━╸───── 471/809 2.2it/s 3:54<2:36[K       1/10      16.3G      0.731     0.4851    0.06328        285        640: 58% ━━━━━━━───── 472/809 2.3it/s 3:55<2:29[K       1/10      16.3G     0.7307     0.4853    0.06327        102        640: 58% ━━━━━━━───── 473/809 2.3it/s 3:55<2:24[K       1/10      16.3G     0.7309     0.4852    0.06324        312        640: 58% ━━━━━━━───── 474/809 2.3it/s 3:56<2:23[K       1/10      16.3G      0.731     0.4852    0.06321        323        640: 58% ━━━━━━━───── 475/809 2.3it/s 3:56<2:25[K       1/10      16.3G     0.7306     0.4853    0.06317        197        640: 58% ━━━━━━━───── 476/809 2.4it/s 3:56<2:17[K       1/10      16.3G     0.7306     0.4854    0.06316        348        640: 58% ━━━━━━━───── 477/809 2.4it/s 3:57<2:18[K       1/10      16.3G     0.7301     0.4853    0.06312        247        640: 59% ━━━━━━━───── 478/809 2.5it/s 3:57<2:14[K       1/10      16.3G     0.7302     0.4854    0.06314        410        640: 59% ━━━━━━━───── 479/809 2.4it/s 3:58<2:19[K       1/10      16.3G     0.7305     0.4853    0.06314        324        640: 59% ━━━━━━━───── 480/809 2.3it/s 3:58<2:22[K       1/10      16.3G     0.7305     0.4854    0.06311        435        640: 59% ━━━━━━━───── 481/809 2.2it/s 3:59<2:29[K       1/10      16.3G     0.7305     0.4854    0.06311        395        640: 59% ━━━━━━━───── 482/809 2.2it/s 3:59<2:27[K       1/10      16.3G     0.7312     0.4853    0.06317        589        640: 59% ━━━━━━━───── 483/809 2.0it/s 3:60<2:43[K       1/10      16.3G     0.7312     0.4853    0.06315        302        640: 59% ━━━━━━━───── 484/809 2.1it/s 4:00<2:34[K       1/10      16.3G     0.7309     0.4854    0.06313        314        640: 59% ━━━━━━━───── 485/809 2.2it/s 4:01<2:27[K       1/10      16.3G     0.7309     0.4854    0.06314        474        640: 60% ━━━━━━━───── 486/809 2.1it/s 4:01<2:30[K       1/10      16.3G     0.7313     0.4853    0.06314        441        640: 60% ━━━━━━━───── 487/809 2.1it/s 4:02<2:34[K       1/10      16.3G     0.7314     0.4854    0.06309        261        640: 60% ━━━━━━━───── 488/809 2.2it/s 4:02<2:25[K       1/10      16.3G     0.7319     0.4853    0.06308        399        640: 60% ━━━━━━━───── 489/809 2.0it/s 4:03<2:41[K       1/10      16.3G     0.7322     0.4852    0.06306        463        640: 60% ━━━━━━━───── 490/809 2.0it/s 4:03<2:41[K       1/10      16.3G      0.732     0.4853    0.06306        252        640: 60% ━━━━━━━───── 491/809 2.2it/s 4:04<2:26[K       1/10      16.3G      0.732     0.4853    0.06306        327        640: 60% ━━━━━━━───── 492/809 2.2it/s 4:04<2:22[K       1/10      16.3G     0.7323     0.4852    0.06305        239        640: 60% ━━━━━━━───── 493/809 2.2it/s 4:04<2:22[K       1/10      16.3G     0.7322     0.4852    0.06302        403        640: 61% ━━━━━━━───── 494/809 2.2it/s 4:05<2:21[K       1/10      16.3G     0.7319     0.4853      0.063        297        640: 61% ━━━━━━━───── 495/809 2.3it/s 4:05<2:16[K       1/10      16.3G     0.7316     0.4853    0.06302        140        640: 61% ━━━━━━━───── 496/809 2.4it/s 4:06<2:09[K       1/10      16.3G     0.7317     0.4852      0.063        535        640: 61% ━━━━━━━───── 497/809 2.1it/s 4:06<2:26[K       1/10      16.3G     0.7314     0.4853    0.06299        318        640: 61% ━━━━━━━───── 498/809 2.2it/s 4:07<2:21[K       1/10      16.3G     0.7311     0.4854    0.06297        282        640: 61% ━━━━━━━───── 499/809 2.3it/s 4:07<2:12[K       1/10      16.3G     0.7313     0.4853    0.06295        649        640: 61% ━━━━━━━───── 500/809 2.0it/s 4:08<2:35[K       1/10      16.3G     0.7316     0.4853    0.06294        357        640: 61% ━━━━━━━───── 501/809 2.0it/s 4:09<2:35[K       1/10      16.3G     0.7317     0.4853    0.06294        371        640: 62% ━━━━━━━───── 502/809 2.1it/s 4:09<2:29[K       1/10      16.3G     0.7315     0.4854    0.06295        215        640: 62% ━━━━━━━───── 503/809 2.3it/s 4:09<2:16[K       1/10      16.3G     0.7318     0.4855    0.06297        280        640: 62% ━━━━━━━───── 504/809 2.3it/s 4:10<2:14[K       1/10      16.3G     0.7319     0.4855    0.06298        377        640: 62% ━━━━━━━───── 505/809 2.2it/s 4:10<2:18[K       1/10      16.3G     0.7319     0.4855    0.06298        333        640: 62% ━━━━━━━╸──── 506/809 2.3it/s 4:11<2:14[K       1/10      16.3G     0.7318     0.4855      0.063        306        640: 62% ━━━━━━━╸──── 507/809 2.3it/s 4:11<2:11[K       1/10      16.3G     0.7318     0.4857    0.06301        452        640: 62% ━━━━━━━╸──── 508/809 2.2it/s 4:12<2:15[K       1/10      16.3G     0.7322     0.4856    0.06305        419        640: 62% ━━━━━━━╸──── 509/809 1.9it/s 4:12<2:36[K       1/10      16.3G      0.732     0.4856    0.06304        308        640: 63% ━━━━━━━╸──── 510/809 2.0it/s 4:13<2:26[K       1/10      16.3G     0.7316     0.4856    0.06304        167        640: 63% ━━━━━━━╸──── 511/809 2.2it/s 4:13<2:13[K       1/10      16.3G     0.7315     0.4857    0.06301        281        640: 63% ━━━━━━━╸──── 512/809 2.3it/s 4:14<2:07[K       1/10      16.3G     0.7315     0.4858      0.063        368        640: 63% ━━━━━━━╸──── 513/809 2.3it/s 4:14<2:10[K       1/10      16.3G     0.7313     0.4858    0.06299        317        640: 63% ━━━━━━━╸──── 514/809 2.3it/s 4:14<2:08[K       1/10      16.3G     0.7315     0.4858    0.06305        603        640: 63% ━━━━━━━╸──── 515/809 2.0it/s 4:15<2:25[K       1/10      16.3G     0.7316     0.4857    0.06304        381        640: 63% ━━━━━━━╸──── 516/809 2.1it/s 4:16<2:23[K       1/10      16.3G     0.7317     0.4856    0.06303        333        640: 63% ━━━━━━━╸──── 517/809 2.1it/s 4:16<2:19[K       1/10      16.3G     0.7317     0.4856    0.06302        491        640: 64% ━━━━━━━╸──── 518/809 2.1it/s 4:17<2:22[K       1/10      16.3G     0.7316     0.4856    0.06302        379        640: 64% ━━━━━━━╸──── 519/809 2.1it/s 4:17<2:17[K       1/10      16.3G     0.7316     0.4856    0.06305        333        640: 64% ━━━━━━━╸──── 520/809 2.2it/s 4:18<2:12[K       1/10      16.3G     0.7312     0.4856    0.06302        160        640: 64% ━━━━━━━╸──── 521/809 2.3it/s 4:18<2:06[K       1/10      16.3G     0.7313     0.4855    0.06305        519        640: 64% ━━━━━━━╸──── 522/809 2.2it/s 4:18<2:13[K       1/10      16.3G     0.7311     0.4856    0.06307        241        640: 64% ━━━━━━━╸──── 523/809 2.2it/s 4:19<2:09[K       1/10      16.3G     0.7314     0.4855    0.06304        407        640: 64% ━━━━━━━╸──── 524/809 2.2it/s 4:19<2:12[K       1/10      16.3G     0.7312     0.4856    0.06303        207        640: 64% ━━━━━━━╸──── 525/809 2.3it/s 4:20<2:06[K       1/10      16.3G     0.7314     0.4855    0.06304        332        640: 65% ━━━━━━━╸──── 526/809 2.3it/s 4:20<2:06[K       1/10      16.3G     0.7311     0.4856    0.06301        231        640: 65% ━━━━━━━╸──── 527/809 2.3it/s 4:21<2:01[K       1/10      16.3G     0.7315     0.4856    0.06301        581        640: 65% ━━━━━━━╸──── 528/809 2.1it/s 4:21<2:13[K       1/10      16.3G     0.7318     0.4855    0.06302        424        640: 65% ━━━━━━━╸──── 529/809 2.0it/s 4:22<2:20[K       1/10      16.3G     0.7322     0.4855    0.06303        347        640: 65% ━━━━━━━╸──── 530/809 2.1it/s 4:22<2:16[K       1/10      16.3G     0.7321     0.4855    0.06301        282        640: 65% ━━━━━━━╸──── 531/809 2.2it/s 4:23<2:09[K       1/10      16.3G     0.7322     0.4855    0.06299        258        640: 65% ━━━━━━━╸──── 532/809 2.3it/s 4:23<2:03[K       1/10      16.3G     0.7321     0.4855      0.063        342        640: 65% ━━━━━━━╸──── 533/809 2.3it/s 4:24<2:01[K       1/10      16.3G     0.7322     0.4855      0.063        456        640: 66% ━━━━━━━╸──── 534/809 2.2it/s 4:24<2:06[K       1/10      16.3G     0.7323     0.4856    0.06298        280        640: 66% ━━━━━━━╸──── 535/809 2.2it/s 4:24<2:02[K       1/10      16.3G     0.7322     0.4856    0.06297        481        640: 66% ━━━━━━━╸──── 536/809 2.2it/s 4:25<2:07[K       1/10      16.3G     0.7323     0.4856    0.06299        484        640: 66% ━━━━━━━╸──── 537/809 2.0it/s 4:26<2:13[K       1/10      16.3G     0.7323     0.4856    0.06301        322        640: 66% ━━━━━━━╸──── 538/809 2.1it/s 4:26<2:08[K       1/10      16.3G     0.7323     0.4855    0.06303        224        640: 66% ━━━━━━━╸──── 539/809 2.2it/s 4:26<2:01[K       1/10      16.3G     0.7325     0.4856    0.06301        421        640: 66% ━━━━━━━━──── 540/809 2.2it/s 4:27<2:03[K       1/10      16.3G     0.7331     0.4855    0.06301        569        640: 66% ━━━━━━━━──── 541/809 2.0it/s 4:28<2:15[K       1/10      16.3G      0.733     0.4854    0.06301        547        640: 66% ━━━━━━━━──── 542/809 1.9it/s 4:28<2:21[K       1/10      16.3G     0.7329     0.4854    0.06299        365        640: 67% ━━━━━━━━──── 543/809 2.0it/s 4:29<2:13[K       1/10      16.3G     0.7332     0.4854    0.06306        466        640: 67% ━━━━━━━━──── 544/809 2.0it/s 4:29<2:16[K       1/10      16.3G      0.733     0.4854    0.06302        316        640: 67% ━━━━━━━━──── 545/809 2.0it/s 4:30<2:12[K       1/10      16.3G     0.7327     0.4855      0.063        291        640: 67% ━━━━━━━━──── 546/809 2.2it/s 4:30<2:02[K       1/10      16.3G     0.7323     0.4855    0.06297        204        640: 67% ━━━━━━━━──── 547/809 2.3it/s 4:30<1:53[K       1/10      16.3G     0.7321     0.4856    0.06301        310        640: 67% ━━━━━━━━──── 548/809 2.3it/s 4:31<1:52[K       1/10      16.3G     0.7322     0.4856    0.06302        312        640: 67% ━━━━━━━━──── 549/809 2.4it/s 4:31<1:50[K       1/10      16.3G     0.7322     0.4856    0.06304        436        640: 67% ━━━━━━━━──── 550/809 2.3it/s 4:32<1:53[K       1/10      16.3G     0.7325     0.4855    0.06303        499        640: 68% ━━━━━━━━──── 551/809 2.0it/s 4:32<2:09[K       1/10      16.3G     0.7325     0.4855    0.06302        388        640: 68% ━━━━━━━━──── 552/809 2.0it/s 4:33<2:09[K       1/10      16.3G      0.732     0.4856    0.06301        240        640: 68% ━━━━━━━━──── 553/809 2.0it/s 4:33<2:06[K       1/10      16.3G      0.732     0.4856      0.063        346        640: 68% ━━━━━━━━──── 554/809 2.1it/s 4:34<2:02[K       1/10      16.3G     0.7318     0.4855    0.06297        221        640: 68% ━━━━━━━━──── 555/809 2.2it/s 4:34<1:55[K       1/10      16.3G     0.7314     0.4856    0.06295        267        640: 68% ━━━━━━━━──── 556/809 2.3it/s 4:35<1:50[K       1/10      16.3G     0.7315     0.4856    0.06296        548        640: 68% ━━━━━━━━──── 557/809 2.2it/s 4:35<1:56[K       1/10      16.3G     0.7316     0.4856    0.06294        503        640: 68% ━━━━━━━━──── 558/809 2.1it/s 4:36<1:59[K       1/10      16.3G     0.7316     0.4857    0.06291        322        640: 69% ━━━━━━━━──── 559/809 2.2it/s 4:36<1:55[K       1/10      16.3G     0.7314     0.4856     0.0629        267        640: 69% ━━━━━━━━──── 560/809 2.3it/s 4:37<1:50[K       1/10      16.3G     0.7314     0.4857    0.06287        315        640: 69% ━━━━━━━━──── 561/809 2.2it/s 4:37<1:51[K       1/10      16.3G     0.7315     0.4857    0.06286        521        640: 69% ━━━━━━━━──── 562/809 2.2it/s 4:37<1:55[K       1/10      16.3G     0.7312     0.4857    0.06284        292        640: 69% ━━━━━━━━──── 563/809 2.2it/s 4:38<1:52[K       1/10      16.3G     0.7311     0.4857    0.06281        265        640: 69% ━━━━━━━━──── 564/809 2.3it/s 4:38<1:48[K       1/10      16.3G     0.7314     0.4857     0.0628        355        640: 69% ━━━━━━━━──── 565/809 2.3it/s 4:39<1:48[K       1/10      16.3G     0.7313     0.4856    0.06278        298        640: 69% ━━━━━━━━──── 566/809 2.3it/s 4:39<1:46[K       1/10      16.3G     0.7316     0.4855    0.06294        363        640: 70% ━━━━━━━━──── 567/809 2.2it/s 4:40<1:49[K       1/10      16.3G     0.7313     0.4855    0.06292        298        640: 70% ━━━━━━━━──── 568/809 2.3it/s 4:40<1:47[K       1/10      16.3G     0.7314     0.4855     0.0629        328        640: 70% ━━━━━━━━──── 569/809 2.2it/s 4:41<1:49[K       1/10      16.3G     0.7314     0.4855    0.06289        359        640: 70% ━━━━━━━━──── 570/809 2.2it/s 4:41<1:46[K       1/10      16.3G     0.7315     0.4855    0.06288        248        640: 70% ━━━━━━━━──── 571/809 2.3it/s 4:41<1:44[K       1/10      16.3G     0.7315     0.4855    0.06291        450        640: 70% ━━━━━━━━──── 572/809 2.2it/s 4:42<1:47[K       1/10      16.3G     0.7313     0.4856    0.06288        246        640: 70% ━━━━━━━━──── 573/809 2.3it/s 4:42<1:44[K       1/10      16.3G     0.7311     0.4857    0.06289        228        640: 70% ━━━━━━━━╸─── 574/809 2.3it/s 4:43<1:40[K       1/10      16.3G     0.7308     0.4857    0.06286        279        640: 71% ━━━━━━━━╸─── 575/809 2.4it/s 4:43<1:37[K       1/10      16.3G     0.7308     0.4857    0.06285        382        640: 71% ━━━━━━━━╸─── 576/809 2.3it/s 4:44<1:40[K       1/10      16.3G      0.731     0.4856    0.06293        533        640: 71% ━━━━━━━━╸─── 577/809 2.0it/s 4:44<1:54[K       1/10      16.3G      0.731     0.4856    0.06296        343        640: 71% ━━━━━━━━╸─── 578/809 2.1it/s 4:45<1:51[K       1/10      16.3G     0.7308     0.4857    0.06292        363        640: 71% ━━━━━━━━╸─── 579/809 2.2it/s 4:45<1:45[K       1/10      16.3G     0.7307     0.4858    0.06291        376        640: 71% ━━━━━━━━╸─── 580/809 2.2it/s 4:46<1:45[K       1/10      16.3G     0.7306     0.4858    0.06291        570        640: 71% ━━━━━━━━╸─── 581/809 2.1it/s 4:46<1:50[K       1/10      16.3G     0.7307     0.4857    0.06294        386        640: 71% ━━━━━━━━╸─── 582/809 2.1it/s 4:47<1:49[K       1/10      16.3G     0.7307     0.4858    0.06297        311        640: 72% ━━━━━━━━╸─── 583/809 2.2it/s 4:47<1:44[K       1/10      16.3G     0.7305     0.4858    0.06296        372        640: 72% ━━━━━━━━╸─── 584/809 2.2it/s 4:48<1:43[K       1/10      16.3G     0.7308     0.4857    0.06303        408        640: 72% ━━━━━━━━╸─── 585/809 2.1it/s 4:48<1:47[K       1/10      16.3G     0.7311     0.4857    0.06303        405        640: 72% ━━━━━━━━╸─── 586/809 2.0it/s 4:49<1:52[K       1/10      16.3G      0.731     0.4857    0.06301        325        640: 72% ━━━━━━━━╸─── 587/809 2.1it/s 4:49<1:47[K       1/10      16.3G     0.7313     0.4857    0.06302        303        640: 72% ━━━━━━━━╸─── 588/809 2.2it/s 4:50<1:41[K       1/10      16.3G     0.7313     0.4857    0.06302        336        640: 72% ━━━━━━━━╸─── 589/809 2.3it/s 4:50<1:37[K       1/10      16.3G     0.7311     0.4857    0.06302        440        640: 72% ━━━━━━━━╸─── 590/809 2.2it/s 4:50<1:38[K       1/10      16.3G      0.731     0.4857    0.06302        241        640: 73% ━━━━━━━━╸─── 591/809 2.3it/s 4:51<1:35[K       1/10      16.3G      0.731     0.4857      0.063        346        640: 73% ━━━━━━━━╸─── 592/809 2.3it/s 4:51<1:34[K       1/10      16.3G     0.7312     0.4857    0.06299        431        640: 73% ━━━━━━━━╸─── 593/809 2.2it/s 4:52<1:39[K       1/10      16.3G     0.7311     0.4857    0.06297        327        640: 73% ━━━━━━━━╸─── 594/809 2.2it/s 4:52<1:37[K       1/10      16.3G      0.731     0.4857    0.06299        377        640: 73% ━━━━━━━━╸─── 595/809 2.2it/s 4:53<1:36[K       1/10      16.3G     0.7309     0.4857    0.06298        458        640: 73% ━━━━━━━━╸─── 596/809 2.2it/s 4:53<1:36[K       1/10      16.3G     0.7312     0.4856    0.06297        401        640: 73% ━━━━━━━━╸─── 597/809 2.2it/s 4:54<1:37[K       1/10      16.3G     0.7314     0.4856    0.06299        533        640: 73% ━━━━━━━━╸─── 598/809 2.1it/s 4:54<1:40[K       1/10      16.3G     0.7315     0.4856    0.06298        229        640: 74% ━━━━━━━━╸─── 599/809 2.2it/s 4:55<1:35[K       1/10      16.3G     0.7313     0.4855    0.06297        376        640: 74% ━━━━━━━━╸─── 600/809 2.2it/s 4:55<1:35[K       1/10      16.3G     0.7311     0.4856    0.06298        410        640: 74% ━━━━━━━━╸─── 601/809 2.1it/s 4:55<1:38[K       1/10      16.3G     0.7308     0.4857      0.063        273        640: 74% ━━━━━━━━╸─── 602/809 2.2it/s 4:56<1:32[K       1/10      16.3G     0.7308     0.4857    0.06299        308        640: 74% ━━━━━━━━╸─── 603/809 2.3it/s 4:56<1:29[K       1/10      16.3G     0.7309     0.4857    0.06299        486        640: 74% ━━━━━━━━╸─── 604/809 2.3it/s 4:57<1:31[K       1/10      16.3G     0.7308     0.4858      0.063        351        640: 74% ━━━━━━━━╸─── 605/809 2.3it/s 4:57<1:29[K       1/10      16.3G     0.7311     0.4858    0.06299        440        640: 74% ━━━━━━━━╸─── 606/809 2.2it/s 4:58<1:33[K       1/10      16.3G     0.7308     0.4858    0.06297        292        640: 75% ━━━━━━━━━─── 607/809 2.2it/s 4:58<1:31[K       1/10      16.3G     0.7305     0.4858    0.06297        292        640: 75% ━━━━━━━━━─── 608/809 2.3it/s 4:59<1:29[K       1/10      16.3G     0.7304     0.4858      0.063        290        640: 75% ━━━━━━━━━─── 609/809 2.2it/s 4:59<1:29[K       1/10      16.3G     0.7304     0.4858    0.06302        387        640: 75% ━━━━━━━━━─── 610/809 2.2it/s 4:59<1:29[K       1/10      16.3G     0.7306     0.4857    0.06307        546        640: 75% ━━━━━━━━━─── 611/809 2.0it/s 5:00<1:38[K       1/10      16.3G     0.7305     0.4857    0.06308        476        640: 75% ━━━━━━━━━─── 612/809 2.0it/s 5:01<1:39[K       1/10      16.3G     0.7304     0.4857    0.06308        178        640: 75% ━━━━━━━━━─── 613/809 2.2it/s 5:01<1:30[K       1/10      16.3G     0.7303     0.4858    0.06313        221        640: 75% ━━━━━━━━━─── 614/809 2.3it/s 5:01<1:24[K       1/10      16.3G     0.7302     0.4858    0.06313        531        640: 76% ━━━━━━━━━─── 615/809 2.2it/s 5:02<1:28[K       1/10      16.3G       0.73     0.4858    0.06315        458        640: 76% ━━━━━━━━━─── 616/809 2.2it/s 5:02<1:28[K       1/10      16.3G     0.7302     0.4857    0.06316        313        640: 76% ━━━━━━━━━─── 617/809 2.1it/s 5:03<1:32[K       1/10      16.3G       0.73     0.4859    0.06314        264        640: 76% ━━━━━━━━━─── 618/809 2.2it/s 5:03<1:26[K       1/10      16.3G     0.7298     0.4859    0.06314        239        640: 76% ━━━━━━━━━─── 619/809 2.4it/s 5:04<1:21[K       1/10      16.3G     0.7298     0.4859    0.06311        326        640: 76% ━━━━━━━━━─── 620/809 2.3it/s 5:04<1:22[K       1/10      16.3G     0.7297     0.4859     0.0631        293        640: 76% ━━━━━━━━━─── 621/809 2.3it/s 5:05<1:21[K       1/10      16.3G     0.7298     0.4859    0.06311        306        640: 76% ━━━━━━━━━─── 622/809 2.3it/s 5:05<1:21[K       1/10      16.3G     0.7298     0.4858     0.0631        492        640: 77% ━━━━━━━━━─── 623/809 2.2it/s 5:06<1:25[K       1/10      16.3G     0.7298     0.4859    0.06309        419        640: 77% ━━━━━━━━━─── 624/809 2.2it/s 5:06<1:25[K       1/10      16.3G     0.7294     0.4859    0.06305        233        640: 77% ━━━━━━━━━─── 625/809 2.2it/s 5:06<1:23[K       1/10      16.3G     0.7294     0.4859    0.06304        538        640: 77% ━━━━━━━━━─── 626/809 2.1it/s 5:07<1:25[K       1/10      16.3G     0.7293     0.4859    0.06303        269        640: 77% ━━━━━━━━━─── 627/809 2.3it/s 5:07<1:20[K       1/10      16.3G     0.7296     0.4858    0.06314        766        640: 77% ━━━━━━━━━─── 628/809 1.9it/s 5:08<1:33[K       1/10      16.3G     0.7297     0.4858    0.06314        415        640: 77% ━━━━━━━━━─── 629/809 2.0it/s 5:09<1:31[K       1/10      16.3G     0.7294     0.4859    0.06311        235        640: 77% ━━━━━━━━━─── 630/809 2.1it/s 5:09<1:24[K       1/10      16.3G     0.7293     0.4859    0.06313        356        640: 77% ━━━━━━━━━─── 631/809 2.2it/s 5:09<1:21[K       1/10      16.3G     0.7292     0.4859    0.06312        397        640: 78% ━━━━━━━━━─── 632/809 2.2it/s 5:10<1:21[K       1/10      16.3G     0.7289     0.4859    0.06309        264        640: 78% ━━━━━━━━━─── 633/809 2.2it/s 5:10<1:20[K       1/10      16.3G     0.7296     0.4857    0.06335        577        640: 78% ━━━━━━━━━─── 634/809 1.7it/s 5:12<1:42[K       1/10      16.3G     0.7298     0.4857    0.06337        464        640: 78% ━━━━━━━━━─── 635/809 1.8it/s 5:13<1:37[K       1/10      16.3G     0.7294     0.4857    0.06334        260        640: 78% ━━━━━━━━━─── 636/809 2.0it/s 5:13<1:27[K       1/10      16.3G     0.7294     0.4857    0.06332        412        640: 78% ━━━━━━━━━─── 637/809 2.0it/s 5:13<1:25[K       1/10      16.3G     0.7294     0.4858    0.06332        368        640: 78% ━━━━━━━━━─── 638/809 2.1it/s 5:14<1:22[K       1/10      16.3G     0.7293     0.4858     0.0633        304        640: 78% ━━━━━━━━━─── 639/809 2.2it/s 5:14<1:17[K       1/10      16.3G     0.7291     0.4858    0.06327        333        640: 79% ━━━━━━━━━─── 640/809 2.2it/s 5:15<1:16[K       1/10      16.3G     0.7291     0.4858    0.06327        486        640: 79% ━━━━━━━━━╸── 641/809 2.1it/s 5:15<1:20[K       1/10      16.3G      0.729     0.4858    0.06328        302        640: 79% ━━━━━━━━━╸── 642/809 2.2it/s 5:16<1:17[K       1/10      16.3G      0.729     0.4858    0.06327        374        640: 79% ━━━━━━━━━╸── 643/809 2.1it/s 5:16<1:19[K       1/10      16.3G     0.7292     0.4858    0.06327        408        640: 79% ━━━━━━━━━╸── 644/809 2.1it/s 5:17<1:20[K       1/10      16.3G     0.7295     0.4858    0.06327        535        640: 79% ━━━━━━━━━╸── 645/809 2.0it/s 5:17<1:24[K       1/10      16.3G     0.7296     0.4858    0.06327        202        640: 79% ━━━━━━━━━╸── 646/809 2.1it/s 5:18<1:18[K       1/10      16.3G     0.7294     0.4858    0.06326        313        640: 79% ━━━━━━━━━╸── 647/809 2.2it/s 5:18<1:14[K       1/10      16.3G     0.7292     0.4859    0.06324        364        640: 80% ━━━━━━━━━╸── 648/809 2.2it/s 5:19<1:14[K       1/10      16.3G     0.7293     0.4859    0.06327        312        640: 80% ━━━━━━━━━╸── 649/809 2.1it/s 5:19<1:17[K       1/10      16.3G     0.7295     0.4858    0.06327        355        640: 80% ━━━━━━━━━╸── 650/809 2.2it/s 5:20<1:14[K       1/10      16.3G     0.7298     0.4857    0.06325        490        640: 80% ━━━━━━━━━╸── 651/809 2.0it/s 5:20<1:18[K       1/10      16.3G     0.7299     0.4857    0.06327        398        640: 80% ━━━━━━━━━╸── 652/809 2.0it/s 5:21<1:20[K       1/10      16.3G     0.7296     0.4858    0.06326        288        640: 80% ━━━━━━━━━╸── 653/809 2.1it/s 5:21<1:15[K       1/10      16.3G     0.7294     0.4858    0.06323        222        640: 80% ━━━━━━━━━╸── 654/809 2.2it/s 5:22<1:10[K       1/10      16.3G     0.7293     0.4858    0.06323        330        640: 80% ━━━━━━━━━╸── 655/809 2.2it/s 5:22<1:09[K       1/10      16.3G     0.7293     0.4858    0.06324        456        640: 81% ━━━━━━━━━╸── 656/809 2.2it/s 5:22<1:11[K       1/10      16.3G     0.7293     0.4857    0.06322        219        640: 81% ━━━━━━━━━╸── 657/809 2.2it/s 5:23<1:09[K       1/10      16.3G     0.7291     0.4858     0.0632        336        640: 81% ━━━━━━━━━╸── 658/809 2.3it/s 5:23<1:07[K       1/10      16.3G     0.7291     0.4858    0.06322        330        640: 81% ━━━━━━━━━╸── 659/809 2.3it/s 5:24<1:06[K       1/10      16.3G      0.729     0.4859    0.06321        485        640: 81% ━━━━━━━━━╸── 660/809 2.2it/s 5:24<1:07[K       1/10      16.3G      0.729     0.4859    0.06322        270        640: 81% ━━━━━━━━━╸── 661/809 2.3it/s 5:25<1:06[K       1/10      16.3G     0.7289     0.4859     0.0632        348        640: 81% ━━━━━━━━━╸── 662/809 2.2it/s 5:25<1:06[K       1/10      16.3G     0.7291     0.4858    0.06318        447        640: 81% ━━━━━━━━━╸── 663/809 2.2it/s 5:26<1:07[K       1/10      16.3G     0.7291     0.4858    0.06321        356        640: 82% ━━━━━━━━━╸── 664/809 2.1it/s 5:26<1:08[K       1/10      16.3G      0.729     0.4858    0.06319        322        640: 82% ━━━━━━━━━╸── 665/809 2.1it/s 5:27<1:08[K       1/10      16.3G     0.7286     0.4859    0.06318        272        640: 82% ━━━━━━━━━╸── 666/809 2.3it/s 5:27<1:03[K       1/10      16.3G     0.7287     0.4858    0.06319        486        640: 82% ━━━━━━━━━╸── 667/809 2.2it/s 5:27<1:05[K       1/10      16.3G      0.729     0.4858    0.06319        407        640: 82% ━━━━━━━━━╸── 668/809 2.1it/s 5:28<1:06[K       1/10      16.3G     0.7293     0.4858    0.06318        461        640: 82% ━━━━━━━━━╸── 669/809 2.1it/s 5:28<1:08[K       1/10      16.3G     0.7291     0.4858    0.06317        269        640: 82% ━━━━━━━━━╸── 670/809 2.2it/s 5:29<1:04[K       1/10      16.3G     0.7288     0.4858    0.06315        250        640: 82% ━━━━━━━━━╸── 671/809 2.2it/s 5:29<1:02[K       1/10      16.3G     0.7286     0.4858    0.06315        378        640: 83% ━━━━━━━━━╸── 672/809 2.2it/s 5:30<1:01[K       1/10      16.3G     0.7284     0.4859    0.06314        186        640: 83% ━━━━━━━━━╸── 673/809 2.3it/s 5:30<59.4s[K       1/10      16.3G     0.7285     0.4859    0.06313        317        640: 83% ━━━━━━━━━╸── 674/809 2.3it/s 5:31<59.9s[K       1/10      16.3G     0.7283     0.4859    0.06312        325        640: 83% ━━━━━━━━━━── 675/809 2.3it/s 5:31<58.2s[K       1/10      16.3G     0.7284     0.4859    0.06312        391        640: 83% ━━━━━━━━━━── 676/809 2.2it/s 5:32<1:02[K       1/10      16.3G     0.7288     0.4858    0.06312        618        640: 83% ━━━━━━━━━━── 677/809 2.0it/s 5:32<1:06[K       1/10      16.3G     0.7286     0.4858    0.06309        287        640: 83% ━━━━━━━━━━── 678/809 2.1it/s 5:33<1:02[K       1/10      16.3G     0.7287     0.4858    0.06307        276        640: 83% ━━━━━━━━━━── 679/809 2.2it/s 5:33<58.4s[K       1/10      16.3G     0.7287     0.4858    0.06308        422        640: 84% ━━━━━━━━━━── 680/809 2.2it/s 5:34<58.8s[K       1/10      16.3G     0.7285     0.4858    0.06309        401        640: 84% ━━━━━━━━━━── 681/809 2.1it/s 5:34<1:00[K       1/10      16.3G     0.7285     0.4858    0.06308        396        640: 84% ━━━━━━━━━━── 682/809 2.1it/s 5:34<59.3s[K       1/10      16.3G     0.7288     0.4858     0.0631        419        640: 84% ━━━━━━━━━━── 683/809 2.0it/s 5:35<1:02[K       1/10      16.3G     0.7285     0.4858    0.06309        178        640: 84% ━━━━━━━━━━── 684/809 2.2it/s 5:35<57.0s[K       1/10      16.3G     0.7285     0.4858    0.06307        383        640: 84% ━━━━━━━━━━── 685/809 2.2it/s 5:36<56.3s[K       1/10      16.3G     0.7284     0.4858    0.06306        252        640: 84% ━━━━━━━━━━── 686/809 2.2it/s 5:36<55.8s[K       1/10      16.3G     0.7284     0.4858    0.06306        338        640: 84% ━━━━━━━━━━── 687/809 2.3it/s 5:37<54.1s[K       1/10      16.3G     0.7282     0.4858    0.06305        311        640: 85% ━━━━━━━━━━── 688/809 2.3it/s 5:37<53.0s[K       1/10      16.3G      0.728     0.4858    0.06305        375        640: 85% ━━━━━━━━━━── 689/809 2.2it/s 5:38<54.5s[K       1/10      16.3G      0.728     0.4858    0.06303        313        640: 85% ━━━━━━━━━━── 690/809 2.3it/s 5:38<52.2s[K       1/10      16.3G      0.728     0.4859    0.06304        378        640: 85% ━━━━━━━━━━── 691/809 2.3it/s 5:39<51.7s[K       1/10      16.3G     0.7278     0.4859    0.06303        226        640: 85% ━━━━━━━━━━── 692/809 2.4it/s 5:39<48.6s[K       1/10      16.3G     0.7277     0.4859    0.06303        323        640: 85% ━━━━━━━━━━── 693/809 2.3it/s 5:39<49.9s[K       1/10      16.3G     0.7276      0.486    0.06304        320        640: 85% ━━━━━━━━━━── 694/809 2.3it/s 5:40<49.7s[K       1/10      16.3G     0.7276      0.486    0.06304        446        640: 85% ━━━━━━━━━━── 695/809 2.2it/s 5:40<51.4s[K       1/10      16.3G     0.7275      0.486    0.06303        307        640: 86% ━━━━━━━━━━── 696/809 2.3it/s 5:41<49.9s[K       1/10      16.3G     0.7275      0.486    0.06302        393        640: 86% ━━━━━━━━━━── 697/809 2.2it/s 5:41<51.0s[K       1/10      16.3G     0.7275      0.486      0.063        426        640: 86% ━━━━━━━━━━── 698/809 2.1it/s 5:42<52.2s[K       1/10      16.3G     0.7275      0.486    0.06298        362        640: 86% ━━━━━━━━━━── 699/809 2.2it/s 5:42<50.6s[K       1/10      16.3G     0.7277     0.4859    0.06302        406        640: 86% ━━━━━━━━━━── 700/809 2.1it/s 5:43<51.2s[K       1/10      16.3G     0.7276     0.4859      0.063        311        640: 86% ━━━━━━━━━━── 701/809 2.2it/s 5:43<49.9s[K       1/10      16.3G     0.7273     0.4859    0.06298        310        640: 86% ━━━━━━━━━━── 702/809 2.2it/s 5:44<48.0s[K       1/10      16.3G     0.7273     0.4858    0.06297        640        640: 86% ━━━━━━━━━━── 703/809 2.0it/s 5:44<52.3s[K       1/10      16.3G     0.7274     0.4858    0.06295        347        640: 87% ━━━━━━━━━━── 704/809 2.1it/s 5:45<49.4s[K       1/10      16.3G     0.7275     0.4857    0.06299        609        640: 87% ━━━━━━━━━━── 705/809 1.9it/s 5:45<54.5s[K       1/10      16.3G     0.7274     0.4858    0.06299        179        640: 87% ━━━━━━━━━━── 706/809 2.1it/s 5:46<48.4s[K       1/10      16.3G     0.7274     0.4857    0.06299        441        640: 87% ━━━━━━━━━━── 707/809 2.1it/s 5:46<49.1s[K       1/10      16.3G     0.7273     0.4857    0.06297        296        640: 87% ━━━━━━━━━━╸─ 708/809 2.2it/s 5:47<46.3s[K       1/10      16.3G     0.7275     0.4856    0.06298        437        640: 87% ━━━━━━━━━━╸─ 709/809 2.1it/s 5:47<48.3s[K       1/10      16.3G     0.7273     0.4856    0.06295        342        640: 87% ━━━━━━━━━━╸─ 710/809 2.1it/s 5:48<47.0s[K       1/10      16.3G     0.7273     0.4856    0.06294        426        640: 87% ━━━━━━━━━━╸─ 711/809 2.1it/s 5:48<47.0s[K       1/10      16.3G     0.7279     0.4855    0.06313        643        640: 88% ━━━━━━━━━━╸─ 712/809 1.6it/s 5:50<1:01[K       1/10      16.3G     0.7278     0.4855     0.0631        255        640: 88% ━━━━━━━━━━╸─ 713/809 1.8it/s 5:51<54.8s[K       1/10      16.3G     0.7279     0.4855    0.06309        383        640: 88% ━━━━━━━━━━╸─ 714/809 1.9it/s 5:51<50.4s[K       1/10      16.3G     0.7281     0.4854    0.06316        503        640: 88% ━━━━━━━━━━╸─ 715/809 1.7it/s 5:52<56.7s[K       1/10      16.3G     0.7281     0.4854    0.06316        534        640: 88% ━━━━━━━━━━╸─ 716/809 1.7it/s 5:53<53.5s[K       1/10      16.3G     0.7284     0.4853    0.06315        299        640: 88% ━━━━━━━━━━╸─ 717/809 1.8it/s 5:53<50.5s[K       1/10      16.3G     0.7288     0.4852    0.06327        577        640: 88% ━━━━━━━━━━╸─ 718/809 1.5it/s 5:55<1:02[K       1/10      16.3G     0.7287     0.4852    0.06327        383        640: 88% ━━━━━━━━━━╸─ 719/809 1.7it/s 5:55<53.3s[K       1/10      16.3G     0.7285     0.4853    0.06325        318        640: 88% ━━━━━━━━━━╸─ 720/809 1.9it/s 5:56<46.5s[K       1/10      16.3G     0.7284     0.4852    0.06323        368        640: 89% ━━━━━━━━━━╸─ 721/809 1.9it/s 5:56<45.9s[K       1/10      16.3G     0.7283     0.4853    0.06323        297        640: 89% ━━━━━━━━━━╸─ 722/809 2.0it/s 5:57<42.6s[K       1/10      16.3G     0.7285     0.4852    0.06326        372        640: 89% ━━━━━━━━━━╸─ 723/809 2.1it/s 5:57<41.2s[K       1/10      16.3G     0.7282     0.4853    0.06324        213        640: 89% ━━━━━━━━━━╸─ 724/809 2.2it/s 5:57<38.6s[K       1/10      16.3G     0.7281     0.4853    0.06323        335        640: 89% ━━━━━━━━━━╸─ 725/809 2.3it/s 5:58<37.2s[K       1/10      16.3G     0.7281     0.4853    0.06323        243        640: 89% ━━━━━━━━━━╸─ 726/809 2.3it/s 5:58<35.4s[K       1/10      16.3G     0.7279     0.4854    0.06323        321        640: 89% ━━━━━━━━━━╸─ 727/809 2.3it/s 5:59<34.9s[K       1/10      16.3G     0.7278     0.4854    0.06323        386        640: 89% ━━━━━━━━━━╸─ 728/809 2.3it/s 5:59<35.2s[K       1/10      16.3G     0.7277     0.4854    0.06322        227        640: 90% ━━━━━━━━━━╸─ 729/809 2.3it/s 5:60<34.8s[K       1/10      16.3G     0.7277     0.4854     0.0632        472        640: 90% ━━━━━━━━━━╸─ 730/809 2.2it/s 6:00<35.9s[K       1/10      16.3G     0.7279     0.4854    0.06325        628        640: 90% ━━━━━━━━━━╸─ 731/809 1.8it/s 6:02<44.5s[K       1/10      16.3G     0.7278     0.4853    0.06323        349        640: 90% ━━━━━━━━━━╸─ 732/809 1.8it/s 6:02<42.0s[K       1/10      16.3G     0.7276     0.4853    0.06324        249        640: 90% ━━━━━━━━━━╸─ 733/809 2.1it/s 6:02<37.0s[K       1/10      16.3G     0.7276     0.4853    0.06322        370        640: 90% ━━━━━━━━━━╸─ 734/809 2.1it/s 6:03<35.9s[K       1/10      16.3G     0.7276     0.4853    0.06321        384        640: 90% ━━━━━━━━━━╸─ 735/809 2.1it/s 6:03<35.3s[K       1/10      16.3G     0.7276     0.4853     0.0632        291        640: 90% ━━━━━━━━━━╸─ 736/809 2.1it/s 6:04<34.3s[K       1/10      16.3G     0.7275     0.4853    0.06319        215        640: 91% ━━━━━━━━━━╸─ 737/809 2.2it/s 6:04<33.2s[K       1/10      16.3G     0.7276     0.4854    0.06319        389        640: 91% ━━━━━━━━━━╸─ 738/809 2.2it/s 6:05<32.3s[K       1/10      16.3G     0.7278     0.4854     0.0632        367        640: 91% ━━━━━━━━━━╸─ 739/809 2.2it/s 6:05<32.1s[K       1/10      16.3G     0.7278     0.4855    0.06319        230        640: 91% ━━━━━━━━━━╸─ 740/809 2.3it/s 6:06<30.1s[K       1/10      16.3G     0.7279     0.4855    0.06319        354        640: 91% ━━━━━━━━━━╸─ 741/809 2.3it/s 6:06<29.7s[K       1/10      16.3G     0.7278     0.4855    0.06317        333        640: 91% ━━━━━━━━━━━─ 742/809 2.3it/s 6:06<29.2s[K       1/10      16.3G     0.7277     0.4855    0.06315        278        640: 91% ━━━━━━━━━━━─ 743/809 2.3it/s 6:07<28.6s[K       1/10      16.3G     0.7278     0.4855    0.06314        418        640: 91% ━━━━━━━━━━━─ 744/809 2.2it/s 6:07<29.0s[K       1/10      16.3G     0.7279     0.4854    0.06315        474        640: 92% ━━━━━━━━━━━─ 745/809 2.1it/s 6:08<30.4s[K       1/10      16.3G     0.7281     0.4854    0.06323        465        640: 92% ━━━━━━━━━━━─ 746/809 2.0it/s 6:09<32.2s[K       1/10      16.3G     0.7283     0.4853    0.06329        681        640: 92% ━━━━━━━━━━━─ 747/809 1.6it/s 6:10<38.5s[K       1/10      16.3G     0.7283     0.4853    0.06332        290        640: 92% ━━━━━━━━━━━─ 748/809 1.8it/s 6:10<33.8s[K       1/10      16.3G     0.7281     0.4853    0.06331        323        640: 92% ━━━━━━━━━━━─ 749/809 2.0it/s 6:11<30.4s[K       1/10      16.3G     0.7284     0.4853     0.0633        419        640: 92% ━━━━━━━━━━━─ 750/809 2.0it/s 6:11<29.2s[K       1/10      16.3G     0.7288     0.4852    0.06333        541        640: 92% ━━━━━━━━━━━─ 751/809 1.9it/s 6:12<30.5s[K       1/10      16.3G     0.7286     0.4852    0.06333        373        640: 92% ━━━━━━━━━━━─ 752/809 2.0it/s 6:12<28.3s[K       1/10      16.3G     0.7285     0.4852    0.06331        381        640: 93% ━━━━━━━━━━━─ 753/809 2.0it/s 6:13<27.8s[K       1/10      16.3G     0.7284     0.4852    0.06332        224        640: 93% ━━━━━━━━━━━─ 754/809 2.2it/s 6:13<24.9s[K       1/10      16.3G     0.7284     0.4853    0.06331        434        640: 93% ━━━━━━━━━━━─ 755/809 2.2it/s 6:13<24.7s[K       1/10      16.3G     0.7286     0.4853    0.06331        453        640: 93% ━━━━━━━━━━━─ 756/809 2.0it/s 6:14<26.1s[K       1/10      16.3G     0.7286     0.4853    0.06331        274        640: 93% ━━━━━━━━━━━─ 757/809 2.1it/s 6:15<24.8s[K       1/10      16.3G     0.7287     0.4854    0.06331        357        640: 93% ━━━━━━━━━━━─ 758/809 2.2it/s 6:15<23.5s[K       1/10      16.3G     0.7288     0.4853     0.0633        403        640: 93% ━━━━━━━━━━━─ 759/809 2.2it/s 6:15<23.0s[K       1/10      16.3G     0.7285     0.4854    0.06327        239        640: 93% ━━━━━━━━━━━─ 760/809 2.3it/s 6:16<21.0s[K       1/10      16.3G     0.7284     0.4854    0.06327        321        640: 94% ━━━━━━━━━━━─ 761/809 2.3it/s 6:16<21.0s[K       1/10      16.3G     0.7284     0.4854    0.06328        330        640: 94% ━━━━━━━━━━━─ 762/809 2.3it/s 6:17<20.6s[K       1/10      16.3G     0.7283     0.4854    0.06327        301        640: 94% ━━━━━━━━━━━─ 763/809 2.3it/s 6:17<19.8s[K       1/10      16.3G     0.7282     0.4854    0.06326        271        640: 94% ━━━━━━━━━━━─ 764/809 2.4it/s 6:18<19.0s[K       1/10      16.3G     0.7283     0.4854    0.06325        480        640: 94% ━━━━━━━━━━━─ 765/809 2.3it/s 6:18<19.4s[K       1/10      16.3G     0.7281     0.4855    0.06323        319        640: 94% ━━━━━━━━━━━─ 766/809 2.3it/s 6:18<18.8s[K       1/10      16.3G      0.728     0.4854    0.06322        519        640: 94% ━━━━━━━━━━━─ 767/809 2.2it/s 6:19<19.2s[K       1/10      16.3G      0.728     0.4855    0.06322        248        640: 94% ━━━━━━━━━━━─ 768/809 2.3it/s 6:19<17.9s[K       1/10      16.3G      0.728     0.4855    0.06324        441        640: 95% ━━━━━━━━━━━─ 769/809 2.2it/s 6:20<18.5s[K       1/10      16.3G      0.728     0.4855    0.06324        258        640: 95% ━━━━━━━━━━━─ 770/809 2.2it/s 6:20<17.5s[K       1/10      16.3G     0.7279     0.4856    0.06325        171        640: 95% ━━━━━━━━━━━─ 771/809 2.4it/s 6:21<16.1s[K       1/10      16.3G     0.7281     0.4855    0.06329        444        640: 95% ━━━━━━━━━━━─ 772/809 2.0it/s 6:21<18.4s[K       1/10      16.3G      0.728     0.4855    0.06328        329        640: 95% ━━━━━━━━━━━─ 773/809 2.1it/s 6:22<17.2s[K       1/10      16.3G     0.7281     0.4855    0.06328        318        640: 95% ━━━━━━━━━━━─ 774/809 2.2it/s 6:22<16.2s[K       1/10      16.3G     0.7283     0.4854    0.06329        420        640: 95% ━━━━━━━━━━━─ 775/809 2.0it/s 6:23<16.9s[K       1/10      16.3G     0.7282     0.4854    0.06328        446        640: 95% ━━━━━━━━━━━╸ 776/809 2.1it/s 6:23<16.1s[K       1/10      16.3G      0.728     0.4855    0.06329        286        640: 96% ━━━━━━━━━━━╸ 777/809 2.1it/s 6:24<15.4s[K       1/10      16.3G     0.7278     0.4855    0.06328        243        640: 96% ━━━━━━━━━━━╸ 778/809 2.2it/s 6:24<13.9s[K       1/10      16.3G     0.7278     0.4855    0.06328        388        640: 96% ━━━━━━━━━━━╸ 779/809 2.2it/s 6:25<13.5s[K       1/10      16.3G      0.728     0.4855    0.06329        417        640: 96% ━━━━━━━━━━━╸ 780/809 2.2it/s 6:25<13.4s[K       1/10      16.3G     0.7279     0.4856    0.06329        265        640: 96% ━━━━━━━━━━━╸ 781/809 2.2it/s 6:26<12.5s[K       1/10      16.3G     0.7278     0.4856    0.06328        245        640: 96% ━━━━━━━━━━━╸ 782/809 2.3it/s 6:26<11.7s[K       1/10      16.3G     0.7277     0.4856     0.0633        289        640: 96% ━━━━━━━━━━━╸ 783/809 2.3it/s 6:26<11.1s[K       1/10      16.3G     0.7277     0.4856    0.06329        316        640: 96% ━━━━━━━━━━━╸ 784/809 2.4it/s 6:27<10.6s[K       1/10      16.3G     0.7279     0.4856    0.06336        555        640: 97% ━━━━━━━━━━━╸ 785/809 2.1it/s 6:28<11.6s[K       1/10      16.3G     0.7278     0.4856    0.06336        321        640: 97% ━━━━━━━━━━━╸ 786/809 2.1it/s 6:28<10.8s[K       1/10      16.3G     0.7275     0.4857    0.06335        178        640: 97% ━━━━━━━━━━━╸ 787/809 2.2it/s 6:28<9.9s[K       1/10      16.3G     0.7278     0.4857    0.06335        587        640: 97% ━━━━━━━━━━━╸ 788/809 2.1it/s 6:29<10.2s[K       1/10      16.3G     0.7279     0.4857    0.06333        301        640: 97% ━━━━━━━━━━━╸ 789/809 2.1it/s 6:29<9.4s[K       1/10      16.3G     0.7278     0.4857    0.06332        323        640: 97% ━━━━━━━━━━━╸ 790/809 2.3it/s 6:30<8.4s[K       1/10      16.3G      0.728     0.4856    0.06331        398        640: 97% ━━━━━━━━━━━╸ 791/809 2.1it/s 6:30<8.7s[K       1/10      16.3G      0.728     0.4856    0.06332        554        640: 97% ━━━━━━━━━━━╸ 792/809 2.0it/s 6:31<8.4s[K       1/10      16.3G     0.7279     0.4856    0.06331        273        640: 98% ━━━━━━━━━━━╸ 793/809 2.1it/s 6:31<7.8s[K       1/10      16.3G     0.7279     0.4857     0.0633        178        640: 98% ━━━━━━━━━━━╸ 794/809 2.3it/s 6:32<6.6s[K       1/10      16.3G     0.7278     0.4857    0.06329        395        640: 98% ━━━━━━━━━━━╸ 795/809 2.3it/s 6:32<6.2s[K       1/10      16.3G     0.7278     0.4858    0.06329        242        640: 98% ━━━━━━━━━━━╸ 796/809 2.3it/s 6:33<5.6s[K       1/10      16.3G     0.7278     0.4858    0.06327        296        640: 98% ━━━━━━━━━━━╸ 797/809 2.3it/s 6:33<5.3s[K       1/10      16.3G     0.7277     0.4857    0.06328        335        640: 98% ━━━━━━━━━━━╸ 798/809 2.3it/s 6:34<4.8s[K       1/10      16.3G     0.7279     0.4857     0.0633        491        640: 98% ━━━━━━━━━━━╸ 799/809 2.1it/s 6:34<4.8s[K       1/10      16.3G     0.7276     0.4858    0.06328        326        640: 98% ━━━━━━━━━━━╸ 800/809 2.1it/s 6:35<4.3s[K       1/10      16.3G     0.7277     0.4858    0.06329        522        640: 99% ━━━━━━━━━━━╸ 801/809 1.9it/s 6:35<4.2s[K       1/10      16.3G     0.7278     0.4858    0.06328        471        640: 99% ━━━━━━━━━━━╸ 802/809 2.0it/s 6:36<3.6s[K       1/10      16.3G      0.728     0.4858    0.06327        347        640: 99% ━━━━━━━━━━━╸ 803/809 2.0it/s 6:36<3.0s[K       1/10      16.3G     0.7279     0.4857    0.06326        351        640: 99% ━━━━━━━━━━━╸ 804/809 2.1it/s 6:37<2.4s[K       1/10      16.3G      0.728     0.4857    0.06328        404        640: 99% ━━━━━━━━━━━╸ 805/809 1.9it/s 6:37<2.1s[K       1/10      16.3G      0.728     0.4856    0.06329        480        640: 99% ━━━━━━━━━━━╸ 806/809 1.9it/s 6:38<1.6s[K       1/10      16.3G     0.7278     0.4857    0.06327        406        640: 99% ━━━━━━━━━━━╸ 807/809 2.0it/s 6:38<1.0s[K       1/10      16.3G     0.7277     0.4857    0.06326        415        640: 99% ━━━━━━━━━━━╸ 808/809 2.0it/s 6:39<0.5s[K       1/10      16.3G     0.7277     0.4857    0.06326        415        640: 100% ━━━━━━━━━━━━ 809/809 2.0it/s 6:39
[K                 Class     Images  Instances      Box(P          R      mAP50  mAP50-95): 2% ──────────── 1/35 1.4s/it 0.4s<48.1s[K                 Class     Images  Instances      Box(P          R      mAP50  mAP50-95): 5% ╸─────────── 2/35 2.2it/s 0.6s<15.0s[K                 Class     Images  Instances      Box(P          R      mAP50  mAP50-95): 8% ━─────────── 3/35 2.8it/s 0.8s<11.6s[K                 Class     Images  Instances      Box(P          R      mAP50  mAP50-95): 11% ━─────────── 4/35 3.0it/s 1.1s<10.2s[K                 Class     Images  Instances      Box(P          R      mAP50  mAP50-95): 14% ━╸────────── 5/35 3.1it/s 1.4s<9.7s[K                 Class     Images  Instances      Box(P          R      mAP50  mAP50-95): 17% ━━────────── 6/35 3.2it/s 1.7s<9.1s[K                 Class     Images  Instances      Box(P          R      mAP50  mAP50-95): 20% ━━────────── 7/35 3.3it/s 2.0s<8.6s[K                 Class     Images  Instances      Box(P          R      mAP50  mAP50-95): 22% ━━╸───────── 8/35 3.0it/s 2.4s<8.9s[K                 Class     Images  Instances      Box(P          R      mAP50  mAP50-95): 25% ━━━───────── 9/35 3.3it/s 2.7s<7.8s[K                 Class     Images  Instances      Box(P          R      mAP50  mAP50-95): 28% ━━━───────── 10/35 3.8it/s 2.9s<6.6s[K                 Class     Images  Instances      Box(P          R      mAP50  mAP50-95): 31% ━━━╸──────── 11/35 3.5it/s 3.2s<6.9s[K                 Class     Images  Instances      Box(P          R      mAP50  mAP50-95): 34% ━━━━──────── 12/35 3.4it/s 3.5s<6.8s[K                 Class     Images  Instances      Box(P          R      mAP50  mAP50-95): 37% ━━━━──────── 13/35 3.5it/s 3.8s<6.2s[K                 Class     Images  Instances      Box(P          R      mAP50  mAP50-95): 40% ━━━━╸─────── 14/35 3.4it/s 4.1s<6.1s[K                 Class     Images  Instances      Box(P          R      mAP50  mAP50-95): 42% ━━━━━─────── 15/35 3.7it/s 4.4s<5.4s[K                 Class     Images  Instances      Box(P          R      mAP50  mAP50-95): 45% ━━━━━─────── 16/35 3.6it/s 4.6s<5.3s[K                 Class     Images  Instances      Box(P          R      mAP50  mAP50-95): 48% ━━━━━╸────── 17/35 3.3it/s 5.0s<5.4s[K                 Class     Images  Instances      Box(P          R      mAP50  mAP50-95): 51% ━━━━━━────── 18/35 3.5it/s 5.3s<4.9s[K                 Class     Images  Instances      Box(P          R      mAP50  mAP50-95): 54% ━━━━━━╸───── 19/35 3.6it/s 5.5s<4.4s[K                 Class     Images  Instances      Box(P          R      mAP50  mAP50-95): 57% ━━━━━━╸───── 20/35 3.8it/s 5.8s<4.0s[K                 Class     Images  Instances      Box(P          R      mAP50  mAP50-95): 60% ━━━━━━━───── 21/35 3.6it/s 6.1s<3.9s[K                 Class     Images  Instances      Box(P          R      mAP50  mAP50-95): 62% ━━━━━━━╸──── 22/35 3.1it/s 6.6s<4.2s[K                 Class     Images  Instances      Box(P          R      mAP50  mAP50-95): 65% ━━━━━━━╸──── 23/35 2.5it/s 7.6s<4.9s[K                 Class     Images  Instances      Box(P          R      mAP50  mAP50-95): 68% ━━━━━━━━──── 24/35 1.9it/s 9.7s<5.9s[K                 Class     Images  Instances      Box(P          R      mAP50  mAP50-95): 71% ━━━━━━━━╸─── 25/35 2.2it/s 10.0s<4.5s[K                 Class     Images  Instances      Box(P          R      mAP50  mAP50-95): 74% ━━━━━━━━╸─── 26/35 2.8it/s 10.2s<3.2s[K                 Class     Images  Instances      Box(P          R      mAP50  mAP50-95): 77% ━━━━━━━━━─── 27/35 2.8it/s 10.6s<2.8s[K                 Class     Images  Instances      Box(P          R      mAP50  mAP50-95): 80% ━━━━━━━━━╸── 28/35 2.9it/s 10.9s<2.4s[K                 Class     Images  Instances      Box(P          R      mAP50  mAP50-95): 82% ━━━━━━━━━╸── 29/35 3.1it/s 11.2s<1.9s[K                 Class     Images  Instances      Box(P          R      mAP50  mAP50-95): 85% ━━━━━━━━━━── 30/35 3.4it/s 11.4s<1.5s[K                 Class     Images  Instances      Box(P          R      mAP50  mAP50-95): 88% ━━━━━━━━━━╸─ 31/35 3.3it/s 11.8s<1.2s[K                 Class     Images  Instances      Box(P          R      mAP50  mAP50-95): 91% ━━━━━━━━━━╸─ 32/35 3.2it/s 12.1s<0.9s[K                 Class     Images  Instances      Box(P          R      mAP50  mAP50-95): 94% ━━━━━━━━━━━─ 33/35 3.5it/s 12.3s<0.6s[K                 Class     Images  Instances      Box(P          R      mAP50  mAP50-95): 97% ━━━━━━━━━━━╸ 34/35 3.9it/s 12.5s<0.3s[K                 Class     Images  Instances      Box(P          R      mAP50  mAP50-95): 100% ━━━━━━━━━━━━ 35/35 2.7it/s 12.8s
                   all        548      38759      0.512      0.436      0.415      0.242

      Epoch    GPU_mem  giou_loss   cls_loss    l1_loss  Instances       Size
/root/data/uav/venv/lib/python3.10/site-packages/torch/autograd/graph.py:825: UserWarning: grid_sampler_2d_backward_cuda does not have a deterministic implementation, but you set 'torch.use_deterministic_algorithms(True, warn_only=True)'. You can file an issue at https://github.com/pytorch/pytorch/issues to help us prioritize adding deterministic support for this operation. (Triggered internally at ../aten/src/ATen/Context.cpp:91.)
  return Variable._execution_engine.run_backward(  # Calls into the C++ engine to run the backward pass
[K       2/10      2.41G     0.8539     0.4395    0.06157        405        640: 0% ──────────── 0/809  0.5s[K       2/10      2.41G     0.8419     0.4613    0.06359        397        640: 0% ──────────── 1/809 1.6s/it 1.0s<21:52[K       2/10      2.41G     0.8402     0.4713    0.06056        380        640: 0% ──────────── 2/809 1.1it/s 1.5s<12:30[K       2/10      2.41G     0.8097     0.4831    0.06157        324        640: 0% ──────────── 3/809 1.5it/s 1.9s<9:12[K       2/10      2.41G     0.7824     0.4928    0.06121        425        640: 0% ──────────── 4/809 1.7it/s 2.4s<8:07[K       2/10      2.41G     0.7491     0.4896    0.05777        275        640: 0% ──────────── 5/809 1.9it/s 2.8s<7:10[K       2/10      3.26G     0.7802     0.4828    0.06494        473        640: 0% ──────────── 6/809 1.7it/s 3.5s<7:40[K       2/10      3.26G     0.7685     0.4839    0.06564        402        640: 0% ──────────── 7/809 1.8it/s 4.0s<7:26[K       2/10      3.26G     0.7676     0.4795    0.06591        270        640: 0% ──────────── 8/809 1.9it/s 4.5s<7:11[K       2/10      3.26G     0.7587     0.4835    0.06452        347        640: 1% ──────────── 9/809 2.0it/s 5.0s<6:44[K       2/10      3.26G     0.7678     0.4846    0.06344        392        640: 1% ──────────── 10/809 2.0it/s 5.4s<6:33[K       2/10      4.26G     0.7842     0.4814    0.07319        655        640: 1% ──────────── 11/809 1.6it/s 6.9s<8:09[K       2/10      4.26G     0.7811     0.4796    0.07155        306        640: 1% ──────────── 12/809 1.8it/s 7.3s<7:12[K       2/10      4.26G     0.7668     0.4804    0.07027        356        640: 1% ──────────── 13/809 2.0it/s 7.7s<6:46[K       2/10      4.26G     0.7593     0.4802    0.06904        280        640: 1% ──────────── 14/809 2.1it/s 8.2s<6:24[K       2/10      4.26G     0.7558     0.4834    0.06728        274        640: 1% ──────────── 15/809 2.1it/s 8.6s<6:11[K       2/10      4.26G     0.7462     0.4866    0.06679        147        640: 1% ──────────── 16/809 2.2it/s 9.0s<5:59[K       2/10      4.26G      0.746     0.4856    0.06635        411        640: 2% ──────────── 17/809 2.2it/s 9.5s<6:05[K       2/10      4.26G     0.7319     0.4856    0.06589        146        640: 2% ──────────── 18/809 2.3it/s 9.9s<5:40[K       2/10      4.26G     0.7334     0.4876    0.06515        254        640: 2% ──────────── 19/809 2.4it/s 10.3s<5:36[K       2/10      4.26G     0.7418     0.4853    0.06761        468        640: 2% ──────────── 20/809 2.1it/s 11.0s<6:21[K       2/10      4.26G     0.7423     0.4861    0.06772        244        640: 2% ──────────── 21/809 2.2it/s 11.4s<6:06[K       2/10      4.26G     0.7384     0.4858    0.06791        315        640: 2% ──────────── 22/809 2.2it/s 11.9s<5:55[K       2/10      4.26G     0.7368     0.4856    0.06718        353        640: 2% ──────────── 23/809 2.2it/s 12.3s<5:55[K       2/10      4.26G     0.7395     0.4869    0.06739        356        640: 2% ──────────── 24/809 2.2it/s 12.8s<6:04[K       2/10      4.26G     0.7327     0.4893    0.06704        261        640: 3% ──────────── 25/809 2.2it/s 13.2s<5:52[K       2/10      4.26G     0.7388     0.4873    0.06699        471        640: 3% ──────────── 26/809 2.1it/s 13.8s<6:10[K       2/10      4.26G     0.7361     0.4882    0.06652        326        640: 3% ──────────── 27/809 2.2it/s 14.2s<6:03[K       2/10      4.26G     0.7336     0.4887    0.06617        323        640: 3% ──────────── 28/809 2.2it/s 14.7s<5:59[K       2/10      4.26G     0.7297     0.4893    0.06592        294        640: 3% ──────────── 29/809 2.2it/s 15.1s<5:55[K       2/10      4.26G     0.7346     0.4877    0.06594        648        640: 3% ──────────── 30/809 2.0it/s 15.7s<6:27[K       2/10      4.26G     0.7365     0.4871    0.06594        380        640: 3% ──────────── 31/809 2.0it/s 16.2s<6:25[K       2/10      4.26G     0.7325     0.4888     0.0664        321        640: 3% ──────────── 32/809 2.0it/s 16.7s<6:21[K       2/10      4.26G     0.7332      0.489    0.06595        355        640: 4% ──────────── 33/809 2.1it/s 17.2s<6:17[K       2/10      4.26G     0.7347     0.4895    0.06564        486        640: 4% ╸─────────── 34/809 2.0it/s 17.7s<6:23[K       2/10      4.26G     0.7291      0.489    0.06529        291        640: 4% ╸─────────── 35/809 2.1it/s 18.1s<6:08[K       2/10      4.26G      0.728     0.4902    0.06547        336        640: 4% ╸─────────── 36/809 2.2it/s 18.6s<5:58[K       2/10      4.26G     0.7282     0.4909    0.06538        347        640: 4% ╸─────────── 37/809 2.2it/s 19.0s<5:51[K       2/10      4.26G     0.7279     0.4913    0.06529        304        640: 4% ╸─────────── 38/809 2.3it/s 19.4s<5:42[K       2/10      4.26G     0.7271     0.4919    0.06492        371        640: 4% ╸─────────── 39/809 2.2it/s 19.9s<5:43[K       2/10      4.26G      0.723     0.4922    0.06444        263        640: 4% ╸─────────── 40/809 2.2it/s 20.3s<5:44[K       2/10      4.26G      0.722     0.4928    0.06428        274        640: 5% ╸─────────── 41/809 2.3it/s 20.8s<5:41[K       2/10      4.26G       0.72      0.493    0.06418        391        640: 5% ╸─────────── 42/809 2.2it/s 21.2s<5:42[K       2/10      4.26G     0.7201     0.4931    0.06379        353        640: 5% ╸─────────── 43/809 2.2it/s 21.7s<5:44[K       2/10      4.26G     0.7172     0.4931    0.06348        366        640: 5% ╸─────────── 44/809 2.2it/s 22.1s<5:40[K       2/10      4.26G     0.7217     0.4912    0.06378        655        640: 5% ╸─────────── 45/809 1.8it/s 23.2s<6:56[K       2/10      4.26G     0.7205     0.4917    0.06343        480        640: 5% ╸─────────── 46/809 1.9it/s 23.8s<6:50[K       2/10      4.26G     0.7199     0.4916     0.0635        331        640: 5% ╸─────────── 47/809 2.0it/s 24.2s<6:22[K       2/10      4.26G     0.7195      0.492    0.06328        364        640: 5% ╸─────────── 48/809 2.0it/s 24.7s<6:20[K       2/10      4.26G     0.7153     0.4926    0.06307        297        640: 6% ╸─────────── 49/809 2.1it/s 25.1s<5:60[K       2/10      4.26G     0.7128     0.4926    0.06283        385        640: 6% ╸─────────── 50/809 2.1it/s 25.6s<5:56[K       2/10      4.26G     0.7079     0.4927    0.06254        252        640: 6% ╸─────────── 51/809 2.2it/s 26.0s<5:40[K       2/10      4.26G      0.709     0.4922     0.0627        426        640: 6% ╸─────────── 52/809 2.1it/s 26.5s<5:56[K       2/10      4.26G     0.7072      0.492    0.06246        371        640: 6% ╸─────────── 53/809 2.1it/s 27.0s<5:54[K       2/10      4.26G     0.7091     0.4917    0.06231        462        640: 6% ╸─────────── 54/809 2.1it/s 27.5s<6:03[K       2/10      4.26G     0.7129      0.491    0.06231        329        640: 6% ╸─────────── 55/809 2.1it/s 28.0s<5:59[K       2/10      4.26G     0.7135     0.4915    0.06278        408        640: 6% ╸─────────── 56/809 2.0it/s 28.5s<6:09[K       2/10      4.26G     0.7095     0.4921    0.06247        414        640: 7% ╸─────────── 57/809 2.1it/s 28.9s<6:02[K       2/10      4.26G     0.7083     0.4922     0.0624        352        640: 7% ╸─────────── 58/809 2.1it/s 29.4s<5:50[K       2/10      4.26G     0.7087     0.4924    0.06234        287        640: 7% ╸─────────── 59/809 2.2it/s 29.8s<5:38[K       2/10      4.26G     0.7119     0.4918    0.06242        461        640: 7% ╸─────────── 60/809 2.1it/s 30.3s<5:54[K       2/10      4.26G     0.7126     0.4915    0.06232        354        640: 7% ╸─────────── 61/809 2.1it/s 30.8s<5:49[K       2/10      4.26G     0.7103     0.4921    0.06201        289        640: 7% ╸─────────── 62/809 2.2it/s 31.2s<5:40[K       2/10      4.26G     0.7095     0.4918    0.06191        462        640: 7% ╸─────────── 63/809 2.2it/s 31.7s<5:47[K       2/10      4.26G     0.7079     0.4921    0.06173        223        640: 7% ╸─────────── 64/809 2.2it/s 32.1s<5:40[K       2/10      4.26G     0.7084     0.4919    0.06183        545        640: 8% ╸─────────── 65/809 2.1it/s 32.7s<5:54[K       2/10      4.26G      0.706      0.492    0.06203        218        640: 8% ╸─────────── 66/809 2.2it/s 33.1s<5:37[K       2/10      4.26G     0.7055      0.492    0.06177        282        640: 8% ╸─────────── 67/809 2.3it/s 33.5s<5:29[K       2/10      4.26G     0.7059     0.4924    0.06162        329        640: 8% ━─────────── 68/809 2.3it/s 33.9s<5:28[K       2/10      4.26G     0.7046     0.4924    0.06164        403        640: 8% ━─────────── 69/809 2.2it/s 34.4s<5:34[K       2/10      4.26G     0.7058      0.493    0.06148        205        640: 8% ━─────────── 70/809 2.3it/s 34.8s<5:24[K       2/10      4.26G     0.7077     0.4929    0.06181        401        640: 8% ━─────────── 71/809 2.1it/s 35.4s<5:47[K       2/10      4.26G     0.7116     0.4917    0.06253        502        640: 8% ━─────────── 72/809 1.8it/s 36.3s<6:44[K       2/10      4.26G     0.7098     0.4917    0.06264        244        640: 9% ━─────────── 73/809 2.0it/s 36.7s<6:04[K       2/10      4.26G     0.7098     0.4916     0.0626        336        640: 9% ━─────────── 74/809 2.1it/s 37.1s<5:54[K       2/10      4.26G     0.7089     0.4917     0.0624        420        640: 9% ━─────────── 75/809 2.1it/s 37.6s<5:51[K       2/10      4.26G     0.7091     0.4916    0.06232        385        640: 9% ━─────────── 76/809 2.1it/s 38.1s<5:46[K       2/10      4.26G     0.7079     0.4922    0.06207        383        640: 9% ━─────────── 77/809 2.2it/s 38.5s<5:39[K       2/10      4.26G     0.7066     0.4918    0.06199        351        640: 9% ━─────────── 78/809 2.2it/s 39.0s<5:34[K       2/10      4.26G     0.7057     0.4921    0.06177        313        640: 9% ━─────────── 79/809 2.2it/s 39.4s<5:28[K       2/10      4.26G     0.7051     0.4921    0.06171        535        640: 9% ━─────────── 80/809 2.1it/s 40.0s<5:55[K       2/10      4.26G     0.7049     0.4921     0.0619        382        640: 10% ━─────────── 81/809 2.1it/s 40.5s<5:48[K       2/10      4.26G     0.7054     0.4917    0.06163        339        640: 10% ━─────────── 82/809 2.1it/s 40.9s<5:39[K       2/10      4.26G     0.7068     0.4914    0.06169        597        640: 10% ━─────────── 83/809 2.0it/s 41.5s<6:09[K       2/10      4.26G     0.7076     0.4916    0.06173        425        640: 10% ━─────────── 84/809 2.0it/s 42.0s<5:60[K       2/10      4.26G      0.709     0.4915    0.06187        489        640: 10% ━─────────── 85/809 2.0it/s 42.5s<6:07[K       2/10      4.26G     0.7093      0.491    0.06179        615        640: 10% ━─────────── 86/809 1.9it/s 43.1s<6:17[K       2/10      4.26G     0.7077     0.4916    0.06163        247        640: 10% ━─────────── 87/809 2.1it/s 43.5s<5:51[K       2/10      4.26G     0.7082     0.4918    0.06167        388        640: 10% ━─────────── 88/809 2.0it/s 44.0s<5:52[K       2/10      4.26G     0.7084     0.4921    0.06147        235        640: 11% ━─────────── 89/809 2.2it/s 44.4s<5:25[K       2/10      4.26G     0.7068      0.492    0.06134        241        640: 11% ━─────────── 90/809 2.3it/s 44.8s<5:12[K       2/10      4.26G     0.7077     0.4916    0.06119        383        640: 11% ━─────────── 91/809 2.3it/s 45.3s<5:17[K       2/10      4.26G     0.7091     0.4911    0.06115        434        640: 11% ━─────────── 92/809 2.2it/s 45.7s<5:24[K       2/10      4.26G     0.7093     0.4912    0.06094        381        640: 11% ━─────────── 93/809 2.2it/s 46.2s<5:27[K       2/10      4.26G     0.7075     0.4913    0.06086        257        640: 11% ━─────────── 94/809 2.3it/s 46.6s<5:10[K       2/10      4.26G     0.7069     0.4909    0.06077        321        640: 11% ━─────────── 95/809 2.3it/s 47.0s<5:13[K       2/10      4.26G     0.7084     0.4907    0.06075        488        640: 11% ━─────────── 96/809 2.1it/s 47.6s<5:33[K       2/10      4.26G     0.7089     0.4911    0.06102        561        640: 11% ━─────────── 97/809 2.0it/s 48.2s<6:03[K       2/10      4.26G      0.707     0.4912    0.06088        253        640: 12% ━─────────── 98/809 2.1it/s 48.6s<5:36[K       2/10      4.26G     0.7075     0.4912    0.06076        430        640: 12% ━─────────── 99/809 2.1it/s 49.1s<5:31[K       2/10      4.26G      0.708     0.4912    0.06087        480        640: 12% ━─────────── 100/809 2.1it/s 49.6s<5:38[K       2/10      4.26G     0.7074      0.491    0.06099        334        640: 12% ━─────────── 101/809 2.1it/s 50.0s<5:29[K       2/10      4.26G     0.7077     0.4913    0.06114        282        640: 12% ━╸────────── 102/809 2.2it/s 50.5s<5:21[K       2/10      4.26G     0.7082     0.4909    0.06103        323        640: 12% ━╸────────── 103/809 2.2it/s 50.9s<5:15[K       2/10      4.26G     0.7081      0.491    0.06124        281        640: 12% ━╸────────── 104/809 2.2it/s 51.3s<5:15[K       2/10      4.26G     0.7074     0.4913    0.06121        304        640: 12% ━╸────────── 105/809 2.3it/s 51.8s<5:08[K       2/10      4.26G     0.7081     0.4916    0.06121        393        640: 13% ━╸────────── 106/809 2.3it/s 52.2s<5:11[K       2/10      4.26G     0.7083     0.4916    0.06125        303        640: 13% ━╸────────── 107/809 2.3it/s 52.6s<5:08[K       2/10      4.26G     0.7075     0.4923    0.06133        329        640: 13% ━╸────────── 108/809 2.3it/s 53.1s<5:04[K       2/10       5.7G     0.7103     0.4916    0.06248        599        640: 13% ━╸────────── 109/809 1.8it/s 54.9s<6:33[K       2/10       5.7G     0.7103     0.4917    0.06238        405        640: 13% ━╸────────── 110/809 1.9it/s 55.3s<6:13[K       2/10       5.7G     0.7107     0.4915    0.06223        452        640: 13% ━╸────────── 111/809 1.9it/s 55.8s<5:59[K       2/10       5.7G       0.71     0.4919    0.06229        315        640: 13% ━╸────────── 112/809 2.0it/s 56.3s<5:44[K       2/10       5.7G     0.7095     0.4918    0.06219        279        640: 13% ━╸────────── 113/809 2.2it/s 56.7s<5:20[K       2/10       5.7G     0.7089     0.4916    0.06205        241        640: 14% ━╸────────── 114/809 2.3it/s 57.1s<5:07[K       2/10       5.7G     0.7081     0.4918    0.06217        362        640: 14% ━╸────────── 115/809 2.3it/s 57.5s<5:02[K       2/10       5.7G     0.7095     0.4919    0.06235        513        640: 14% ━╸────────── 116/809 2.1it/s 58.1s<5:26[K       2/10       5.7G     0.7107     0.4915    0.06249        485        640: 14% ━╸────────── 117/809 2.0it/s 58.6s<5:40[K       2/10       5.7G     0.7123      0.491    0.06293        428        640: 14% ━╸────────── 118/809 1.9it/s 59.3s<6:07[K       2/10       5.7G     0.7113     0.4909     0.0628        264        640: 14% ━╸────────── 119/809 2.0it/s 59.7s<5:38[K       2/10       5.7G     0.7131     0.4903    0.06372        624        640: 14% ━╸────────── 120/809 1.6it/s 1:02<7:18[K       2/10       5.7G     0.7141     0.4902    0.06372        477        640: 14% ━╸────────── 121/809 1.7it/s 1:02<6:51[K       2/10       5.7G     0.7142     0.4901    0.06365        251        640: 15% ━╸────────── 122/809 1.9it/s 1:03<5:55[K       2/10       5.7G     0.7141     0.4902     0.0636        258        640: 15% ━╸────────── 123/809 2.1it/s 1:03<5:33[K       2/10       5.7G     0.7141     0.4904    0.06365        306        640: 15% ━╸────────── 124/809 2.1it/s 1:04<5:20[K       2/10       5.7G     0.7135     0.4904    0.06369        252        640: 15% ━╸────────── 125/809 2.2it/s 1:04<5:06[K       2/10       5.7G     0.7134     0.4904    0.06366        327        640: 15% ━╸────────── 126/809 2.2it/s 1:04<5:04[K       2/10       5.7G     0.7134     0.4903    0.06354        179        640: 15% ━╸────────── 127/809 2.4it/s 1:05<4:47[K       2/10       5.7G     0.7147     0.4906    0.06362        276        640: 15% ━╸────────── 128/809 2.3it/s 1:05<4:54[K       2/10       5.7G     0.7147     0.4905    0.06374        385        640: 15% ━╸────────── 129/809 2.3it/s 1:06<4:60[K       2/10       5.7G     0.7155     0.4905    0.06363        428        640: 16% ━╸────────── 130/809 2.2it/s 1:06<5:10[K       2/10       5.7G     0.7155     0.4905    0.06361        356        640: 16% ━╸────────── 131/809 2.2it/s 1:07<5:12[K       2/10       5.7G     0.7177     0.4901    0.06359        486        640: 16% ━╸────────── 132/809 2.0it/s 1:07<5:38[K       2/10       5.7G     0.7176     0.4899     0.0639        287        640: 16% ━╸────────── 133/809 2.1it/s 1:08<5:18[K       2/10       5.7G     0.7188     0.4897    0.06391        350        640: 16% ━╸────────── 134/809 2.0it/s 1:08<5:32[K       2/10       5.7G      0.719     0.4897    0.06403        241        640: 16% ━━────────── 135/809 2.2it/s 1:09<5:09[K       2/10       5.7G     0.7201     0.4893    0.06405        627        640: 16% ━━────────── 136/809 2.0it/s 1:09<5:41[K       2/10       5.7G     0.7192     0.4891      0.064        232        640: 16% ━━────────── 137/809 2.1it/s 1:10<5:19[K       2/10       5.7G     0.7178     0.4889    0.06418        187        640: 17% ━━────────── 138/809 2.2it/s 1:10<5:01[K       2/10       5.7G     0.7186     0.4893    0.06414        259        640: 17% ━━────────── 139/809 2.3it/s 1:11<4:50[K       2/10       5.7G     0.7179     0.4894    0.06411        392        640: 17% ━━────────── 140/809 2.3it/s 1:11<4:56[K       2/10       5.7G     0.7179     0.4894    0.06413        322        640: 17% ━━────────── 141/809 2.3it/s 1:11<4:56[K       2/10       5.7G     0.7173     0.4894      0.064        296        640: 17% ━━────────── 142/809 2.3it/s 1:12<4:48[K       2/10       5.7G     0.7173     0.4896    0.06395        455        640: 17% ━━────────── 143/809 2.3it/s 1:12<4:55[K       2/10       5.7G     0.7183     0.4895    0.06394        204        640: 17% ━━────────── 144/809 2.3it/s 1:13<4:53[K       2/10       5.7G     0.7179     0.4895    0.06385        308        640: 17% ━━────────── 145/809 2.3it/s 1:13<4:48[K       2/10       5.7G     0.7178     0.4896    0.06387        307        640: 18% ━━────────── 146/809 2.3it/s 1:14<4:47[K       2/10       5.7G     0.7178     0.4894    0.06385        432        640: 18% ━━────────── 147/809 2.2it/s 1:14<4:56[K       2/10       5.7G     0.7175     0.4894    0.06382        338        640: 18% ━━────────── 148/809 2.3it/s 1:14<4:51[K       2/10       5.7G     0.7176     0.4893    0.06376        363        640: 18% ━━────────── 149/809 2.2it/s 1:15<4:54[K       2/10       5.7G     0.7175     0.4893    0.06371        304        640: 18% ━━────────── 150/809 2.3it/s 1:15<4:43[K       2/10       5.7G     0.7179     0.4893    0.06361        280        640: 18% ━━────────── 151/809 2.3it/s 1:16<4:42[K       2/10       5.7G     0.7184     0.4893    0.06357        294        640: 18% ━━────────── 152/809 2.3it/s 1:16<4:50[K       2/10       5.7G     0.7172     0.4894    0.06363        197        640: 18% ━━────────── 153/809 2.4it/s 1:17<4:36[K       2/10       5.7G     0.7181     0.4893     0.0636        396        640: 19% ━━────────── 154/809 2.3it/s 1:17<4:44[K       2/10       5.7G     0.7179     0.4894    0.06355        297        640: 19% ━━────────── 155/809 2.3it/s 1:18<4:41[K       2/10       5.7G     0.7174     0.4895    0.06346        365        640: 19% ━━────────── 156/809 2.3it/s 1:18<4:41[K       2/10       5.7G     0.7175     0.4897    0.06346        272        640: 19% ━━────────── 157/809 2.4it/s 1:18<4:35[K       2/10       5.7G     0.7174     0.4895    0.06344        326        640: 19% ━━────────── 158/809 2.4it/s 1:19<4:33[K       2/10       5.7G       0.72     0.4891    0.06388        572        640: 19% ━━────────── 159/809 2.0it/s 1:20<5:30[K       2/10       5.7G     0.7202     0.4891    0.06386        402        640: 19% ━━────────── 160/809 1.9it/s 1:20<5:36[K       2/10       5.7G     0.7196     0.4894    0.06382        333        640: 19% ━━────────── 161/809 2.0it/s 1:21<5:18[K       2/10       5.7G     0.7199     0.4892    0.06395        430        640: 20% ━━────────── 162/809 2.1it/s 1:21<5:15[K       2/10       5.7G     0.7185      0.489    0.06391        213        640: 20% ━━────────── 163/809 2.2it/s 1:22<4:53[K       2/10       5.7G     0.7184     0.4892    0.06387        388        640: 20% ━━────────── 164/809 2.2it/s 1:22<4:53[K       2/10       5.7G     0.7188     0.4891    0.06391        368        640: 20% ━━────────── 165/809 2.2it/s 1:22<4:47[K       2/10       5.7G     0.7197     0.4889     0.0639        413        640: 20% ━━────────── 166/809 2.2it/s 1:23<4:56[K       2/10       5.7G     0.7202     0.4885    0.06387        445        640: 20% ━━────────── 167/809 2.1it/s 1:23<5:04[K       2/10       5.7G     0.7195     0.4885    0.06376        275        640: 20% ━━────────── 168/809 2.1it/s 1:24<4:60[K       2/10       5.7G     0.7183     0.4885    0.06378        208        640: 20% ━━╸───────── 169/809 2.3it/s 1:24<4:38[K       2/10       5.7G     0.7195     0.4885    0.06385        364        640: 21% ━━╸───────── 170/809 2.2it/s 1:25<4:45[K       2/10       5.7G     0.7194     0.4885    0.06386        367        640: 21% ━━╸───────── 171/809 2.2it/s 1:25<4:44[K       2/10       5.7G     0.7208     0.4882    0.06416        507        640: 21% ━━╸───────── 172/809 2.0it/s 1:26<5:14[K       2/10       5.7G     0.7208     0.4879    0.06417        224        640: 21% ━━╸───────── 173/809 2.1it/s 1:26<4:60[K       2/10       5.7G     0.7213     0.4878    0.06423        548        640: 21% ━━╸───────── 174/809 2.0it/s 1:27<5:12[K       2/10       5.7G     0.7215     0.4877    0.06416        310        640: 21% ━━╸───────── 175/809 2.1it/s 1:27<4:56[K       2/10       5.7G     0.7206     0.4882    0.06403        192        640: 21% ━━╸───────── 176/809 2.3it/s 1:28<4:40[K       2/10       5.7G     0.7218     0.4881    0.06413        400        640: 21% ━━╸───────── 177/809 2.2it/s 1:28<4:48[K       2/10       5.7G     0.7211     0.4882    0.06406        321        640: 22% ━━╸───────── 178/809 2.2it/s 1:29<4:44[K       2/10       5.7G     0.7214     0.4883    0.06392        390        640: 22% ━━╸───────── 179/809 2.2it/s 1:29<4:52[K       2/10       5.7G     0.7209     0.4884    0.06386        466        640: 22% ━━╸───────── 180/809 2.2it/s 1:30<4:53[K       2/10       5.7G     0.7213     0.4885    0.06388        206        640: 22% ━━╸───────── 181/809 2.3it/s 1:30<4:33[K       2/10       5.7G     0.7207     0.4887    0.06383        282        640: 22% ━━╸───────── 182/809 2.3it/s 1:30<4:30[K       2/10       5.7G     0.7207     0.4886    0.06389        493        640: 22% ━━╸───────── 183/809 2.2it/s 1:31<4:43[K       2/10       5.7G     0.7203     0.4886    0.06394        309        640: 22% ━━╸───────── 184/809 2.2it/s 1:31<4:44[K       2/10       5.7G     0.7199     0.4886    0.06392        462        640: 22% ━━╸───────── 185/809 2.1it/s 1:32<4:50[K       2/10       5.7G      0.721     0.4884    0.06388        416        640: 22% ━━╸───────── 186/809 2.1it/s 1:32<4:60[K       2/10       5.7G     0.7201     0.4882    0.06383        346        640: 23% ━━╸───────── 187/809 2.1it/s 1:33<4:53[K       2/10       5.7G     0.7194     0.4883    0.06375        384        640: 23% ━━╸───────── 188/809 2.1it/s 1:33<4:49[K       2/10       5.7G     0.7188     0.4883    0.06367        294        640: 23% ━━╸───────── 189/809 2.2it/s 1:34<4:38[K       2/10       5.7G     0.7183     0.4884    0.06363        366        640: 23% ━━╸───────── 190/809 2.3it/s 1:34<4:34[K       2/10       5.7G     0.7196      0.488    0.06377        375        640: 23% ━━╸───────── 191/809 2.2it/s 1:35<4:41[K       2/10       5.7G     0.7195      0.488    0.06377        428        640: 23% ━━╸───────── 192/809 2.1it/s 1:35<4:54[K       2/10       5.7G     0.7209     0.4877    0.06377        392        640: 23% ━━╸───────── 193/809 2.0it/s 1:36<5:14[K       2/10       5.7G     0.7216     0.4876    0.06369        335        640: 23% ━━╸───────── 194/809 2.1it/s 1:36<4:58[K       2/10       5.7G     0.7218     0.4875    0.06369        570        640: 24% ━━╸───────── 195/809 2.0it/s 1:37<5:04[K       2/10       5.7G      0.722     0.4875    0.06372        172        640: 24% ━━╸───────── 196/809 2.2it/s 1:37<4:33[K       2/10       5.7G     0.7218     0.4875    0.06369        269        640: 24% ━━╸───────── 197/809 2.3it/s 1:37<4:25[K       2/10       5.7G     0.7208     0.4876     0.0636        354        640: 24% ━━╸───────── 198/809 2.3it/s 1:38<4:26[K       2/10       5.7G     0.7202     0.4876    0.06362        366        640: 24% ━━╸───────── 199/809 2.3it/s 1:38<4:26[K       2/10       5.7G     0.7193     0.4878    0.06361        216        640: 24% ━━╸───────── 200/809 2.3it/s 1:39<4:29[K       2/10       5.7G       0.72     0.4877    0.06369        472        640: 24% ━━╸───────── 201/809 2.2it/s 1:39<4:39[K       2/10       5.7G     0.7195     0.4876    0.06362        343        640: 24% ━━╸───────── 202/809 2.2it/s 1:40<4:31[K       2/10       5.7G     0.7207     0.4873    0.06362        433        640: 25% ━━━───────── 203/809 2.1it/s 1:40<4:48[K       2/10       5.7G     0.7212     0.4872     0.0636        273        640: 25% ━━━───────── 204/809 2.2it/s 1:41<4:36[K       2/10       5.7G     0.7202     0.4872    0.06354        242        640: 25% ━━━───────── 205/809 2.3it/s 1:41<4:21[K       2/10       5.7G     0.7208     0.4873    0.06356        347        640: 25% ━━━───────── 206/809 2.3it/s 1:42<4:21[K       2/10       5.7G     0.7211     0.4872    0.06351        438        640: 25% ━━━───────── 207/809 2.2it/s 1:42<4:30[K       2/10       5.7G     0.7218     0.4871    0.06354        627        640: 25% ━━━───────── 208/809 2.0it/s 1:43<4:55[K       2/10       5.7G     0.7222     0.4869    0.06365        674        640: 25% ━━━───────── 209/809 1.9it/s 1:43<5:18[K       2/10       5.7G     0.7221      0.487    0.06365        474        640: 25% ━━━───────── 210/809 2.0it/s 1:44<5:07[K       2/10       5.7G     0.7217     0.4875    0.06357        199        640: 26% ━━━───────── 211/809 2.2it/s 1:44<4:33[K       2/10       5.7G     0.7218     0.4876    0.06356        336        640: 26% ━━━───────── 212/809 2.2it/s 1:45<4:30[K       2/10       5.7G     0.7218     0.4879    0.06356        284        640: 26% ━━━───────── 213/809 2.3it/s 1:45<4:25[K       2/10       5.7G     0.7218     0.4878    0.06346        322        640: 26% ━━━───────── 214/809 2.3it/s 1:45<4:24[K       2/10       5.7G      0.722     0.4879    0.06349        461        640: 26% ━━━───────── 215/809 2.2it/s 1:46<4:34[K       2/10       5.7G      0.722     0.4879    0.06354        309        640: 26% ━━━───────── 216/809 2.2it/s 1:46<4:32[K       2/10       5.7G     0.7215      0.488    0.06348        312        640: 26% ━━━───────── 217/809 2.2it/s 1:47<4:24[K       2/10       5.7G     0.7218     0.4878    0.06347        432        640: 26% ━━━───────── 218/809 2.2it/s 1:47<4:32[K       2/10       5.7G     0.7216     0.4879    0.06343        311        640: 27% ━━━───────── 219/809 2.2it/s 1:48<4:26[K       2/10       5.7G     0.7227     0.4878    0.06341        428        640: 27% ━━━───────── 220/809 2.1it/s 1:48<4:38[K       2/10       5.7G     0.7225      0.488    0.06332        305        640: 27% ━━━───────── 221/809 2.2it/s 1:49<4:26[K       2/10       5.7G     0.7222     0.4882    0.06334        387        640: 27% ━━━───────── 222/809 2.2it/s 1:49<4:24[K       2/10       5.7G     0.7216     0.4883    0.06328        333        640: 27% ━━━───────── 223/809 2.2it/s 1:50<4:22[K       2/10       5.7G     0.7215     0.4883    0.06326        425        640: 27% ━━━───────── 224/809 2.1it/s 1:50<4:36[K       2/10       5.7G     0.7217     0.4884    0.06331        188        640: 27% ━━━───────── 225/809 2.3it/s 1:50<4:16[K       2/10       5.7G     0.7213     0.4885    0.06327        393        640: 27% ━━━───────── 226/809 2.3it/s 1:51<4:18[K       2/10       5.7G     0.7206     0.4884    0.06319        221        640: 28% ━━━───────── 227/809 2.4it/s 1:51<4:07[K       2/10       5.7G     0.7201     0.4885    0.06313        263        640: 28% ━━━───────── 228/809 2.4it/s 1:52<3:59[K       2/10       5.7G     0.7195     0.4886    0.06308        383        640: 28% ━━━───────── 229/809 2.4it/s 1:52<4:07[K       2/10       5.7G     0.7192     0.4886    0.06308        409        640: 28% ━━━───────── 230/809 2.3it/s 1:53<4:07[K       2/10       5.7G     0.7191     0.4886    0.06305        298        640: 28% ━━━───────── 231/809 2.3it/s 1:53<4:11[K       2/10       5.7G     0.7187      0.489      0.063        273        640: 28% ━━━───────── 232/809 2.3it/s 1:53<4:12[K       2/10       5.7G     0.7187     0.4889    0.06303        320        640: 28% ━━━───────── 233/809 2.3it/s 1:54<4:11[K       2/10       5.7G     0.7185      0.489    0.06299        402        640: 28% ━━━───────── 234/809 2.3it/s 1:54<4:15[K       2/10       5.7G     0.7174      0.489    0.06291        257        640: 29% ━━━───────── 235/809 2.3it/s 1:55<4:10[K       2/10       5.7G     0.7176     0.4889    0.06288        378        640: 29% ━━━╸──────── 236/809 2.3it/s 1:55<4:11[K       2/10       5.7G     0.7177     0.4888     0.0629        310        640: 29% ━━━╸──────── 237/809 2.3it/s 1:56<4:10[K       2/10       5.7G     0.7189     0.4885    0.06288        411        640: 29% ━━━╸──────── 238/809 2.2it/s 1:56<4:21[K       2/10       5.7G     0.7204     0.4882    0.06316        700        640: 29% ━━━╸──────── 239/809 1.8it/s 1:58<5:24[K       2/10       5.7G     0.7201     0.4881    0.06314        458        640: 29% ━━━╸──────── 240/809 1.8it/s 1:58<5:24[K       2/10       5.7G     0.7204     0.4882    0.06317        336        640: 29% ━━━╸──────── 241/809 1.9it/s 1:59<4:58[K       2/10       5.7G     0.7209     0.4881    0.06314        311        640: 29% ━━━╸──────── 242/809 2.0it/s 1:59<4:39[K       2/10       5.7G     0.7203     0.4882    0.06315        200        640: 30% ━━━╸──────── 243/809 2.2it/s 1:59<4:14[K       2/10       5.7G     0.7213      0.488    0.06331        513        640: 30% ━━━╸──────── 244/809 2.1it/s 1:60<4:35[K       2/10       5.7G     0.7206      0.488    0.06327        226        640: 30% ━━━╸──────── 245/809 2.2it/s 2:00<4:17[K       2/10       5.7G     0.7206      0.488    0.06332        270        640: 30% ━━━╸──────── 246/809 2.3it/s 2:01<4:10[K       2/10       5.7G     0.7208     0.4882    0.06336        321        640: 30% ━━━╸──────── 247/809 2.3it/s 2:01<4:07[K       2/10       5.7G     0.7206     0.4881    0.06332        282        640: 30% ━━━╸──────── 248/809 2.2it/s 2:02<4:11[K       2/10       5.7G     0.7202     0.4882    0.06325        280        640: 30% ━━━╸──────── 249/809 2.3it/s 2:02<4:03[K       2/10       5.7G     0.7202     0.4882    0.06325        459        640: 30% ━━━╸──────── 250/809 2.2it/s 2:03<4:11[K       2/10       5.7G     0.7202     0.4882    0.06341        454        640: 31% ━━━╸──────── 251/809 2.1it/s 2:03<4:26[K       2/10       5.7G     0.7204     0.4882    0.06338        324        640: 31% ━━━╸──────── 252/809 2.1it/s 2:04<4:20[K       2/10       5.7G     0.7203     0.4884    0.06334        391        640: 31% ━━━╸──────── 253/809 2.2it/s 2:04<4:16[K       2/10       5.7G     0.7204     0.4884    0.06333        384        640: 31% ━━━╸──────── 254/809 2.1it/s 2:04<4:20[K       2/10       5.7G     0.7209     0.4883    0.06334        568        640: 31% ━━━╸──────── 255/809 2.1it/s 2:05<4:30[K       2/10       5.7G     0.7209     0.4885     0.0633        362        640: 31% ━━━╸──────── 256/809 2.1it/s 2:06<4:29[K       2/10       5.7G     0.7207     0.4886    0.06329        398        640: 31% ━━━╸──────── 257/809 2.1it/s 2:06<4:25[K       2/10       5.7G     0.7203     0.4886    0.06321        372        640: 31% ━━━╸──────── 258/809 2.2it/s 2:06<4:16[K       2/10       5.7G     0.7199     0.4885    0.06315        257        640: 32% ━━━╸──────── 259/809 2.2it/s 2:07<4:06[K       2/10       5.7G     0.7197     0.4885    0.06312        333        640: 32% ━━━╸──────── 260/809 2.2it/s 2:07<4:05[K       2/10       5.7G     0.7197     0.4885    0.06313        424        640: 32% ━━━╸──────── 261/809 2.2it/s 2:08<4:07[K       2/10       5.7G     0.7195     0.4885    0.06311        408        640: 32% ━━━╸──────── 262/809 2.2it/s 2:08<4:12[K       2/10       5.7G     0.7191     0.4885    0.06308        298        640: 32% ━━━╸──────── 263/809 2.2it/s 2:09<4:08[K       2/10       5.7G     0.7189     0.4885    0.06304        356        640: 32% ━━━╸──────── 264/809 2.2it/s 2:09<4:11[K       2/10       5.7G     0.7186     0.4887    0.06309        242        640: 32% ━━━╸──────── 265/809 2.2it/s 2:10<4:03[K       2/10       5.7G     0.7182     0.4888    0.06301        383        640: 32% ━━━╸──────── 266/809 2.3it/s 2:10<4:01[K       2/10       5.7G      0.718     0.4887    0.06297        415        640: 33% ━━━╸──────── 267/809 2.2it/s 2:10<4:06[K       2/10       5.7G     0.7192     0.4884    0.06335        794        640: 33% ━━━╸──────── 268/809 1.7it/s 2:12<5:10[K       2/10       5.7G     0.7207     0.4882     0.0637        544        640: 33% ━━━╸──────── 269/809 1.6it/s 2:13<5:46[K       2/10       5.7G     0.7202     0.4883    0.06362        215        640: 33% ━━━━──────── 270/809 1.8it/s 2:13<4:53[K       2/10       5.7G     0.7199     0.4884     0.0636        256        640: 33% ━━━━──────── 271/809 2.0it/s 2:14<4:24[K       2/10       5.7G     0.7203     0.4883    0.06363        441        640: 33% ━━━━──────── 272/809 1.9it/s 2:14<4:35[K       2/10       5.7G     0.7205     0.4882    0.06356        361        640: 33% ━━━━──────── 273/809 2.0it/s 2:15<4:32[K       2/10       5.7G     0.7201     0.4883    0.06355        290        640: 33% ━━━━──────── 274/809 2.1it/s 2:15<4:17[K       2/10       5.7G     0.7205     0.4883    0.06358        384        640: 33% ━━━━──────── 275/809 2.1it/s 2:16<4:16[K       2/10       5.7G     0.7206     0.4883    0.06362        459        640: 34% ━━━━──────── 276/809 2.0it/s 2:16<4:20[K       2/10       5.7G     0.7205     0.4884    0.06359        507        640: 34% ━━━━──────── 277/809 2.0it/s 2:17<4:26[K       2/10       5.7G     0.7217     0.4881    0.06393        673        640: 34% ━━━━──────── 278/809 1.5it/s 2:19<5:51[K       2/10       5.7G     0.7224     0.4881    0.06401        567        640: 34% ━━━━──────── 279/809 1.5it/s 2:20<5:43[K       2/10       5.7G      0.722     0.4883    0.06405        314        640: 34% ━━━━──────── 280/809 1.7it/s 2:20<5:14[K       2/10       5.7G     0.7215     0.4884    0.06395        433        640: 34% ━━━━──────── 281/809 1.8it/s 2:21<4:56[K       2/10       5.7G     0.7224     0.4882    0.06404        527        640: 34% ━━━━──────── 282/809 1.7it/s 2:22<5:05[K       2/10       5.7G     0.7224     0.4882    0.06397        438        640: 34% ━━━━──────── 283/809 1.8it/s 2:22<4:49[K       2/10       5.7G     0.7229     0.4881    0.06394        479        640: 35% ━━━━──────── 284/809 1.9it/s 2:23<4:42[K       2/10       5.7G     0.7235      0.488    0.06395        416        640: 35% ━━━━──────── 285/809 1.9it/s 2:23<4:34[K       2/10       5.7G     0.7236     0.4881     0.0639        382        640: 35% ━━━━──────── 286/809 2.0it/s 2:24<4:23[K       2/10       5.7G     0.7238      0.488    0.06392        473        640: 35% ━━━━──────── 287/809 2.0it/s 2:24<4:24[K       2/10       5.7G     0.7243     0.4878      0.064        643        640: 35% ━━━━──────── 288/809 1.7it/s 2:25<4:59[K       2/10       5.7G     0.7238     0.4879    0.06399        321        640: 35% ━━━━──────── 289/809 1.9it/s 2:25<4:29[K       2/10       5.7G     0.7237     0.4877    0.06413        308        640: 35% ━━━━──────── 290/809 2.0it/s 2:26<4:15[K       2/10       5.7G     0.7237     0.4877    0.06413        336        640: 35% ━━━━──────── 291/809 2.1it/s 2:26<4:06[K       2/10       5.7G     0.7237     0.4878     0.0641        274        640: 36% ━━━━──────── 292/809 2.2it/s 2:27<3:54[K       2/10       5.7G     0.7242     0.4878    0.06417        427        640: 36% ━━━━──────── 293/809 2.1it/s 2:27<4:02[K       2/10       5.7G      0.724     0.4877    0.06414        323        640: 36% ━━━━──────── 294/809 2.2it/s 2:28<3:58[K       2/10       5.7G     0.7242     0.4877    0.06415        398        640: 36% ━━━━──────── 295/809 2.1it/s 2:28<3:59[K       2/10       5.7G     0.7242     0.4877    0.06412        450        640: 36% ━━━━──────── 296/809 2.0it/s 2:29<4:12[K       2/10       5.7G     0.7248     0.4876    0.06408        494        640: 36% ━━━━──────── 297/809 1.9it/s 2:29<4:27[K       2/10       5.7G     0.7255     0.4875    0.06411        464        640: 36% ━━━━──────── 298/809 1.9it/s 2:30<4:33[K       2/10       5.7G     0.7256     0.4875    0.06413        445        640: 36% ━━━━──────── 299/809 1.9it/s 2:30<4:25[K       2/10       5.7G     0.7257     0.4876    0.06411        356        640: 37% ━━━━──────── 300/809 2.0it/s 2:31<4:15[K       2/10       5.7G     0.7261     0.4874    0.06408        295        640: 37% ━━━━──────── 301/809 2.1it/s 2:31<4:04[K       2/10       5.7G      0.726     0.4876    0.06405        190        640: 37% ━━━━──────── 302/809 2.3it/s 2:32<3:45[K       2/10       5.7G     0.7255     0.4874    0.06401        194        640: 37% ━━━━──────── 303/809 2.4it/s 2:32<3:35[K       2/10       5.7G     0.7261     0.4874    0.06402        383        640: 37% ━━━━╸─────── 304/809 2.2it/s 2:32<3:47[K       2/10       5.7G     0.7259     0.4873    0.06396        358        640: 37% ━━━━╸─────── 305/809 2.3it/s 2:33<3:41[K       2/10       5.7G     0.7255     0.4874    0.06399        234        640: 37% ━━━━╸─────── 306/809 2.4it/s 2:33<3:32[K       2/10       5.7G     0.7251     0.4874    0.06395        171        640: 37% ━━━━╸─────── 307/809 2.4it/s 2:34<3:25[K       2/10       5.7G     0.7253     0.4875    0.06398        335        640: 38% ━━━━╸─────── 308/809 2.4it/s 2:34<3:29[K       2/10       5.7G     0.7251     0.4876    0.06399        265        640: 38% ━━━━╸─────── 309/809 2.4it/s 2:35<3:30[K       2/10       5.7G     0.7246     0.4877    0.06393        173        640: 38% ━━━━╸─────── 310/809 2.5it/s 2:35<3:20[K       2/10       5.7G     0.7246     0.4877    0.06388        540        640: 38% ━━━━╸─────── 311/809 2.3it/s 2:35<3:38[K       2/10       5.7G     0.7247     0.4878    0.06391        407        640: 38% ━━━━╸─────── 312/809 2.2it/s 2:36<3:50[K       2/10       5.7G     0.7247     0.4878    0.06389        447        640: 38% ━━━━╸─────── 313/809 2.1it/s 2:36<3:53[K       2/10       5.7G      0.725     0.4877      0.064        415        640: 38% ━━━━╸─────── 314/809 2.0it/s 2:37<4:14[K       2/10       5.7G     0.7251     0.4877    0.06408        301        640: 38% ━━━━╸─────── 315/809 2.1it/s 2:38<4:01[K       2/10       5.7G     0.7256     0.4877     0.0642        403        640: 39% ━━━━╸─────── 316/809 2.0it/s 2:38<4:08[K       2/10       5.7G     0.7252     0.4877    0.06414        216        640: 39% ━━━━╸─────── 317/809 2.2it/s 2:38<3:49[K       2/10       5.7G     0.7245     0.4876    0.06414        239        640: 39% ━━━━╸─────── 318/809 2.3it/s 2:39<3:37[K       2/10       5.7G      0.724     0.4876    0.06415        301        640: 39% ━━━━╸─────── 319/809 2.3it/s 2:39<3:35[K       2/10       5.7G     0.7238     0.4878    0.06414        296        640: 39% ━━━━╸─────── 320/809 2.2it/s 2:40<3:42[K       2/10       5.7G     0.7237     0.4878    0.06411        337        640: 39% ━━━━╸─────── 321/809 2.2it/s 2:40<3:40[K       2/10       5.7G     0.7232     0.4878    0.06414        249        640: 39% ━━━━╸─────── 322/809 2.3it/s 2:41<3:28[K       2/10       5.7G     0.7233     0.4877    0.06411        383        640: 39% ━━━━╸─────── 323/809 2.3it/s 2:41<3:33[K       2/10       5.7G     0.7233     0.4876    0.06408        394        640: 40% ━━━━╸─────── 324/809 2.3it/s 2:42<3:34[K       2/10       5.7G     0.7232     0.4876     0.0641        338        640: 40% ━━━━╸─────── 325/809 2.3it/s 2:42<3:31[K       2/10       5.7G      0.723     0.4876    0.06408        311        640: 40% ━━━━╸─────── 326/809 2.3it/s 2:42<3:29[K       2/10       5.7G     0.7236     0.4875    0.06408        476        640: 40% ━━━━╸─────── 327/809 2.1it/s 2:43<3:44[K       2/10       5.7G     0.7245     0.4873    0.06425        506        640: 40% ━━━━╸─────── 328/809 1.7it/s 2:44<4:35[K       2/10       5.7G     0.7243     0.4873    0.06422        230        640: 40% ━━━━╸─────── 329/809 2.0it/s 2:45<4:03[K       2/10       5.7G     0.7246     0.4873    0.06427        379        640: 40% ━━━━╸─────── 330/809 2.0it/s 2:45<4:00[K       2/10       5.7G     0.7245     0.4872    0.06426        380        640: 40% ━━━━╸─────── 331/809 2.1it/s 2:46<3:52[K       2/10       5.7G     0.7245     0.4873    0.06424        486        640: 41% ━━━━╸─────── 332/809 2.0it/s 2:46<3:54[K       2/10       5.7G     0.7245     0.4873    0.06421        489        640: 41% ━━━━╸─────── 333/809 2.0it/s 2:47<3:56[K       2/10       5.7G     0.7246     0.4873    0.06422        362        640: 41% ━━━━╸─────── 334/809 2.1it/s 2:47<3:47[K       2/10       5.7G      0.725     0.4872    0.06421        309        640: 41% ━━━━╸─────── 335/809 2.1it/s 2:47<3:43[K       2/10       5.7G     0.7261     0.4869    0.06444        493        640: 41% ━━━━╸─────── 336/809 1.7it/s 2:49<4:40[K       2/10       5.7G     0.7259      0.487    0.06444        245        640: 41% ━━━━╸─────── 337/809 1.9it/s 2:49<4:03[K       2/10       5.7G     0.7261     0.4869    0.06441        352        640: 41% ━━━━━─────── 338/809 2.0it/s 2:50<3:60[K       2/10       5.7G      0.726      0.487    0.06444        228        640: 41% ━━━━━─────── 339/809 2.1it/s 2:50<3:42[K       2/10       5.7G     0.7258      0.487    0.06439        405        640: 42% ━━━━━─────── 340/809 2.1it/s 2:51<3:42[K       2/10       5.7G     0.7257      0.487     0.0644        330        640: 42% ━━━━━─────── 341/809 2.1it/s 2:51<3:40[K       2/10       5.7G     0.7253      0.487    0.06436        323        640: 42% ━━━━━─────── 342/809 2.2it/s 2:52<3:33[K       2/10       5.7G     0.7253     0.4872    0.06433        279        640: 42% ━━━━━─────── 343/809 2.2it/s 2:52<3:28[K       2/10       5.7G     0.7251     0.4872     0.0643        191        640: 42% ━━━━━─────── 344/809 2.3it/s 2:52<3:24[K       2/10       5.7G     0.7254     0.4872    0.06437        461        640: 42% ━━━━━─────── 345/809 2.1it/s 2:53<3:40[K       2/10       5.7G     0.7253     0.4872    0.06439        425        640: 42% ━━━━━─────── 346/809 2.1it/s 2:53<3:37[K       2/10       5.7G     0.7257     0.4872    0.06439        250        640: 42% ━━━━━─────── 347/809 2.2it/s 2:54<3:31[K       2/10       5.7G     0.7258     0.4871    0.06435        391        640: 43% ━━━━━─────── 348/809 2.2it/s 2:54<3:32[K       2/10       5.7G     0.7258     0.4872    0.06437        252        640: 43% ━━━━━─────── 349/809 2.2it/s 2:55<3:25[K       2/10       5.7G     0.7255     0.4873    0.06436        316        640: 43% ━━━━━─────── 350/809 2.3it/s 2:55<3:23[K       2/10       5.7G     0.7254     0.4872    0.06438        248        640: 43% ━━━━━─────── 351/809 2.4it/s 2:56<3:15[K       2/10       5.7G     0.7257     0.4871    0.06441        331        640: 43% ━━━━━─────── 352/809 2.1it/s 2:56<3:34[K       2/10       5.7G     0.7256     0.4871    0.06437        368        640: 43% ━━━━━─────── 353/809 2.1it/s 2:57<3:35[K       2/10       5.7G     0.7263     0.4869    0.06437        494        640: 43% ━━━━━─────── 354/809 2.0it/s 2:57<3:45[K       2/10       5.7G     0.7265     0.4867    0.06439        438        640: 43% ━━━━━─────── 355/809 1.9it/s 2:58<4:03[K       2/10       5.7G     0.7264     0.4867    0.06436        289        640: 44% ━━━━━─────── 356/809 1.9it/s 2:58<4:01[K       2/10       5.7G     0.7261     0.4868    0.06432        256        640: 44% ━━━━━─────── 357/809 2.0it/s 2:59<3:44[K       2/10       5.7G     0.7262     0.4868    0.06437        482        640: 44% ━━━━━─────── 358/809 2.0it/s 2:59<3:51[K       2/10       5.7G     0.7264     0.4869    0.06439        353        640: 44% ━━━━━─────── 359/809 2.0it/s 2:60<3:46[K       2/10       5.7G     0.7259      0.487    0.06435        252        640: 44% ━━━━━─────── 360/809 2.1it/s 3:00<3:36[K       2/10       5.7G     0.7261     0.4871    0.06437        408        640: 44% ━━━━━─────── 361/809 2.1it/s 3:01<3:30[K       2/10       5.7G     0.7261     0.4871    0.06435        361        640: 44% ━━━━━─────── 362/809 2.2it/s 3:01<3:25[K       2/10       5.7G     0.7258     0.4872    0.06436        423        640: 44% ━━━━━─────── 363/809 2.2it/s 3:02<3:23[K       2/10       5.7G     0.7262     0.4871    0.06442        479        640: 44% ━━━━━─────── 364/809 2.0it/s 3:02<3:43[K       2/10       5.7G     0.7259     0.4873    0.06439        352        640: 45% ━━━━━─────── 365/809 2.1it/s 3:03<3:33[K       2/10       5.7G     0.7258     0.4874    0.06439        268        640: 45% ━━━━━─────── 366/809 2.2it/s 3:03<3:22[K       2/10       5.7G      0.726     0.4874    0.06439        398        640: 45% ━━━━━─────── 367/809 2.2it/s 3:04<3:23[K       2/10       5.7G     0.7257     0.4875     0.0644        317        640: 45% ━━━━━─────── 368/809 2.2it/s 3:04<3:24[K       2/10       5.7G     0.7255     0.4875    0.06435        273        640: 45% ━━━━━─────── 369/809 2.2it/s 3:04<3:16[K       2/10       5.7G     0.7255     0.4874    0.06434        218        640: 45% ━━━━━─────── 370/809 2.3it/s 3:05<3:08[K       2/10       5.7G     0.7259     0.4874    0.06434        414        640: 45% ━━━━━╸────── 371/809 2.2it/s 3:05<3:16[K       2/10       5.7G     0.7261     0.4873    0.06433        395        640: 45% ━━━━━╸────── 372/809 2.2it/s 3:06<3:22[K       2/10       5.7G     0.7264     0.4872    0.06434        414        640: 46% ━━━━━╸────── 373/809 2.1it/s 3:06<3:29[K       2/10       5.7G     0.7263     0.4872    0.06432        319        640: 46% ━━━━━╸────── 374/809 2.1it/s 3:07<3:25[K       2/10       5.7G      0.726     0.4873    0.06435        269        640: 46% ━━━━━╸────── 375/809 2.2it/s 3:07<3:15[K       2/10       5.7G     0.7263     0.4872    0.06438        549        640: 46% ━━━━━╸────── 376/809 2.1it/s 3:08<3:31[K       2/10       5.7G      0.726     0.4872    0.06438        436        640: 46% ━━━━━╸────── 377/809 2.1it/s 3:08<3:27[K       2/10       5.7G     0.7257     0.4875    0.06445        252        640: 46% ━━━━━╸────── 378/809 2.2it/s 3:09<3:15[K       2/10       5.7G     0.7254     0.4875    0.06442        362        640: 46% ━━━━━╸────── 379/809 2.2it/s 3:09<3:16[K       2/10       5.7G     0.7256     0.4874    0.06442        326        640: 46% ━━━━━╸────── 380/809 2.2it/s 3:10<3:19[K       2/10       5.7G     0.7257     0.4874     0.0644        265        640: 47% ━━━━━╸────── 381/809 2.2it/s 3:10<3:13[K       2/10       5.7G     0.7262     0.4873    0.06446        510        640: 47% ━━━━━╸────── 382/809 2.1it/s 3:11<3:26[K       2/10       5.7G     0.7258     0.4872     0.0644        413        640: 47% ━━━━━╸────── 383/809 2.1it/s 3:11<3:24[K       2/10       5.7G     0.7258     0.4872    0.06437        461        640: 47% ━━━━━╸────── 384/809 2.0it/s 3:12<3:31[K       2/10       5.7G     0.7255     0.4872    0.06437        474        640: 47% ━━━━━╸────── 385/809 2.0it/s 3:12<3:29[K       2/10       5.7G     0.7252     0.4871    0.06432        503        640: 47% ━━━━━╸────── 386/809 2.0it/s 3:13<3:31[K       2/10       5.7G     0.7254     0.4871    0.06433        519        640: 47% ━━━━━╸────── 387/809 2.0it/s 3:13<3:33[K       2/10       5.7G     0.7257     0.4871    0.06438        406        640: 47% ━━━━━╸────── 388/809 2.0it/s 3:14<3:35[K       2/10       5.7G     0.7259     0.4871    0.06437        413        640: 48% ━━━━━╸────── 389/809 2.0it/s 3:14<3:32[K       2/10       5.7G     0.7258     0.4871    0.06435        353        640: 48% ━━━━━╸────── 390/809 2.0it/s 3:15<3:27[K       2/10       5.7G     0.7257     0.4871    0.06434        487        640: 48% ━━━━━╸────── 391/809 2.0it/s 3:15<3:29[K       2/10       5.7G     0.7256     0.4871    0.06435        318        640: 48% ━━━━━╸────── 392/809 2.0it/s 3:16<3:25[K       2/10       5.7G     0.7255     0.4872    0.06433        221        640: 48% ━━━━━╸────── 393/809 2.2it/s 3:16<3:07[K       2/10       5.7G     0.7257      0.487    0.06433        610        640: 48% ━━━━━╸────── 394/809 2.0it/s 3:17<3:26[K       2/10       5.7G      0.726     0.4872    0.06433        267        640: 48% ━━━━━╸────── 395/809 2.1it/s 3:17<3:18[K       2/10       5.7G     0.7262     0.4873    0.06434        352        640: 48% ━━━━━╸────── 396/809 2.1it/s 3:18<3:13[K       2/10       5.7G     0.7262     0.4872     0.0643        241        640: 49% ━━━━━╸────── 397/809 2.2it/s 3:18<3:04[K       2/10       5.7G     0.7259     0.4872    0.06427        316        640: 49% ━━━━━╸────── 398/809 2.3it/s 3:18<2:60[K       2/10       5.7G     0.7258     0.4872    0.06422        307        640: 49% ━━━━━╸────── 399/809 2.3it/s 3:19<2:57[K       2/10       5.7G     0.7254     0.4874    0.06418        206        640: 49% ━━━━━╸────── 400/809 2.3it/s 3:19<2:54[K       2/10       5.7G     0.7257     0.4873     0.0642        662        640: 49% ━━━━━╸────── 401/809 2.1it/s 3:20<3:11[K       2/10       5.7G     0.7255     0.4873    0.06417        242        640: 49% ━━━━━╸────── 402/809 2.3it/s 3:20<3:00[K       2/10       5.7G     0.7259     0.4872    0.06435        539        640: 49% ━━━━━╸────── 403/809 1.9it/s 3:21<3:28[K       2/10       5.7G     0.7257     0.4872    0.06431        292        640: 49% ━━━━━╸────── 404/809 2.1it/s 3:22<3:17[K       2/10       5.7G     0.7257     0.4871    0.06432        329        640: 50% ━━━━━━────── 405/809 2.1it/s 3:22<3:12[K       2/10       5.7G     0.7257     0.4872    0.06431        283        640: 50% ━━━━━━────── 406/809 2.2it/s 3:22<3:05[K       2/10       5.7G     0.7258     0.4872    0.06428        404        640: 50% ━━━━━━────── 407/809 2.1it/s 3:23<3:09[K       2/10       5.7G     0.7261     0.4871    0.06426        454        640: 50% ━━━━━━────── 408/809 2.0it/s 3:23<3:18[K       2/10       5.7G     0.7258     0.4871    0.06424        346        640: 50% ━━━━━━────── 409/809 2.1it/s 3:24<3:07[K       2/10       5.7G     0.7262     0.4871    0.06426        345        640: 50% ━━━━━━────── 410/809 2.1it/s 3:24<3:08[K       2/10       5.7G     0.7258     0.4872    0.06424        275        640: 50% ━━━━━━────── 411/809 2.2it/s 3:25<3:02[K       2/10       5.7G     0.7254     0.4872     0.0642        299        640: 50% ━━━━━━────── 412/809 2.2it/s 3:25<3:01[K       2/10       5.7G     0.7254     0.4871    0.06424        518        640: 51% ━━━━━━────── 413/809 2.1it/s 3:26<3:12[K       2/10       5.7G     0.7254     0.4871    0.06422        313        640: 51% ━━━━━━────── 414/809 2.1it/s 3:26<3:08[K       2/10       5.7G     0.7249     0.4871    0.06416        237        640: 51% ━━━━━━────── 415/809 2.2it/s 3:27<2:59[K       2/10       5.7G     0.7246     0.4873    0.06412        219        640: 51% ━━━━━━────── 416/809 2.2it/s 3:27<2:56[K       2/10       5.7G     0.7248     0.4872    0.06412        305        640: 51% ━━━━━━────── 417/809 2.3it/s 3:28<2:52[K       2/10       5.7G     0.7242     0.4873    0.06407        251        640: 51% ━━━━━━────── 418/809 2.4it/s 3:28<2:45[K       2/10       5.7G     0.7245     0.4872    0.06406        505        640: 51% ━━━━━━────── 419/809 2.3it/s 3:28<2:52[K       2/10       5.7G     0.7246     0.4872    0.06405        275        640: 51% ━━━━━━────── 420/809 2.3it/s 3:29<2:50[K       2/10       5.7G     0.7246     0.4872    0.06402        268        640: 52% ━━━━━━────── 421/809 2.3it/s 3:29<2:51[K       2/10       5.7G     0.7245     0.4871    0.06399        453        640: 52% ━━━━━━────── 422/809 2.2it/s 3:30<2:58[K       2/10       5.7G     0.7243     0.4871    0.06396        388        640: 52% ━━━━━━────── 423/809 2.2it/s 3:30<2:59[K       2/10       5.7G     0.7243     0.4871      0.064        376        640: 52% ━━━━━━────── 424/809 2.1it/s 3:31<2:60[K       2/10       5.7G      0.724     0.4871    0.06397        314        640: 52% ━━━━━━────── 425/809 2.2it/s 3:31<2:54[K       2/10       5.7G      0.724      0.487    0.06395        348        640: 52% ━━━━━━────── 426/809 2.2it/s 3:32<2:54[K       2/10       5.7G     0.7242     0.4869      0.064        534        640: 52% ━━━━━━────── 427/809 2.0it/s 3:32<3:10[K       2/10       5.7G     0.7241     0.4869    0.06396        439        640: 52% ━━━━━━────── 428/809 2.0it/s 3:33<3:11[K       2/10       5.7G     0.7249     0.4867    0.06402        424        640: 53% ━━━━━━────── 429/809 1.9it/s 3:33<3:15[K       2/10       5.7G     0.7249     0.4866      0.064        349        640: 53% ━━━━━━────── 430/809 2.0it/s 3:34<3:09[K       2/10       5.7G     0.7249     0.4867    0.06394        450        640: 53% ━━━━━━────── 431/809 2.0it/s 3:34<3:05[K       2/10       5.7G     0.7247     0.4867     0.0639        311        640: 53% ━━━━━━────── 432/809 2.1it/s 3:35<3:02[K       2/10       5.7G     0.7243     0.4867    0.06388        233        640: 53% ━━━━━━────── 433/809 2.2it/s 3:35<2:49[K       2/10       5.7G     0.7242     0.4867    0.06386        328        640: 53% ━━━━━━────── 434/809 2.2it/s 3:36<2:47[K       2/10       5.7G      0.724     0.4867    0.06388        193        640: 53% ━━━━━━────── 435/809 2.4it/s 3:36<2:39[K       2/10       5.7G     0.7246     0.4867    0.06393        472        640: 53% ━━━━━━────── 436/809 2.2it/s 3:36<2:49[K       2/10       5.7G     0.7246     0.4867    0.06389        309        640: 54% ━━━━━━────── 437/809 2.3it/s 3:37<2:45[K       2/10       5.7G     0.7245     0.4867    0.06388        334        640: 54% ━━━━━━────── 438/809 2.3it/s 3:37<2:43[K       2/10       5.7G     0.7241     0.4867    0.06385        204        640: 54% ━━━━━━╸───── 439/809 2.4it/s 3:38<2:34[K       2/10       5.7G     0.7243     0.4867    0.06382        507        640: 54% ━━━━━━╸───── 440/809 2.2it/s 3:38<2:47[K       2/10       5.7G     0.7244     0.4867    0.06384        410        640: 54% ━━━━━━╸───── 441/809 2.2it/s 3:39<2:49[K       2/10       5.7G     0.7239     0.4868    0.06382        191        640: 54% ━━━━━━╸───── 442/809 2.3it/s 3:39<2:36[K       2/10       5.7G      0.724     0.4867    0.06381        413        640: 54% ━━━━━━╸───── 443/809 2.3it/s 3:40<2:42[K       2/10       5.7G     0.7239     0.4867    0.06383        268        640: 54% ━━━━━━╸───── 444/809 2.3it/s 3:40<2:39[K       2/10       5.7G     0.7241     0.4867    0.06383        523        640: 55% ━━━━━━╸───── 445/809 2.2it/s 3:41<2:46[K       2/10       5.7G      0.724     0.4867    0.06381        364        640: 55% ━━━━━━╸───── 446/809 2.2it/s 3:41<2:45[K       2/10       5.7G     0.7237     0.4867    0.06377        305        640: 55% ━━━━━━╸───── 447/809 2.2it/s 3:41<2:41[K       2/10       5.7G     0.7235     0.4867    0.06375        402        640: 55% ━━━━━━╸───── 448/809 2.2it/s 3:42<2:44[K       2/10       5.7G     0.7237     0.4866    0.06372        245        640: 55% ━━━━━━╸───── 449/809 2.3it/s 3:42<2:40[K       2/10       5.7G     0.7234     0.4867    0.06373        272        640: 55% ━━━━━━╸───── 450/809 2.3it/s 3:43<2:35[K       2/10       5.7G     0.7233     0.4868    0.06373        309        640: 55% ━━━━━━╸───── 451/809 2.3it/s 3:43<2:34[K       2/10       5.7G     0.7234     0.4867    0.06372        345        640: 55% ━━━━━━╸───── 452/809 2.3it/s 3:44<2:36[K       2/10       5.7G     0.7235     0.4868    0.06374        406        640: 55% ━━━━━━╸───── 453/809 2.3it/s 3:44<2:38[K       2/10       5.7G     0.7237     0.4868    0.06374        628        640: 56% ━━━━━━╸───── 454/809 2.0it/s 3:45<2:54[K       2/10       5.7G     0.7234     0.4869    0.06376        343        640: 56% ━━━━━━╸───── 455/809 2.1it/s 3:45<2:48[K       2/10       5.7G     0.7231      0.487    0.06374        248        640: 56% ━━━━━━╸───── 456/809 2.2it/s 3:46<2:42[K       2/10       5.7G     0.7229      0.487    0.06373        317        640: 56% ━━━━━━╸───── 457/809 2.2it/s 3:46<2:38[K       2/10       5.7G     0.7224     0.4871     0.0637        321        640: 56% ━━━━━━╸───── 458/809 2.3it/s 3:46<2:35[K       2/10       5.7G     0.7225     0.4871    0.06369        441        640: 56% ━━━━━━╸───── 459/809 2.2it/s 3:47<2:39[K       2/10       5.7G     0.7231     0.4869    0.06369        305        640: 56% ━━━━━━╸───── 460/809 2.2it/s 3:47<2:41[K       2/10       5.7G     0.7238     0.4868    0.06377        425        640: 56% ━━━━━━╸───── 461/809 2.1it/s 3:48<2:48[K       2/10       5.7G     0.7238     0.4868    0.06376        381        640: 57% ━━━━━━╸───── 462/809 2.1it/s 3:48<2:47[K       2/10       5.7G     0.7239     0.4868    0.06374        352        640: 57% ━━━━━━╸───── 463/809 2.1it/s 3:49<2:43[K       2/10       5.7G     0.7241     0.4867    0.06372        427        640: 57% ━━━━━━╸───── 464/809 1.9it/s 3:49<2:57[K       2/10       5.7G      0.724     0.4867    0.06372        325        640: 57% ━━━━━━╸───── 465/809 2.1it/s 3:50<2:47[K       2/10       5.7G     0.7239     0.4868    0.06378        269        640: 57% ━━━━━━╸───── 466/809 2.2it/s 3:50<2:38[K       2/10       5.7G     0.7239     0.4868    0.06377        287        640: 57% ━━━━━━╸───── 467/809 2.2it/s 3:51<2:33[K       2/10       5.7G     0.7236     0.4869    0.06374        363        640: 57% ━━━━━━╸───── 468/809 2.3it/s 3:51<2:30[K       2/10       5.7G     0.7234     0.4869    0.06375        249        640: 57% ━━━━━━╸───── 469/809 2.3it/s 3:52<2:27[K       2/10       5.7G     0.7232     0.4869    0.06374        443        640: 58% ━━━━━━╸───── 470/809 2.2it/s 3:52<2:31[K       2/10       5.7G     0.7229     0.4869    0.06371        367        640: 58% ━━━━━━╸───── 471/809 2.3it/s 3:52<2:29[K       2/10       5.7G     0.7231     0.4869    0.06373        291        640: 58% ━━━━━━━───── 472/809 2.2it/s 3:53<2:32[K       2/10       5.7G     0.7231     0.4869     0.0637        351        640: 58% ━━━━━━━───── 473/809 2.2it/s 3:53<2:34[K       2/10       5.7G     0.7227      0.487    0.06369        181        640: 58% ━━━━━━━───── 474/809 2.3it/s 3:54<2:24[K       2/10       5.7G     0.7228      0.487    0.06366        259        640: 58% ━━━━━━━───── 475/809 2.4it/s 3:54<2:20[K       2/10       5.7G      0.723      0.487    0.06366        442        640: 58% ━━━━━━━───── 476/809 2.3it/s 3:55<2:22[K       2/10       5.7G     0.7232     0.4869    0.06368        535        640: 58% ━━━━━━━───── 477/809 2.2it/s 3:55<2:33[K       2/10       5.7G     0.7232      0.487    0.06366        294        640: 59% ━━━━━━━───── 478/809 2.2it/s 3:56<2:28[K       2/10       5.7G     0.7232      0.487    0.06364        444        640: 59% ━━━━━━━───── 479/809 2.2it/s 3:56<2:31[K       2/10       5.7G     0.7229      0.487    0.06362        380        640: 59% ━━━━━━━───── 480/809 2.1it/s 3:57<2:34[K       2/10       5.7G     0.7232      0.487    0.06361        328        640: 59% ━━━━━━━───── 481/809 2.2it/s 3:57<2:31[K       2/10       5.7G     0.7231      0.487     0.0636        266        640: 59% ━━━━━━━───── 482/809 2.3it/s 3:57<2:21[K       2/10       5.7G     0.7233     0.4869    0.06357        510        640: 59% ━━━━━━━───── 483/809 2.1it/s 3:58<2:35[K       2/10       5.7G     0.7231      0.487    0.06354        258        640: 59% ━━━━━━━───── 484/809 2.2it/s 3:58<2:28[K       2/10       5.7G     0.7229      0.487    0.06353        306        640: 59% ━━━━━━━───── 485/809 2.3it/s 3:59<2:24[K       2/10       5.7G     0.7224     0.4869    0.06354        157        640: 60% ━━━━━━━───── 486/809 2.4it/s 3:59<2:12[K       2/10       5.7G     0.7225     0.4869    0.06356        322        640: 60% ━━━━━━━───── 487/809 2.4it/s 3:60<2:14[K       2/10       5.7G     0.7224     0.4869    0.06351        337        640: 60% ━━━━━━━───── 488/809 2.3it/s 4:00<2:18[K       2/10       5.7G      0.723     0.4868    0.06359        500        640: 60% ━━━━━━━───── 489/809 2.0it/s 4:01<2:42[K       2/10       5.7G     0.7227     0.4869    0.06355        268        640: 60% ━━━━━━━───── 490/809 2.1it/s 4:01<2:32[K       2/10       5.7G     0.7224     0.4869    0.06356        231        640: 60% ━━━━━━━───── 491/809 2.2it/s 4:02<2:21[K       2/10       5.7G     0.7227     0.4868    0.06354        283        640: 60% ━━━━━━━───── 492/809 2.3it/s 4:02<2:19[K       2/10       5.7G     0.7226      0.487    0.06354        217        640: 60% ━━━━━━━───── 493/809 2.4it/s 4:03<2:14[K       2/10       5.7G     0.7222     0.4871    0.06355        223        640: 61% ━━━━━━━───── 494/809 2.4it/s 4:03<2:09[K       2/10       5.7G     0.7218     0.4871    0.06352        361        640: 61% ━━━━━━━───── 495/809 2.4it/s 4:03<2:11[K       2/10       5.7G     0.7219      0.487    0.06353        605        640: 61% ━━━━━━━───── 496/809 2.1it/s 4:04<2:29[K       2/10       5.7G     0.7221     0.4871    0.06356        324        640: 61% ━━━━━━━───── 497/809 2.1it/s 4:05<2:27[K       2/10       5.7G     0.7222     0.4871    0.06356        404        640: 61% ━━━━━━━───── 498/809 2.1it/s 4:05<2:27[K       2/10       5.7G     0.7222     0.4871    0.06356        381        640: 61% ━━━━━━━───── 499/809 2.1it/s 4:06<2:25[K       2/10       5.7G     0.7224      0.487    0.06355        474        640: 61% ━━━━━━━───── 500/809 2.0it/s 4:06<2:31[K       2/10       5.7G     0.7223      0.487    0.06356        276        640: 61% ━━━━━━━───── 501/809 2.2it/s 4:06<2:23[K       2/10       5.7G     0.7224      0.487    0.06354        284        640: 62% ━━━━━━━───── 502/809 2.2it/s 4:07<2:18[K       2/10       5.7G     0.7223     0.4871    0.06353        370        640: 62% ━━━━━━━───── 503/809 2.2it/s 4:07<2:18[K       2/10       5.7G     0.7224     0.4871    0.06353        389        640: 62% ━━━━━━━───── 504/809 2.2it/s 4:08<2:20[K       2/10       5.7G     0.7222     0.4871    0.06353        261        640: 62% ━━━━━━━───── 505/809 2.3it/s 4:08<2:14[K       2/10       5.7G     0.7225     0.4871     0.0636        381        640: 62% ━━━━━━━╸──── 506/809 2.2it/s 4:09<2:16[K       2/10       5.7G     0.7229     0.4871    0.06359        382        640: 62% ━━━━━━━╸──── 507/809 2.2it/s 4:09<2:16[K       2/10       5.7G      0.723      0.487     0.0636        377        640: 62% ━━━━━━━╸──── 508/809 2.1it/s 4:10<2:20[K       2/10       5.7G     0.7226      0.487    0.06357        256        640: 62% ━━━━━━━╸──── 509/809 2.3it/s 4:10<2:13[K       2/10       5.7G     0.7232      0.487    0.06363        564        640: 63% ━━━━━━━╸──── 510/809 2.0it/s 4:11<2:32[K       2/10       5.7G     0.7232     0.4869     0.0636        404        640: 63% ━━━━━━━╸──── 511/809 2.0it/s 4:11<2:30[K       2/10       5.7G     0.7234     0.4869    0.06361        590        640: 63% ━━━━━━━╸──── 512/809 1.9it/s 4:12<2:38[K       2/10       5.7G     0.7231      0.487    0.06358        234        640: 63% ━━━━━━━╸──── 513/809 2.1it/s 4:12<2:23[K       2/10       5.7G     0.7229     0.4871    0.06355        419        640: 63% ━━━━━━━╸──── 514/809 2.1it/s 4:13<2:18[K       2/10       5.7G     0.7228     0.4871    0.06354        269        640: 63% ━━━━━━━╸──── 515/809 2.2it/s 4:13<2:11[K       2/10       5.7G     0.7228     0.4871    0.06351        350        640: 63% ━━━━━━━╸──── 516/809 2.3it/s 4:14<2:10[K       2/10       5.7G     0.7233      0.487    0.06353        500        640: 63% ━━━━━━━╸──── 517/809 2.1it/s 4:14<2:17[K       2/10       5.7G     0.7233     0.4869    0.06353        404        640: 64% ━━━━━━━╸──── 518/809 2.1it/s 4:15<2:17[K       2/10       5.7G     0.7233     0.4869    0.06352        359        640: 64% ━━━━━━━╸──── 519/809 2.2it/s 4:15<2:13[K       2/10       5.7G     0.7236     0.4868    0.06356        472        640: 64% ━━━━━━━╸──── 520/809 2.1it/s 4:16<2:21[K       2/10       5.7G     0.7233     0.4868    0.06352        388        640: 64% ━━━━━━━╸──── 521/809 2.1it/s 4:16<2:16[K       2/10       5.7G      0.723     0.4869    0.06348        362        640: 64% ━━━━━━━╸──── 522/809 2.2it/s 4:17<2:13[K       2/10       5.7G     0.7229      0.487    0.06344        426        640: 64% ━━━━━━━╸──── 523/809 2.2it/s 4:17<2:12[K       2/10       5.7G     0.7231     0.4869    0.06344        255        640: 64% ━━━━━━━╸──── 524/809 2.2it/s 4:17<2:07[K       2/10       5.7G     0.7232     0.4869    0.06348        527        640: 64% ━━━━━━━╸──── 525/809 2.1it/s 4:18<2:17[K       2/10       5.7G     0.7237     0.4867    0.06353        402        640: 65% ━━━━━━━╸──── 526/809 1.9it/s 4:19<2:32[K       2/10       5.7G     0.7235     0.4868    0.06349        331        640: 65% ━━━━━━━╸──── 527/809 2.0it/s 4:19<2:23[K       2/10       5.7G     0.7236     0.4868     0.0635        528        640: 65% ━━━━━━━╸──── 528/809 1.9it/s 4:20<2:29[K       2/10       5.7G     0.7234     0.4868    0.06349        298        640: 65% ━━━━━━━╸──── 529/809 2.0it/s 4:20<2:19[K       2/10       5.7G     0.7234     0.4868    0.06353        450        640: 65% ━━━━━━━╸──── 530/809 2.0it/s 4:21<2:20[K       2/10       5.7G     0.7232     0.4868    0.06352        377        640: 65% ━━━━━━━╸──── 531/809 2.1it/s 4:21<2:14[K       2/10       5.7G     0.7232     0.4867    0.06349        275        640: 65% ━━━━━━━╸──── 532/809 2.2it/s 4:22<2:07[K       2/10       5.7G     0.7232     0.4867    0.06348        481        640: 65% ━━━━━━━╸──── 533/809 2.1it/s 4:22<2:10[K       2/10       5.7G     0.7232     0.4868    0.06346        371        640: 66% ━━━━━━━╸──── 534/809 2.1it/s 4:23<2:08[K       2/10       5.7G      0.723     0.4868    0.06344        332        640: 66% ━━━━━━━╸──── 535/809 2.2it/s 4:23<2:04[K       2/10       5.7G     0.7234     0.4867    0.06346        392        640: 66% ━━━━━━━╸──── 536/809 2.1it/s 4:24<2:11[K       2/10       5.7G     0.7235     0.4867    0.06347        430        640: 66% ━━━━━━━╸──── 537/809 2.1it/s 4:24<2:11[K       2/10       5.7G     0.7232     0.4868    0.06345        264        640: 66% ━━━━━━━╸──── 538/809 2.2it/s 4:24<2:03[K       2/10       5.7G     0.7233     0.4868    0.06345        401        640: 66% ━━━━━━━╸──── 539/809 2.2it/s 4:25<2:04[K       2/10       5.7G     0.7235     0.4868    0.06343        270        640: 66% ━━━━━━━━──── 540/809 2.2it/s 4:25<1:60[K       2/10       5.7G     0.7235     0.4868    0.06343        350        640: 66% ━━━━━━━━──── 541/809 2.2it/s 4:26<1:59[K       2/10       5.7G     0.7234     0.4869    0.06343        318        640: 66% ━━━━━━━━──── 542/809 2.2it/s 4:26<1:59[K       2/10       5.7G     0.7234     0.4869    0.06341        270        640: 67% ━━━━━━━━──── 543/809 2.3it/s 4:27<1:56[K       2/10       5.7G     0.7233     0.4869    0.06338        248        640: 67% ━━━━━━━━──── 544/809 2.3it/s 4:27<1:57[K       2/10       5.7G     0.7232     0.4869    0.06341        304        640: 67% ━━━━━━━━──── 545/809 2.3it/s 4:28<1:56[K       2/10       5.7G     0.7232     0.4868    0.06339        294        640: 67% ━━━━━━━━──── 546/809 2.3it/s 4:28<1:54[K       2/10       5.7G     0.7231     0.4869    0.06336        271        640: 67% ━━━━━━━━──── 547/809 2.3it/s 4:28<1:52[K       2/10       5.7G     0.7235     0.4868    0.06344        379        640: 67% ━━━━━━━━──── 548/809 2.2it/s 4:29<1:57[K       2/10       5.7G     0.7236     0.4867    0.06345        458        640: 67% ━━━━━━━━──── 549/809 2.1it/s 4:29<2:02[K       2/10       5.7G     0.7236     0.4867    0.06343        430        640: 67% ━━━━━━━━──── 550/809 2.1it/s 4:30<2:02[K       2/10       5.7G     0.7233     0.4868     0.0634        281        640: 68% ━━━━━━━━──── 551/809 2.2it/s 4:30<1:55[K       2/10       5.7G     0.7232     0.4868    0.06339        355        640: 68% ━━━━━━━━──── 552/809 2.2it/s 4:31<1:58[K       2/10       5.7G     0.7232     0.4868     0.0634        444        640: 68% ━━━━━━━━──── 553/809 2.2it/s 4:31<1:59[K       2/10       5.7G     0.7232     0.4868    0.06341        317        640: 68% ━━━━━━━━──── 554/809 2.2it/s 4:32<1:56[K       2/10       5.7G     0.7232     0.4868     0.0634        368        640: 68% ━━━━━━━━──── 555/809 2.2it/s 4:32<1:54[K       2/10       5.7G     0.7233     0.4868     0.0634        422        640: 68% ━━━━━━━━──── 556/809 2.2it/s 4:33<1:56[K       2/10       5.7G      0.723     0.4869    0.06339        248        640: 68% ━━━━━━━━──── 557/809 2.3it/s 4:33<1:50[K       2/10       5.7G     0.7233     0.4868    0.06339        750        640: 68% ━━━━━━━━──── 558/809 2.0it/s 4:34<2:02[K       2/10       5.7G     0.7232     0.4869    0.06335        227        640: 69% ━━━━━━━━──── 559/809 2.2it/s 4:34<1:53[K       2/10       5.7G     0.7231     0.4868    0.06338        169        640: 69% ━━━━━━━━──── 560/809 2.3it/s 4:34<1:49[K       2/10       5.7G      0.723     0.4867    0.06339        363        640: 69% ━━━━━━━━──── 561/809 2.3it/s 4:35<1:47[K       2/10       5.7G     0.7228     0.4868    0.06336        419        640: 69% ━━━━━━━━──── 562/809 2.2it/s 4:35<1:50[K       2/10       5.7G     0.7228     0.4867    0.06336        392        640: 69% ━━━━━━━━──── 563/809 2.2it/s 4:36<1:52[K       2/10       5.7G     0.7227     0.4867    0.06336        239        640: 69% ━━━━━━━━──── 564/809 2.3it/s 4:36<1:47[K       2/10       5.7G     0.7225     0.4867    0.06335        242        640: 69% ━━━━━━━━──── 565/809 2.4it/s 4:37<1:44[K       2/10       5.7G     0.7222     0.4869    0.06334        299        640: 69% ━━━━━━━━──── 566/809 2.4it/s 4:37<1:40[K       2/10       5.7G     0.7221     0.4869     0.0633        372        640: 70% ━━━━━━━━──── 567/809 2.4it/s 4:37<1:42[K       2/10       5.7G     0.7222     0.4869    0.06332        428        640: 70% ━━━━━━━━──── 568/809 2.2it/s 4:38<1:48[K       2/10       5.7G     0.7226     0.4868    0.06331        357        640: 70% ━━━━━━━━──── 569/809 2.1it/s 4:38<1:53[K       2/10       5.7G     0.7226     0.4867    0.06331        340        640: 70% ━━━━━━━━──── 570/809 2.1it/s 4:39<1:52[K       2/10       5.7G     0.7225     0.4868     0.0633        300        640: 70% ━━━━━━━━──── 571/809 2.2it/s 4:39<1:48[K       2/10       5.7G     0.7224     0.4869    0.06329        243        640: 70% ━━━━━━━━──── 572/809 2.3it/s 4:40<1:43[K       2/10       5.7G     0.7226     0.4868    0.06333        524        640: 70% ━━━━━━━━──── 573/809 2.1it/s 4:40<1:51[K       2/10       5.7G     0.7226     0.4868    0.06334        517        640: 70% ━━━━━━━━╸─── 574/809 2.1it/s 4:41<1:53[K       2/10       5.7G     0.7224     0.4867    0.06332        375        640: 71% ━━━━━━━━╸─── 575/809 2.1it/s 4:41<1:51[K       2/10       5.7G     0.7223     0.4868     0.0633        450        640: 71% ━━━━━━━━╸─── 576/809 2.1it/s 4:42<1:53[K       2/10       5.7G     0.7226     0.4867    0.06336        617        640: 71% ━━━━━━━━╸─── 577/809 1.9it/s 4:42<2:01[K       2/10       5.7G     0.7226     0.4867    0.06338        378        640: 71% ━━━━━━━━╸─── 578/809 2.0it/s 4:43<1:56[K       2/10       5.7G     0.7226     0.4868    0.06337        372        640: 71% ━━━━━━━━╸─── 579/809 2.0it/s 4:43<1:53[K       2/10       5.7G     0.7227     0.4867    0.06336        403        640: 71% ━━━━━━━━╸─── 580/809 2.1it/s 4:44<1:50[K       2/10       5.7G     0.7226     0.4867    0.06335        465        640: 71% ━━━━━━━━╸─── 581/809 2.1it/s 4:44<1:48[K       2/10       5.7G     0.7223     0.4868    0.06333        173        640: 71% ━━━━━━━━╸─── 582/809 2.3it/s 4:45<1:40[K       2/10       5.7G     0.7223     0.4869    0.06333        401        640: 72% ━━━━━━━━╸─── 583/809 2.3it/s 4:45<1:39[K       2/10       5.7G     0.7225     0.4868    0.06334        247        640: 72% ━━━━━━━━╸─── 584/809 2.3it/s 4:46<1:39[K       2/10       5.7G     0.7231     0.4867    0.06339        586        640: 72% ━━━━━━━━╸─── 585/809 2.0it/s 4:46<1:53[K       2/10       5.7G     0.7231     0.4867     0.0634        297        640: 72% ━━━━━━━━╸─── 586/809 2.1it/s 4:47<1:48[K       2/10       5.7G     0.7231     0.4866    0.06339        420        640: 72% ━━━━━━━━╸─── 587/809 2.1it/s 4:47<1:47[K       2/10       5.7G     0.7231     0.4866    0.06336        503        640: 72% ━━━━━━━━╸─── 588/809 2.0it/s 4:48<1:48[K       2/10       5.7G     0.7238     0.4864    0.06339        748        640: 72% ━━━━━━━━╸─── 589/809 1.6it/s 4:50<2:21[K       2/10       5.7G      0.724     0.4863     0.0634        486        640: 72% ━━━━━━━━╸─── 590/809 1.6it/s 4:51<2:15[K       2/10       5.7G     0.7239     0.4863    0.06341        275        640: 73% ━━━━━━━━╸─── 591/809 1.9it/s 4:51<1:57[K       2/10       5.7G      0.724     0.4864    0.06339        227        640: 73% ━━━━━━━━╸─── 592/809 2.0it/s 4:52<1:49[K       2/10       5.7G     0.7244     0.4863     0.0634        567        640: 73% ━━━━━━━━╸─── 593/809 1.8it/s 4:52<2:02[K       2/10       5.7G     0.7245     0.4863    0.06343        297        640: 73% ━━━━━━━━╸─── 594/809 1.9it/s 4:53<1:51[K       2/10       5.7G     0.7241     0.4865    0.06342        132        640: 73% ━━━━━━━━╸─── 595/809 2.2it/s 4:53<1:36[K       2/10       5.7G     0.7239     0.4866    0.06342        323        640: 73% ━━━━━━━━╸─── 596/809 2.3it/s 4:54<1:34[K       2/10       5.7G     0.7239     0.4865     0.0634        449        640: 73% ━━━━━━━━╸─── 597/809 2.2it/s 4:54<1:37[K       2/10       5.7G     0.7238     0.4865    0.06338        424        640: 73% ━━━━━━━━╸─── 598/809 2.2it/s 4:54<1:36[K       2/10       5.7G     0.7238     0.4866    0.06338        261        640: 74% ━━━━━━━━╸─── 599/809 2.3it/s 4:55<1:32[K       2/10       5.7G     0.7236     0.4867    0.06338        263        640: 74% ━━━━━━━━╸─── 600/809 2.2it/s 4:55<1:34[K       2/10       5.7G     0.7238     0.4867    0.06338        466        640: 74% ━━━━━━━━╸─── 601/809 2.2it/s 4:56<1:34[K       2/10       5.7G      0.724     0.4866    0.06339        382        640: 74% ━━━━━━━━╸─── 602/809 2.2it/s 4:56<1:35[K       2/10       5.7G     0.7238     0.4868    0.06337        407        640: 74% ━━━━━━━━╸─── 603/809 2.2it/s 4:57<1:34[K       2/10       5.7G     0.7241     0.4868    0.06339        378        640: 74% ━━━━━━━━╸─── 604/809 2.2it/s 4:57<1:34[K       2/10       5.7G     0.7243     0.4867     0.0634        432        640: 74% ━━━━━━━━╸─── 605/809 2.1it/s 4:58<1:37[K       2/10       5.7G     0.7246     0.4867     0.0634        397        640: 74% ━━━━━━━━╸─── 606/809 2.1it/s 4:58<1:38[K       2/10       5.7G     0.7247     0.4866    0.06358        334        640: 75% ━━━━━━━━━─── 607/809 2.1it/s 4:59<1:37[K       2/10       5.7G     0.7245     0.4866    0.06356        459        640: 75% ━━━━━━━━━─── 608/809 2.0it/s 4:59<1:40[K       2/10       5.7G     0.7251     0.4864    0.06362        588        640: 75% ━━━━━━━━━─── 609/809 1.6it/s 5:01<2:03[K       2/10       5.7G      0.725     0.4865    0.06359        371        640: 75% ━━━━━━━━━─── 610/809 1.8it/s 5:01<1:51[K       2/10       5.7G      0.725     0.4865    0.06359        295        640: 75% ━━━━━━━━━─── 611/809 2.0it/s 5:02<1:42[K       2/10       5.7G     0.7248     0.4865    0.06359        213        640: 75% ━━━━━━━━━─── 612/809 2.1it/s 5:02<1:32[K       2/10       5.7G     0.7248     0.4864    0.06357        396        640: 75% ━━━━━━━━━─── 613/809 2.1it/s 5:02<1:32[K       2/10       5.7G     0.7246     0.4865    0.06354        421        640: 75% ━━━━━━━━━─── 614/809 2.1it/s 5:03<1:31[K       2/10       5.7G     0.7246     0.4865    0.06356        529        640: 76% ━━━━━━━━━─── 615/809 2.0it/s 5:03<1:36[K       2/10       5.7G     0.7247     0.4864    0.06353        260        640: 76% ━━━━━━━━━─── 616/809 2.0it/s 5:04<1:35[K       2/10       5.7G     0.7245     0.4865    0.06354        255        640: 76% ━━━━━━━━━─── 617/809 2.1it/s 5:04<1:30[K       2/10       5.7G     0.7244     0.4865    0.06351        323        640: 76% ━━━━━━━━━─── 618/809 2.2it/s 5:05<1:27[K       2/10       5.7G     0.7245     0.4865    0.06351        328        640: 76% ━━━━━━━━━─── 619/809 2.2it/s 5:05<1:26[K       2/10       5.7G     0.7249     0.4864    0.06352        392        640: 76% ━━━━━━━━━─── 620/809 2.1it/s 5:06<1:29[K       2/10       5.7G      0.725     0.4864    0.06354        264        640: 76% ━━━━━━━━━─── 621/809 2.2it/s 5:06<1:26[K       2/10       5.7G     0.7253     0.4863    0.06355        531        640: 76% ━━━━━━━━━─── 622/809 2.0it/s 5:07<1:32[K       2/10       5.7G     0.7251     0.4864    0.06352        451        640: 77% ━━━━━━━━━─── 623/809 2.0it/s 5:07<1:33[K       2/10       5.7G     0.7249     0.4864    0.06353        409        640: 77% ━━━━━━━━━─── 624/809 2.0it/s 5:08<1:33[K       2/10       5.7G     0.7248     0.4863    0.06352        334        640: 77% ━━━━━━━━━─── 625/809 2.0it/s 5:08<1:31[K       2/10       5.7G      0.725     0.4865    0.06354        236        640: 77% ━━━━━━━━━─── 626/809 2.2it/s 5:09<1:24[K       2/10       5.7G      0.725     0.4865    0.06354        396        640: 77% ━━━━━━━━━─── 627/809 2.2it/s 5:09<1:24[K       2/10       5.7G      0.725     0.4865    0.06352        390        640: 77% ━━━━━━━━━─── 628/809 2.2it/s 5:10<1:24[K       2/10       5.7G     0.7248     0.4865    0.06351        429        640: 77% ━━━━━━━━━─── 629/809 2.2it/s 5:10<1:22[K       2/10       5.7G     0.7246     0.4865    0.06349        255        640: 77% ━━━━━━━━━─── 630/809 2.3it/s 5:10<1:19[K       2/10       5.7G     0.7246     0.4865    0.06348        392        640: 77% ━━━━━━━━━─── 631/809 2.2it/s 5:11<1:19[K       2/10       5.7G     0.7244     0.4865    0.06346        329        640: 78% ━━━━━━━━━─── 632/809 2.2it/s 5:11<1:20[K       2/10       5.7G     0.7245     0.4864    0.06355        483        640: 78% ━━━━━━━━━─── 633/809 1.8it/s 5:12<1:35[K       2/10       5.7G     0.7247     0.4864    0.06354        470        640: 78% ━━━━━━━━━─── 634/809 1.9it/s 5:13<1:33[K       2/10       5.7G     0.7246     0.4864    0.06352        227        640: 78% ━━━━━━━━━─── 635/809 2.1it/s 5:13<1:24[K       2/10       5.7G     0.7245     0.4864     0.0635        335        640: 78% ━━━━━━━━━─── 636/809 2.1it/s 5:14<1:21[K       2/10       5.7G     0.7244     0.4865    0.06352        421        640: 78% ━━━━━━━━━─── 637/809 2.1it/s 5:14<1:21[K       2/10       5.7G     0.7248     0.4864    0.06357        458        640: 78% ━━━━━━━━━─── 638/809 1.9it/s 5:15<1:28[K       2/10       5.7G      0.725     0.4864    0.06358        598        640: 78% ━━━━━━━━━─── 639/809 1.9it/s 5:15<1:30[K       2/10       5.7G     0.7251     0.4864    0.06362        416        640: 79% ━━━━━━━━━─── 640/809 1.9it/s 5:16<1:30[K       2/10       5.7G     0.7251     0.4864    0.06359        247        640: 79% ━━━━━━━━━╸── 641/809 2.1it/s 5:16<1:19[K       2/10       5.7G     0.7253     0.4863    0.06359        258        640: 79% ━━━━━━━━━╸── 642/809 2.2it/s 5:17<1:17[K       2/10       5.7G      0.725     0.4864    0.06357        257        640: 79% ━━━━━━━━━╸── 643/809 2.2it/s 5:17<1:14[K       2/10       5.7G      0.725     0.4863    0.06358        364        640: 79% ━━━━━━━━━╸── 644/809 2.2it/s 5:18<1:15[K       2/10       5.7G     0.7251     0.4864    0.06359        316        640: 79% ━━━━━━━━━╸── 645/809 2.2it/s 5:18<1:14[K       2/10       5.7G     0.7251     0.4863    0.06362        476        640: 79% ━━━━━━━━━╸── 646/809 2.2it/s 5:19<1:16[K       2/10       5.7G     0.7252     0.4862     0.0637        420        640: 79% ━━━━━━━━━╸── 647/809 2.0it/s 5:19<1:23[K       2/10       5.7G     0.7251     0.4863    0.06371        249        640: 80% ━━━━━━━━━╸── 648/809 1.9it/s 5:20<1:24[K       2/10       5.7G     0.7249     0.4863     0.0637        277        640: 80% ━━━━━━━━━╸── 649/809 2.0it/s 5:20<1:18[K       2/10       5.7G     0.7249     0.4863     0.0637        468        640: 80% ━━━━━━━━━╸── 650/809 2.0it/s 5:21<1:19[K       2/10       5.7G     0.7249     0.4863    0.06368        352        640: 80% ━━━━━━━━━╸── 651/809 2.0it/s 5:21<1:18[K       2/10       5.7G     0.7247     0.4864    0.06369        336        640: 80% ━━━━━━━━━╸── 652/809 2.1it/s 5:22<1:14[K       2/10       5.7G     0.7249     0.4863    0.06369        540        640: 80% ━━━━━━━━━╸── 653/809 1.9it/s 5:22<1:23[K       2/10       5.7G      0.725     0.4863     0.0637        444        640: 80% ━━━━━━━━━╸── 654/809 1.9it/s 5:23<1:22[K       2/10       5.7G     0.7251     0.4863    0.06372        516        640: 80% ━━━━━━━━━╸── 655/809 1.8it/s 5:24<1:23[K       2/10       5.7G     0.7253     0.4863    0.06371        332        640: 81% ━━━━━━━━━╸── 656/809 1.8it/s 5:24<1:24[K       2/10       5.7G     0.7255     0.4862    0.06372        324        640: 81% ━━━━━━━━━╸── 657/809 1.9it/s 5:25<1:19[K       2/10       5.7G     0.7255     0.4861     0.0637        379        640: 81% ━━━━━━━━━╸── 658/809 2.0it/s 5:25<1:16[K       2/10       5.7G     0.7255     0.4861    0.06367        426        640: 81% ━━━━━━━━━╸── 659/809 2.0it/s 5:25<1:15[K       2/10       5.7G     0.7256      0.486    0.06367        522        640: 81% ━━━━━━━━━╸── 660/809 1.9it/s 5:26<1:17[K       2/10       5.7G      0.726      0.486    0.06366        371        640: 81% ━━━━━━━━━╸── 661/809 1.9it/s 5:27<1:17[K       2/10       5.7G     0.7259      0.486    0.06364        459        640: 81% ━━━━━━━━━╸── 662/809 2.0it/s 5:27<1:15[K       2/10       5.7G     0.7261     0.4861    0.06362        288        640: 81% ━━━━━━━━━╸── 663/809 2.1it/s 5:28<1:10[K       2/10       5.7G     0.7262      0.486     0.0636        380        640: 82% ━━━━━━━━━╸── 664/809 2.0it/s 5:28<1:13[K       2/10       5.7G      0.726      0.486    0.06358        380        640: 82% ━━━━━━━━━╸── 665/809 2.1it/s 5:28<1:09[K       2/10       5.7G     0.7259     0.4861    0.06361        297        640: 82% ━━━━━━━━━╸── 666/809 2.2it/s 5:29<1:05[K       2/10       5.7G      0.726     0.4861     0.0636        398        640: 82% ━━━━━━━━━╸── 667/809 2.2it/s 5:29<1:04[K       2/10       5.7G      0.726     0.4861    0.06359        405        640: 82% ━━━━━━━━━╸── 668/809 2.2it/s 5:30<1:05[K       2/10       5.7G      0.726     0.4861     0.0636        341        640: 82% ━━━━━━━━━╸── 669/809 2.2it/s 5:30<1:04[K       2/10       5.7G      0.726     0.4861     0.0636        297        640: 82% ━━━━━━━━━╸── 670/809 2.2it/s 5:31<1:03[K       2/10       5.7G     0.7259     0.4861    0.06357        196        640: 82% ━━━━━━━━━╸── 671/809 2.3it/s 5:31<59.9s[K       2/10       5.7G     0.7256     0.4862    0.06355        293        640: 83% ━━━━━━━━━╸── 672/809 2.3it/s 5:32<1:01[K       2/10       5.7G     0.7257     0.4862    0.06354        257        640: 83% ━━━━━━━━━╸── 673/809 2.3it/s 5:32<58.6s[K       2/10       5.7G     0.7256     0.4862    0.06353        288        640: 83% ━━━━━━━━━╸── 674/809 2.3it/s 5:32<57.5s[K       2/10       5.7G     0.7255     0.4863    0.06353        303        640: 83% ━━━━━━━━━━── 675/809 2.4it/s 5:33<56.9s[K       2/10       5.7G     0.7254     0.4863    0.06352        283        640: 83% ━━━━━━━━━━── 676/809 2.4it/s 5:33<55.3s[K       2/10       5.7G     0.7251     0.4864     0.0635        258        640: 83% ━━━━━━━━━━── 677/809 2.5it/s 5:34<53.7s[K       2/10       5.7G     0.7252     0.4863     0.0635        274        640: 83% ━━━━━━━━━━── 678/809 2.4it/s 5:34<54.1s[K       2/10       5.7G     0.7251     0.4863    0.06351        296        640: 83% ━━━━━━━━━━── 679/809 2.4it/s 5:34<54.8s[K       2/10       5.7G     0.7255     0.4862    0.06354        337        640: 84% ━━━━━━━━━━── 680/809 2.2it/s 5:35<57.9s[K       2/10       5.7G     0.7261     0.4861    0.06356        514        640: 84% ━━━━━━━━━━── 681/809 1.9it/s 5:36<1:09[K       2/10      16.6G     0.7266      0.486    0.06356       1149        640: 84% ━━━━━━━━━━── 682/809 1.8it/s 5:37<1:13[K       2/10      16.6G     0.7269     0.4859    0.06357        560        640: 84% ━━━━━━━━━━── 683/809 1.8it/s 5:37<1:11[K       2/10      16.6G      0.727      0.486    0.06358        319        640: 84% ━━━━━━━━━━── 684/809 1.9it/s 5:38<1:04[K       2/10      16.6G     0.7272      0.486    0.06358        468        640: 84% ━━━━━━━━━━── 685/809 1.9it/s 5:38<1:05[K       2/10      16.6G     0.7273      0.486    0.06358        350        640: 84% ━━━━━━━━━━── 686/809 2.0it/s 5:39<1:02[K       2/10      16.6G     0.7271     0.4861    0.06359        318        640: 84% ━━━━━━━━━━── 687/809 2.1it/s 5:39<57.5s[K       2/10      16.6G     0.7268     0.4861    0.06358        218        640: 85% ━━━━━━━━━━── 688/809 2.2it/s 5:40<55.9s[K       2/10      16.6G     0.7269     0.4861    0.06359        377        640: 85% ━━━━━━━━━━── 689/809 2.2it/s 5:40<54.4s[K       2/10      16.6G     0.7266     0.4861    0.06356        426        640: 85% ━━━━━━━━━━── 690/809 2.2it/s 5:40<53.8s[K       2/10      16.6G     0.7267     0.4861    0.06354        404        640: 85% ━━━━━━━━━━── 691/809 2.2it/s 5:41<54.3s[K       2/10      16.6G     0.7267     0.4861    0.06353        251        640: 85% ━━━━━━━━━━── 692/809 2.3it/s 5:41<51.7s[K       2/10      16.6G     0.7269     0.4861    0.06359        586        640: 85% ━━━━━━━━━━── 693/809 2.0it/s 5:42<57.2s[K       2/10      16.6G     0.7266     0.4861    0.06358        363        640: 85% ━━━━━━━━━━── 694/809 2.1it/s 5:42<55.2s[K       2/10      16.6G     0.7269     0.4861    0.06358        376        640: 85% ━━━━━━━━━━── 695/809 2.1it/s 5:43<54.3s[K       2/10      16.6G     0.7269     0.4862    0.06361        371        640: 86% ━━━━━━━━━━── 696/809 2.0it/s 5:43<55.8s[K       2/10      16.6G     0.7269     0.4862     0.0636        321        640: 86% ━━━━━━━━━━── 697/809 2.1it/s 5:44<52.8s[K       2/10      16.6G      0.727     0.4862    0.06362        413        640: 86% ━━━━━━━━━━── 698/809 2.1it/s 5:44<53.1s[K       2/10      16.6G     0.7268     0.4862     0.0636        296        640: 86% ━━━━━━━━━━── 699/809 2.2it/s 5:45<50.1s[K       2/10      16.6G     0.7267     0.4862    0.06358        256        640: 86% ━━━━━━━━━━── 700/809 2.3it/s 5:45<48.1s[K       2/10      16.6G     0.7267     0.4862    0.06357        517        640: 86% ━━━━━━━━━━── 701/809 2.1it/s 5:46<50.3s[K       2/10      16.6G     0.7267     0.4863    0.06359        324        640: 86% ━━━━━━━━━━── 702/809 2.2it/s 5:46<48.9s[K       2/10      16.6G     0.7271     0.4862    0.06361        641        640: 86% ━━━━━━━━━━── 703/809 2.0it/s 5:47<53.5s[K       2/10      16.6G      0.727     0.4862    0.06361        273        640: 87% ━━━━━━━━━━── 704/809 2.0it/s 5:47<51.6s[K       2/10      16.6G     0.7273     0.4862    0.06368        838        640: 87% ━━━━━━━━━━── 705/809 1.8it/s 5:48<59.0s[K       2/10      16.6G     0.7271     0.4861    0.06366        273        640: 87% ━━━━━━━━━━── 706/809 1.9it/s 5:49<53.3s[K       2/10      16.6G     0.7271     0.4862    0.06363        483        640: 87% ━━━━━━━━━━── 707/809 2.0it/s 5:49<51.7s[K       2/10      16.6G     0.7272     0.4862    0.06362        246        640: 87% ━━━━━━━━━━╸─ 708/809 2.1it/s 5:49<48.3s[K       2/10      16.6G     0.7271     0.4863    0.06361        159        640: 87% ━━━━━━━━━━╸─ 709/809 2.3it/s 5:50<43.7s[K       2/10      16.6G      0.727     0.4863    0.06361        301        640: 87% ━━━━━━━━━━╸─ 710/809 2.3it/s 5:50<42.6s[K       2/10      16.6G      0.727     0.4863    0.06361        269        640: 87% ━━━━━━━━━━╸─ 711/809 2.4it/s 5:51<41.7s[K       2/10      16.6G      0.727     0.4864    0.06359        354        640: 88% ━━━━━━━━━━╸─ 712/809 2.2it/s 5:51<43.1s[K       2/10      16.6G     0.7268     0.4864    0.06357        397        640: 88% ━━━━━━━━━━╸─ 713/809 2.2it/s 5:52<42.9s[K       2/10      16.6G     0.7268     0.4863    0.06359        436        640: 88% ━━━━━━━━━━╸─ 714/809 2.1it/s 5:52<44.6s[K       2/10      16.6G      0.727     0.4863     0.0636        296        640: 88% ━━━━━━━━━━╸─ 715/809 2.1it/s 5:53<44.3s[K       2/10      16.6G      0.727     0.4862    0.06359        563        640: 88% ━━━━━━━━━━╸─ 716/809 2.0it/s 5:53<45.8s[K       2/10      16.6G     0.7271     0.4863    0.06359        439        640: 88% ━━━━━━━━━━╸─ 717/809 2.0it/s 5:54<45.7s[K       2/10      16.6G     0.7272     0.4862    0.06358        415        640: 88% ━━━━━━━━━━╸─ 718/809 2.0it/s 5:54<45.0s[K       2/10      16.6G     0.7272     0.4862    0.06356        275        640: 88% ━━━━━━━━━━╸─ 719/809 2.1it/s 5:55<42.2s[K       2/10      16.6G     0.7273     0.4862    0.06357        380        640: 88% ━━━━━━━━━━╸─ 720/809 2.1it/s 5:55<42.9s[K       2/10      16.6G     0.7271     0.4862    0.06357        220        640: 89% ━━━━━━━━━━╸─ 721/809 2.2it/s 5:56<40.6s[K       2/10      16.6G     0.7269     0.4863    0.06356        438        640: 89% ━━━━━━━━━━╸─ 722/809 2.1it/s 5:56<40.8s[K       2/10      16.6G     0.7268     0.4863    0.06353        284        640: 89% ━━━━━━━━━━╸─ 723/809 2.2it/s 5:56<39.0s[K       2/10      16.6G     0.7268     0.4862    0.06352        293        640: 89% ━━━━━━━━━━╸─ 724/809 2.3it/s 5:57<37.7s[K       2/10      16.6G     0.7272     0.4862     0.0636        535        640: 89% ━━━━━━━━━━╸─ 725/809 2.1it/s 5:57<40.5s[K       2/10      16.6G     0.7271     0.4862    0.06358        352        640: 89% ━━━━━━━━━━╸─ 726/809 2.1it/s 5:58<39.2s[K       2/10      16.6G     0.7273     0.4862     0.0636        352        640: 89% ━━━━━━━━━━╸─ 727/809 2.2it/s 5:58<38.1s[K       2/10      16.6G     0.7272     0.4862    0.06359        283        640: 89% ━━━━━━━━━━╸─ 728/809 2.2it/s 5:59<37.6s[K       2/10      16.6G     0.7275     0.4862     0.0636        737        640: 90% ━━━━━━━━━━╸─ 729/809 1.9it/s 5:60<41.1s[K       2/10      16.6G     0.7274     0.4862    0.06359        264        640: 90% ━━━━━━━━━━╸─ 730/809 2.1it/s 5:60<37.9s[K       2/10      16.6G     0.7274     0.4862    0.06356        327        640: 90% ━━━━━━━━━━╸─ 731/809 2.1it/s 6:00<36.3s[K       2/10      16.6G     0.7275     0.4862    0.06355        266        640: 90% ━━━━━━━━━━╸─ 732/809 2.2it/s 6:01<34.8s[K       2/10      16.6G     0.7275     0.4862    0.06355        295        640: 90% ━━━━━━━━━━╸─ 733/809 2.2it/s 6:01<34.0s[K       2/10      16.6G     0.7275     0.4862    0.06354        284        640: 90% ━━━━━━━━━━╸─ 734/809 2.3it/s 6:02<32.8s[K       2/10      16.6G     0.7274     0.4861    0.06353        262        640: 90% ━━━━━━━━━━╸─ 735/809 2.3it/s 6:02<31.8s[K       2/10      16.6G     0.7275     0.4861    0.06353        254        640: 90% ━━━━━━━━━━╸─ 736/809 2.3it/s 6:03<32.1s[K       2/10      16.6G     0.7276     0.4861    0.06353        464        640: 91% ━━━━━━━━━━╸─ 737/809 2.2it/s 6:03<32.6s[K       2/10      16.6G     0.7275      0.486    0.06354        243        640: 91% ━━━━━━━━━━╸─ 738/809 2.3it/s 6:03<31.0s[K       2/10      16.6G     0.7279      0.486    0.06359        298        640: 91% ━━━━━━━━━━╸─ 739/809 2.2it/s 6:04<32.5s[K       2/10      16.6G     0.7278      0.486    0.06356        334        640: 91% ━━━━━━━━━━╸─ 740/809 2.2it/s 6:04<31.1s[K       2/10      16.6G     0.7277      0.486    0.06356        337        640: 91% ━━━━━━━━━━╸─ 741/809 2.2it/s 6:05<30.8s[K       2/10      16.6G     0.7276     0.4861    0.06356        415        640: 91% ━━━━━━━━━━━─ 742/809 2.2it/s 6:05<31.0s[K       2/10      16.6G     0.7276      0.486    0.06355        352        640: 91% ━━━━━━━━━━━─ 743/809 2.1it/s 6:06<30.8s[K       2/10      16.6G     0.7278      0.486    0.06358        385        640: 91% ━━━━━━━━━━━─ 744/809 2.0it/s 6:06<31.8s[K       2/10      16.6G     0.7278      0.486    0.06357        346        640: 92% ━━━━━━━━━━━─ 745/809 2.1it/s 6:07<30.4s[K       2/10      16.6G     0.7274      0.486    0.06354        349        640: 92% ━━━━━━━━━━━─ 746/809 2.2it/s 6:07<28.7s[K       2/10      16.6G     0.7276     0.4859    0.06354        545        640: 92% ━━━━━━━━━━━─ 747/809 1.9it/s 6:08<32.0s[K       2/10      16.6G     0.7275     0.4859    0.06353        270        640: 92% ━━━━━━━━━━━─ 748/809 2.1it/s 6:08<29.7s[K       2/10      16.6G     0.7276     0.4859    0.06352        283        640: 92% ━━━━━━━━━━━─ 749/809 2.2it/s 6:09<27.8s[K       2/10      16.6G     0.7276     0.4858     0.0635        287        640: 92% ━━━━━━━━━━━─ 750/809 2.2it/s 6:09<27.1s[K       2/10      16.6G     0.7278     0.4858    0.06353        369        640: 92% ━━━━━━━━━━━─ 751/809 2.1it/s 6:10<27.1s[K       2/10      16.6G     0.7279     0.4858    0.06353        453        640: 92% ━━━━━━━━━━━─ 752/809 2.0it/s 6:10<28.0s[K       2/10      16.6G     0.7281     0.4858    0.06357        336        640: 93% ━━━━━━━━━━━─ 753/809 2.0it/s 6:11<27.5s[K       2/10      16.6G      0.728     0.4859    0.06357        262        640: 93% ━━━━━━━━━━━─ 754/809 2.2it/s 6:11<25.5s[K       2/10      16.6G     0.7278     0.4859    0.06356        368        640: 93% ━━━━━━━━━━━─ 755/809 2.2it/s 6:12<24.7s[K       2/10      16.6G     0.7278     0.4859    0.06356        329        640: 93% ━━━━━━━━━━━─ 756/809 2.2it/s 6:12<23.8s[K       2/10      16.6G     0.7279     0.4858    0.06361        436        640: 93% ━━━━━━━━━━━─ 757/809 2.0it/s 6:13<25.7s[K       2/10      16.6G     0.7279     0.4857    0.06359        474        640: 93% ━━━━━━━━━━━─ 758/809 2.0it/s 6:13<25.0s[K       2/10      16.6G     0.7279     0.4858    0.06358        277        640: 93% ━━━━━━━━━━━─ 759/809 2.1it/s 6:14<23.6s[K       2/10      16.6G     0.7278     0.4858    0.06356        270        640: 93% ━━━━━━━━━━━─ 760/809 2.1it/s 6:14<22.8s[K       2/10      16.6G     0.7277     0.4858    0.06354        347        640: 94% ━━━━━━━━━━━─ 761/809 2.2it/s 6:15<21.9s[K       2/10      16.6G     0.7279     0.4858    0.06353        526        640: 94% ━━━━━━━━━━━─ 762/809 2.0it/s 6:15<23.4s[K       2/10      16.6G     0.7278     0.4858    0.06351        333        640: 94% ━━━━━━━━━━━─ 763/809 2.1it/s 6:16<22.1s[K       2/10      16.6G     0.7279     0.4858     0.0635        220        640: 94% ━━━━━━━━━━━─ 764/809 2.2it/s 6:16<20.5s[K       2/10      16.6G     0.7281     0.4857    0.06353        583        640: 94% ━━━━━━━━━━━─ 765/809 2.0it/s 6:17<21.6s[K       2/10      16.6G      0.728     0.4857     0.0635        351        640: 94% ━━━━━━━━━━━─ 766/809 2.1it/s 6:17<20.6s[K       2/10      16.6G      0.728     0.4858     0.0635        317        640: 94% ━━━━━━━━━━━─ 767/809 2.2it/s 6:17<19.3s[K       2/10      16.6G      0.728     0.4858    0.06349        377        640: 94% ━━━━━━━━━━━─ 768/809 2.2it/s 6:18<19.0s[K       2/10      16.6G     0.7279     0.4858    0.06349        207        640: 95% ━━━━━━━━━━━─ 769/809 2.3it/s 6:18<17.0s[K       2/10      16.6G     0.7277     0.4858    0.06348        306        640: 95% ━━━━━━━━━━━─ 770/809 2.3it/s 6:19<16.6s[K       2/10      16.6G     0.7277     0.4858    0.06348        422        640: 95% ━━━━━━━━━━━─ 771/809 2.3it/s 6:19<16.6s[K       2/10      16.6G     0.7275     0.4859    0.06349        282        640: 95% ━━━━━━━━━━━─ 772/809 2.3it/s 6:20<16.0s[K       2/10      16.6G     0.7274     0.4859    0.06347        274        640: 95% ━━━━━━━━━━━─ 773/809 2.4it/s 6:20<15.2s[K       2/10      16.6G     0.7276     0.4859    0.06348        524        640: 95% ━━━━━━━━━━━─ 774/809 2.2it/s 6:21<16.1s[K       2/10      16.6G     0.7275     0.4859    0.06346        435        640: 95% ━━━━━━━━━━━─ 775/809 2.2it/s 6:21<15.7s[K       2/10      16.6G     0.7276     0.4859    0.06349        412        640: 95% ━━━━━━━━━━━╸ 776/809 2.1it/s 6:22<16.0s[K       2/10      16.6G     0.7276     0.4859    0.06346        218        640: 96% ━━━━━━━━━━━╸ 777/809 2.2it/s 6:22<14.4s[K       2/10      16.6G     0.7277     0.4859    0.06347        471        640: 96% ━━━━━━━━━━━╸ 778/809 2.2it/s 6:23<14.4s[K       2/10      16.6G     0.7278     0.4858    0.06346        467        640: 96% ━━━━━━━━━━━╸ 779/809 1.9it/s 6:23<15.9s[K       2/10      16.6G     0.7277     0.4858    0.06343        304        640: 96% ━━━━━━━━━━━╸ 780/809 2.0it/s 6:24<14.7s[K       2/10      16.6G     0.7276     0.4858    0.06342        358        640: 96% ━━━━━━━━━━━╸ 781/809 2.1it/s 6:24<13.5s[K       2/10      16.6G     0.7275     0.4858    0.06342        353        640: 96% ━━━━━━━━━━━╸ 782/809 2.1it/s 6:25<12.8s[K       2/10      16.6G     0.7274     0.4859     0.0634        266        640: 96% ━━━━━━━━━━━╸ 783/809 2.2it/s 6:25<11.9s[K       2/10      16.6G     0.7275     0.4858    0.06339        417        640: 96% ━━━━━━━━━━━╸ 784/809 2.1it/s 6:26<12.2s[K       2/10      16.6G     0.7274     0.4858     0.0634        322        640: 97% ━━━━━━━━━━━╸ 785/809 2.2it/s 6:26<11.1s[K       2/10      16.6G     0.7274     0.4858    0.06339        236        640: 97% ━━━━━━━━━━━╸ 786/809 2.3it/s 6:26<10.0s[K       2/10      16.6G     0.7274     0.4858    0.06337        277        640: 97% ━━━━━━━━━━━╸ 787/809 2.3it/s 6:27<9.4s[K       2/10      16.6G     0.7274     0.4858    0.06334        294        640: 97% ━━━━━━━━━━━╸ 788/809 2.3it/s 6:27<9.0s[K       2/10      16.6G     0.7275     0.4858    0.06336        489        640: 97% ━━━━━━━━━━━╸ 789/809 2.2it/s 6:28<8.9s[K       2/10      16.6G     0.7275     0.4858    0.06336        523        640: 97% ━━━━━━━━━━━╸ 790/809 2.1it/s 6:28<9.0s[K       2/10      16.6G     0.7277     0.4858    0.06337        459        640: 97% ━━━━━━━━━━━╸ 791/809 2.1it/s 6:29<8.7s[K       2/10      16.6G     0.7278     0.4858    0.06339        481        640: 97% ━━━━━━━━━━━╸ 792/809 2.0it/s 6:29<8.6s[K       2/10      16.6G      0.728     0.4857    0.06342        419        640: 98% ━━━━━━━━━━━╸ 793/809 2.0it/s 6:30<8.2s[K       2/10      16.6G     0.7281     0.4857    0.06346        356        640: 98% ━━━━━━━━━━━╸ 794/809 2.0it/s 6:30<7.6s[K       2/10      16.6G     0.7282     0.4857    0.06345        315        640: 98% ━━━━━━━━━━━╸ 795/809 2.0it/s 6:31<6.9s[K       2/10      16.6G      0.728     0.4857    0.06347        159        640: 98% ━━━━━━━━━━━╸ 796/809 2.2it/s 6:31<5.8s[K       2/10      16.6G     0.7281     0.4857    0.06346        483        640: 98% ━━━━━━━━━━━╸ 797/809 2.2it/s 6:32<5.5s[K       2/10      16.6G     0.7281     0.4857    0.06346        446        640: 98% ━━━━━━━━━━━╸ 798/809 2.2it/s 6:32<5.1s[K       2/10      16.6G     0.7282     0.4857    0.06351        548        640: 98% ━━━━━━━━━━━╸ 799/809 2.0it/s 6:33<4.9s[K       2/10      16.6G     0.7283     0.4857    0.06353        246        640: 98% ━━━━━━━━━━━╸ 800/809 2.1it/s 6:33<4.3s[K       2/10      16.6G     0.7283     0.4857    0.06353        297        640: 99% ━━━━━━━━━━━╸ 801/809 2.2it/s 6:34<3.7s[K       2/10      16.6G     0.7284     0.4857    0.06352        503        640: 99% ━━━━━━━━━━━╸ 802/809 2.1it/s 6:34<3.4s[K       2/10      16.6G     0.7284     0.4858    0.06353        347        640: 99% ━━━━━━━━━━━╸ 803/809 2.1it/s 6:35<2.8s[K       2/10      16.6G     0.7284     0.4858    0.06354        255        640: 99% ━━━━━━━━━━━╸ 804/809 2.2it/s 6:35<2.2s[K       2/10      16.6G     0.7283     0.4858    0.06353        303        640: 99% ━━━━━━━━━━━╸ 805/809 2.2it/s 6:36<1.8s[K       2/10      16.6G     0.7281     0.4858    0.06351        231        640: 99% ━━━━━━━━━━━╸ 806/809 2.3it/s 6:36<1.3s[K       2/10      16.6G      0.728     0.4858     0.0635        278        640: 99% ━━━━━━━━━━━╸ 807/809 2.3it/s 6:36<0.9s[K       2/10      16.6G     0.7281     0.4857    0.06348        325        640: 99% ━━━━━━━━━━━╸ 808/809 2.3it/s 6:37<0.4s[K       2/10      16.6G     0.7281     0.4857    0.06348        325        640: 100% ━━━━━━━━━━━━ 809/809 2.0it/s 6:37
[K                 Class     Images  Instances      Box(P          R      mAP50  mAP50-95): 2% ──────────── 1/35 1.1s/it 0.3s<38.7s[K                 Class     Images  Instances      Box(P          R      mAP50  mAP50-95): 5% ╸─────────── 2/35 2.3it/s 0.5s<14.7s[K                 Class     Images  Instances      Box(P          R      mAP50  mAP50-95): 8% ━─────────── 3/35 2.8it/s 0.8s<11.4s[K                 Class     Images  Instances      Box(P          R      mAP50  mAP50-95): 11% ━─────────── 4/35 3.1it/s 1.0s<10.0s[K                 Class     Images  Instances      Box(P          R      mAP50  mAP50-95): 14% ━╸────────── 5/35 3.1it/s 1.3s<9.6s[K                 Class     Images  Instances      Box(P          R      mAP50  mAP50-95): 17% ━━────────── 6/35 3.1it/s 1.7s<9.5s[K                 Class     Images  Instances      Box(P          R      mAP50  mAP50-95): 20% ━━────────── 7/35 3.1it/s 2.0s<9.1s[K                 Class     Images  Instances      Box(P          R      mAP50  mAP50-95): 22% ━━╸───────── 8/35 2.9it/s 2.4s<9.3s[K                 Class     Images  Instances      Box(P          R      mAP50  mAP50-95): 25% ━━━───────── 9/35 3.2it/s 2.7s<8.1s[K                 Class     Images  Instances      Box(P          R      mAP50  mAP50-95): 28% ━━━───────── 10/35 3.7it/s 2.9s<6.8s[K                 Class     Images  Instances      Box(P          R      mAP50  mAP50-95): 31% ━━━╸──────── 11/35 3.4it/s 3.2s<7.1s[K                 Class     Images  Instances      Box(P          R      mAP50  mAP50-95): 34% ━━━━──────── 12/35 3.3it/s 3.6s<6.9s[K                 Class     Images  Instances      Box(P          R      mAP50  mAP50-95): 37% ━━━━──────── 13/35 3.5it/s 3.8s<6.3s[K                 Class     Images  Instances      Box(P          R      mAP50  mAP50-95): 40% ━━━━╸─────── 14/35 3.4it/s 4.1s<6.2s[K                 Class     Images  Instances      Box(P          R      mAP50  mAP50-95): 42% ━━━━━─────── 15/35 3.7it/s 4.4s<5.4s[K                 Class     Images  Instances      Box(P          R      mAP50  mAP50-95): 45% ━━━━━─────── 16/35 3.6it/s 4.7s<5.3s[K                 Class     Images  Instances      Box(P          R      mAP50  mAP50-95): 48% ━━━━━╸────── 17/35 3.3it/s 5.0s<5.4s[K                 Class     Images  Instances      Box(P          R      mAP50  mAP50-95): 51% ━━━━━━────── 18/35 3.5it/s 5.3s<4.9s[K                 Class     Images  Instances      Box(P          R      mAP50  mAP50-95): 54% ━━━━━━╸───── 19/35 3.6it/s 5.5s<4.4s[K                 Class     Images  Instances      Box(P          R      mAP50  mAP50-95): 57% ━━━━━━╸───── 20/35 3.8it/s 5.8s<3.9s[K                 Class     Images  Instances      Box(P          R      mAP50  mAP50-95): 60% ━━━━━━━───── 21/35 3.6it/s 6.1s<3.9s[K                 Class     Images  Instances      Box(P          R      mAP50  mAP50-95): 62% ━━━━━━━╸──── 22/35 3.1it/s 6.6s<4.2s[K                 Class     Images  Instances      Box(P          R      mAP50  mAP50-95): 65% ━━━━━━━╸──── 23/35 2.5it/s 7.5s<4.8s[K                 Class     Images  Instances      Box(P          R      mAP50  mAP50-95): 68% ━━━━━━━━──── 24/35 1.9it/s 9.5s<5.8s[K                 Class     Images  Instances      Box(P          R      mAP50  mAP50-95): 71% ━━━━━━━━╸─── 25/35 2.2it/s 9.9s<4.5s[K                 Class     Images  Instances      Box(P          R      mAP50  mAP50-95): 74% ━━━━━━━━╸─── 26/35 2.8it/s 10.1s<3.2s[K                 Class     Images  Instances      Box(P          R      mAP50  mAP50-95): 77% ━━━━━━━━━─── 27/35 2.8it/s 10.5s<2.9s[K                 Class     Images  Instances      Box(P          R      mAP50  mAP50-95): 80% ━━━━━━━━━╸── 28/35 2.8it/s 10.8s<2.5s[K                 Class     Images  Instances      Box(P          R      mAP50  mAP50-95): 82% ━━━━━━━━━╸── 29/35 3.1it/s 11.1s<1.9s[K                 Class     Images  Instances      Box(P          R      mAP50  mAP50-95): 85% ━━━━━━━━━━── 30/35 3.4it/s 11.3s<1.5s[K                 Class     Images  Instances      Box(P          R      mAP50  mAP50-95): 88% ━━━━━━━━━━╸─ 31/35 3.3it/s 11.6s<1.2s[K                 Class     Images  Instances      Box(P          R      mAP50  mAP50-95): 91% ━━━━━━━━━━╸─ 32/35 3.3it/s 11.9s<0.9s[K                 Class     Images  Instances      Box(P          R      mAP50  mAP50-95): 94% ━━━━━━━━━━━─ 33/35 3.6it/s 12.2s<0.6s[K                 Class     Images  Instances      Box(P          R      mAP50  mAP50-95): 97% ━━━━━━━━━━━╸ 34/35 3.9it/s 12.4s<0.3s[K                 Class     Images  Instances      Box(P          R      mAP50  mAP50-95): 100% ━━━━━━━━━━━━ 35/35 2.8it/s 12.5s
                   all        548      38759      0.511      0.436      0.414      0.242

      Epoch    GPU_mem  giou_loss   cls_loss    l1_loss  Instances       Size
/root/data/uav/venv/lib/python3.10/site-packages/torch/autograd/graph.py:825: UserWarning: grid_sampler_2d_backward_cuda does not have a deterministic implementation, but you set 'torch.use_deterministic_algorithms(True, warn_only=True)'. You can file an issue at https://github.com/pytorch/pytorch/issues to help us prioritize adding deterministic support for this operation. (Triggered internally at ../aten/src/ATen/Context.cpp:91.)
  return Variable._execution_engine.run_backward(  # Calls into the C++ engine to run the backward pass
[K       3/10      2.18G     0.7188     0.5456    0.07126        221        640: 0% ──────────── 0/809  0.4s[K       3/10      2.18G     0.7262     0.5284    0.06531        284        640: 0% ──────────── 1/809 1.4s/it 0.8s<19:01[K       3/10      2.23G      0.713     0.5033    0.06051        338        640: 0% ──────────── 2/809 1.2it/s 1.3s<11:24[K       3/10      2.41G     0.7091     0.4973    0.05753        337        640: 0% ──────────── 3/809 1.6it/s 1.7s<8:37[K       3/10      2.41G     0.6949     0.5023    0.05816        315        640: 0% ──────────── 4/809 1.8it/s 2.1s<7:20[K       3/10      2.41G     0.6751     0.4974    0.05497        282        640: 0% ──────────── 5/809 2.0it/s 2.5s<6:38[K       3/10      2.41G      0.673     0.5021     0.0557        410        640: 0% ──────────── 6/809 2.1it/s 2.9s<6:27[K       3/10      2.41G     0.6691     0.4986    0.05682        336        640: 0% ──────────── 7/809 2.1it/s 3.4s<6:20[K       3/10      2.41G     0.6572     0.5047    0.06004        230        640: 0% ──────────── 8/809 2.3it/s 3.8s<5:55[K       3/10       3.4G       0.67     0.5009    0.06312        499        640: 1% ──────────── 9/809 1.9it/s 4.6s<6:56[K       3/10       3.4G     0.6781     0.5006    0.06254        428        640: 1% ──────────── 10/809 2.0it/s 5.1s<6:48[K       3/10       3.4G     0.6862      0.499    0.06188        384        640: 1% ──────────── 11/809 2.0it/s 5.6s<6:31[K       3/10       3.4G     0.6728     0.4973    0.06119        200        640: 1% ──────────── 12/809 2.2it/s 6.0s<5:58[K       3/10       3.4G     0.6783     0.4945    0.06146        381        640: 1% ──────────── 13/809 2.2it/s 6.4s<6:05[K       3/10       3.4G     0.6771     0.4946    0.06101        475        640: 1% ──────────── 14/809 2.2it/s 6.9s<6:10[K       3/10       3.4G       0.67     0.4953    0.05999        269        640: 1% ──────────── 15/809 2.1it/s 7.4s<6:10[K       3/10       3.4G     0.6665     0.4979    0.06004        272        640: 1% ──────────── 16/809 2.3it/s 7.8s<5:52[K       3/10       3.4G     0.6635     0.4984    0.06074        222        640: 2% ──────────── 17/809 2.4it/s 8.2s<5:32[K       3/10       3.4G     0.6664     0.4976       0.06        184        640: 2% ──────────── 18/809 2.5it/s 8.5s<5:20[K       3/10       3.4G     0.6613     0.5011    0.05931        368        640: 2% ──────────── 19/809 2.4it/s 9.0s<5:26[K       3/10       3.4G     0.6583     0.5037    0.05929        349        640: 2% ──────────── 20/809 2.4it/s 9.4s<5:32[K       3/10       3.4G     0.6647     0.5025    0.05971        409        640: 2% ──────────── 21/809 2.2it/s 9.9s<5:54[K       3/10       3.4G     0.6659     0.5033    0.05949        374        640: 2% ──────────── 22/809 2.2it/s 10.4s<5:56[K       3/10       3.4G     0.6666     0.5028    0.05877        241        640: 2% ──────────── 23/809 2.2it/s 10.8s<5:53[K       3/10       3.4G     0.6703     0.5036    0.05908        309        640: 2% ──────────── 24/809 2.3it/s 11.3s<5:44[K       3/10       3.4G     0.6641     0.5041    0.05918        311        640: 3% ──────────── 25/809 2.3it/s 11.7s<5:43[K       3/10       3.4G     0.6645     0.5032      0.059        273        640: 3% ──────────── 26/809 2.3it/s 12.1s<5:37[K       3/10       3.4G     0.6707     0.5028    0.05908        417        640: 3% ──────────── 27/809 2.2it/s 12.6s<5:48[K       3/10       3.4G     0.6793     0.5009    0.06013        431        640: 3% ──────────── 28/809 2.2it/s 13.1s<5:56[K       3/10       3.4G     0.6834     0.5007    0.06135        426        640: 3% ──────────── 29/809 2.1it/s 13.6s<6:06[K       3/10       3.4G     0.6846     0.5008    0.06138        312        640: 3% ──────────── 30/809 2.2it/s 14.0s<5:49[K       3/10       3.4G     0.6856     0.5004    0.06203        375        640: 3% ──────────── 31/809 2.2it/s 14.5s<5:58[K       3/10       3.4G     0.6828        0.5    0.06204        261        640: 3% ──────────── 32/809 2.3it/s 14.9s<5:45[K       3/10       3.4G     0.6862     0.4981    0.06177        473        640: 4% ──────────── 33/809 2.1it/s 15.4s<6:07[K       3/10       3.4G     0.6836     0.4986    0.06146        277        640: 4% ╸─────────── 34/809 2.2it/s 15.8s<5:48[K       3/10       3.4G     0.6828     0.5001    0.06181        277        640: 4% ╸─────────── 35/809 2.3it/s 16.2s<5:31[K       3/10       3.4G     0.6883     0.4987    0.06165        386        640: 4% ╸─────────── 36/809 2.2it/s 16.7s<5:50[K       3/10       3.4G     0.6909      0.498    0.06218        550        640: 4% ╸─────────── 37/809 2.1it/s 17.3s<6:11[K       3/10       3.4G     0.6908     0.4986    0.06209        292        640: 4% ╸─────────── 38/809 2.2it/s 17.7s<5:55[K       3/10       3.4G     0.6869     0.4989    0.06251        164        640: 4% ╸─────────── 39/809 2.2it/s 18.2s<5:47[K       3/10       3.4G     0.6861     0.4973    0.06228        352        640: 4% ╸─────────── 40/809 2.3it/s 18.6s<5:42[K       3/10       3.4G     0.6861     0.4982    0.06223        398        640: 5% ╸─────────── 41/809 2.2it/s 19.1s<5:46[K       3/10       3.4G     0.6875      0.498    0.06218        385        640: 5% ╸─────────── 42/809 2.2it/s 19.5s<5:49[K       3/10       3.4G     0.6886     0.4987    0.06224        310        640: 5% ╸─────────── 43/809 2.2it/s 20.0s<5:47[K       3/10       3.4G     0.6892      0.499     0.0622        212        640: 5% ╸─────────── 44/809 2.3it/s 20.4s<5:40[K       3/10      4.38G     0.6963     0.4974     0.0637        669        640: 5% ╸─────────── 45/809 1.8it/s 21.8s<7:09[K       3/10      4.38G      0.696     0.4972    0.06357        274        640: 5% ╸─────────── 46/809 2.0it/s 22.3s<6:24[K       3/10      4.38G     0.6955     0.4975    0.06364        344        640: 5% ╸─────────── 47/809 2.0it/s 22.7s<6:19[K       3/10      4.38G     0.6939     0.4975     0.0635        385        640: 5% ╸─────────── 48/809 2.1it/s 23.2s<6:10[K       3/10      4.38G      0.694     0.4976    0.06318        455        640: 6% ╸─────────── 49/809 2.1it/s 23.7s<6:08[K       3/10      4.38G     0.6956     0.4975    0.06313        525        640: 6% ╸─────────── 50/809 2.0it/s 24.2s<6:14[K       3/10      4.38G     0.6949     0.4972     0.0628        389        640: 6% ╸─────────── 51/809 2.1it/s 24.7s<6:08[K       3/10      4.38G     0.6993     0.4966    0.06297        341        640: 6% ╸─────────── 52/809 2.1it/s 25.1s<6:01[K       3/10      4.38G     0.7029     0.4961    0.06286        299        640: 6% ╸─────────── 53/809 2.2it/s 25.5s<5:46[K       3/10      4.38G      0.702     0.4968    0.06272        317        640: 6% ╸─────────── 54/809 2.3it/s 25.9s<5:30[K       3/10      4.38G     0.6998     0.4968    0.06247        426        640: 6% ╸─────────── 55/809 2.2it/s 26.4s<5:45[K       3/10      4.38G     0.6995     0.4976    0.06255        317        640: 6% ╸─────────── 56/809 2.3it/s 26.9s<5:34[K       3/10      4.38G     0.6996     0.4971    0.06238        286        640: 7% ╸─────────── 57/809 2.3it/s 27.3s<5:26[K       3/10      4.38G        0.7     0.4973    0.06235        341        640: 7% ╸─────────── 58/809 2.3it/s 27.7s<5:24[K       3/10      4.38G      0.699     0.4969    0.06229        359        640: 7% ╸─────────── 59/809 2.3it/s 28.2s<5:29[K       3/10      4.38G     0.6954     0.4972    0.06243        283        640: 7% ╸─────────── 60/809 2.3it/s 28.6s<5:21[K       3/10      4.38G      0.699     0.4963    0.06254        461        640: 7% ╸─────────── 61/809 2.2it/s 29.1s<5:34[K       3/10      4.38G     0.7029     0.4957    0.06277        374        640: 7% ╸─────────── 62/809 2.2it/s 29.5s<5:36[K       3/10      4.38G     0.7023     0.4956    0.06264        337        640: 7% ╸─────────── 63/809 2.2it/s 30.0s<5:42[K       3/10      4.38G     0.7024     0.4949    0.06241        473        640: 7% ╸─────────── 64/809 2.1it/s 30.5s<5:48[K       3/10      4.38G     0.7011      0.495    0.06251        337        640: 8% ╸─────────── 65/809 2.2it/s 30.9s<5:37[K       3/10      4.38G     0.7055     0.4942    0.06261        323        640: 8% ╸─────────── 66/809 2.2it/s 31.3s<5:31[K       3/10      4.38G     0.7068     0.4944    0.06294        364        640: 8% ╸─────────── 67/809 2.2it/s 31.8s<5:35[K       3/10      4.38G     0.7066     0.4944    0.06295        292        640: 8% ━─────────── 68/809 2.3it/s 32.2s<5:28[K       3/10      4.38G     0.7067     0.4952    0.06287        322        640: 8% ━─────────── 69/809 2.3it/s 32.7s<5:24[K       3/10      4.38G     0.7055     0.4959    0.06284        258        640: 8% ━─────────── 70/809 2.4it/s 33.1s<5:14[K       3/10      4.38G     0.7059     0.4958    0.06299        374        640: 8% ━─────────── 71/809 2.3it/s 33.5s<5:26[K       3/10      4.38G     0.7064     0.4955    0.06282        473        640: 8% ━─────────── 72/809 2.2it/s 34.0s<5:33[K       3/10      4.38G      0.707     0.4959    0.06286        356        640: 9% ━─────────── 73/809 2.2it/s 34.5s<5:31[K       3/10      4.38G     0.7089     0.4953    0.06284        440        640: 9% ━─────────── 74/809 2.1it/s 35.0s<5:48[K       3/10      4.38G     0.7067     0.4953    0.06264        396        640: 9% ━─────────── 75/809 2.1it/s 35.5s<5:45[K       3/10      4.38G     0.7086     0.4949     0.0626        282        640: 9% ━─────────── 76/809 2.1it/s 36.0s<5:57[K       3/10      4.38G     0.7115     0.4939    0.06263        291        640: 9% ━─────────── 77/809 1.9it/s 36.6s<6:26[K       3/10      4.38G      0.713     0.4932    0.06267        342        640: 9% ━─────────── 78/809 1.9it/s 37.1s<6:19[K       3/10      4.38G     0.7096     0.4932    0.06242        270        640: 9% ━─────────── 79/809 2.0it/s 37.6s<5:58[K       3/10      4.38G      0.711     0.4934    0.06237        294        640: 9% ━─────────── 80/809 2.1it/s 38.0s<5:40[K       3/10      4.38G     0.7095     0.4932    0.06221        298        640: 10% ━─────────── 81/809 2.2it/s 38.4s<5:25[K       3/10      4.38G     0.7083     0.4939    0.06203        393        640: 10% ━─────────── 82/809 2.3it/s 38.8s<5:23[K       3/10      4.38G     0.7065     0.4938    0.06189        333        640: 10% ━─────────── 83/809 2.3it/s 39.3s<5:19[K       3/10      4.38G      0.706      0.494    0.06186        328        640: 10% ━─────────── 84/809 2.3it/s 39.7s<5:10[K       3/10      4.38G     0.7048      0.494    0.06179        324        640: 10% ━─────────── 85/809 2.4it/s 40.1s<5:06[K       3/10      4.38G     0.7086     0.4931    0.06267        620        640: 10% ━─────────── 86/809 2.0it/s 41.1s<6:08[K       3/10      4.38G     0.7099      0.493    0.06264        550        640: 10% ━─────────── 87/809 1.9it/s 41.7s<6:24[K       3/10      4.38G      0.709     0.4935    0.06258        261        640: 10% ━─────────── 88/809 2.1it/s 42.1s<5:52[K       3/10      4.38G     0.7092     0.4939    0.06267        341        640: 11% ━─────────── 89/809 2.2it/s 42.5s<5:34[K       3/10      4.38G     0.7084     0.4937    0.06272        238        640: 11% ━─────────── 90/809 2.3it/s 42.9s<5:18[K       3/10      4.38G     0.7099     0.4934    0.06268        382        640: 11% ━─────────── 91/809 2.2it/s 43.4s<5:23[K       3/10      4.38G     0.7089     0.4933    0.06272        336        640: 11% ━─────────── 92/809 2.2it/s 43.8s<5:21[K       3/10      4.38G     0.7097     0.4931    0.06296        265        640: 11% ━─────────── 93/809 2.3it/s 44.2s<5:15[K       3/10      4.38G     0.7091     0.4929    0.06287        417        640: 11% ━─────────── 94/809 2.2it/s 44.7s<5:19[K       3/10      4.38G     0.7079     0.4934     0.0628        320        640: 11% ━─────────── 95/809 2.2it/s 45.2s<5:26[K       3/10      4.38G     0.7069     0.4932    0.06263        396        640: 11% ━─────────── 96/809 2.2it/s 45.6s<5:22[K       3/10      4.38G     0.7061     0.4932    0.06262        335        640: 11% ━─────────── 97/809 2.3it/s 46.0s<5:16[K       3/10      4.38G     0.7056     0.4933    0.06267        521        640: 12% ━─────────── 98/809 2.2it/s 46.5s<5:30[K       3/10      4.38G     0.7049     0.4937    0.06264        421        640: 12% ━─────────── 99/809 2.2it/s 47.0s<5:29[K       3/10      4.38G      0.705     0.4932    0.06259        532        640: 12% ━─────────── 100/809 2.1it/s 47.5s<5:37[K       3/10      4.38G     0.7059      0.493    0.06272        350        640: 12% ━─────────── 101/809 2.1it/s 48.0s<5:31[K       3/10      4.38G     0.7062     0.4936    0.06258        374        640: 12% ━╸────────── 102/809 2.2it/s 48.4s<5:24[K       3/10      4.38G     0.7076     0.4935    0.06268        662        640: 12% ━╸────────── 103/809 1.9it/s 49.3s<6:20[K       3/10      4.38G     0.7073     0.4936    0.06262        351        640: 12% ━╸────────── 104/809 2.0it/s 49.8s<5:59[K       3/10      4.38G     0.7061     0.4937     0.0626        336        640: 12% ━╸────────── 105/809 2.1it/s 50.2s<5:38[K       3/10      4.38G     0.7068     0.4932     0.0626        581        640: 13% ━╸────────── 106/809 2.0it/s 50.7s<5:51[K       3/10      4.38G     0.7075      0.493    0.06253        343        640: 13% ━╸────────── 107/809 2.1it/s 51.2s<5:41[K       3/10      4.38G     0.7086     0.4928    0.06252        292        640: 13% ━╸────────── 108/809 2.2it/s 51.6s<5:22[K       3/10      4.38G     0.7097     0.4924    0.06259        411        640: 13% ━╸────────── 109/809 2.1it/s 52.1s<5:29[K       3/10      4.38G     0.7096     0.4921    0.06249        257        640: 13% ━╸────────── 110/809 2.2it/s 52.5s<5:20[K       3/10      4.38G     0.7097     0.4922    0.06242        277        640: 13% ━╸────────── 111/809 2.2it/s 53.0s<5:20[K       3/10      4.38G     0.7114     0.4915    0.06246        469        640: 13% ━╸────────── 112/809 2.0it/s 53.6s<5:42[K       3/10      4.38G      0.713     0.4914    0.06263        486        640: 13% ━╸────────── 113/809 2.0it/s 54.1s<5:47[K       3/10      4.38G      0.713     0.4914    0.06255        401        640: 14% ━╸────────── 114/809 2.0it/s 54.6s<5:45[K       3/10      4.38G     0.7153     0.4912    0.06265        472        640: 14% ━╸────────── 115/809 1.9it/s 55.2s<6:10[K       3/10      4.38G     0.7166     0.4907    0.06265        517        640: 14% ━╸────────── 116/809 1.8it/s 55.8s<6:21[K       3/10      4.38G     0.7171     0.4908    0.06279        398        640: 14% ━╸────────── 117/809 1.9it/s 56.3s<6:06[K       3/10      4.38G     0.7163      0.491    0.06268        246        640: 14% ━╸────────── 118/809 2.1it/s 56.7s<5:33[K       3/10      4.38G     0.7162      0.491    0.06253        253        640: 14% ━╸────────── 119/809 2.1it/s 57.2s<5:28[K       3/10      4.38G     0.7166     0.4911    0.06266        319        640: 14% ━╸────────── 120/809 2.1it/s 57.6s<5:22[K       3/10      4.38G      0.718     0.4908    0.06278        619        640: 14% ━╸────────── 121/809 1.8it/s 58.5s<6:15[K       3/10      4.38G      0.718     0.4907    0.06269        342        640: 15% ━╸────────── 122/809 1.9it/s 59.0s<5:55[K       3/10      4.38G     0.7179     0.4909     0.0628        301        640: 15% ━╸────────── 123/809 2.0it/s 59.4s<5:38[K       3/10      4.38G     0.7175     0.4908    0.06271        391        640: 15% ━╸────────── 124/809 2.0it/s 59.9s<5:40[K       3/10      4.38G     0.7183     0.4906    0.06281        411        640: 15% ━╸────────── 125/809 2.0it/s 1:00<5:39[K       3/10      4.38G     0.7177      0.491    0.06276        192        640: 15% ━╸────────── 126/809 2.2it/s 1:01<5:16[K       3/10      4.38G     0.7169     0.4911    0.06271        439        640: 15% ━╸────────── 127/809 2.1it/s 1:01<5:32[K       3/10      4.38G      0.716     0.4914    0.06258        270        640: 15% ━╸────────── 128/809 2.2it/s 1:02<5:13[K       3/10      4.38G     0.7176     0.4909    0.06286        431        640: 15% ━╸────────── 129/809 2.1it/s 1:02<5:32[K       3/10      4.38G     0.7183     0.4911    0.06292        360        640: 16% ━╸────────── 130/809 2.1it/s 1:03<5:30[K       3/10      5.67G     0.7203     0.4906    0.06339        638        640: 16% ━╸────────── 131/809 1.8it/s 1:04<6:27[K       3/10      5.67G     0.7195     0.4909     0.0633        378        640: 16% ━╸────────── 132/809 1.9it/s 1:04<6:05[K       3/10      5.67G     0.7174     0.4911    0.06318        171        640: 16% ━╸────────── 133/809 2.1it/s 1:05<5:17[K       3/10      5.67G     0.7165     0.4914    0.06315        196        640: 16% ━╸────────── 134/809 2.3it/s 1:05<4:51[K       3/10      5.67G     0.7159     0.4914    0.06323        296        640: 16% ━━────────── 135/809 2.3it/s 1:05<4:56[K       3/10      5.67G     0.7166     0.4914     0.0633        463        640: 16% ━━────────── 136/809 2.2it/s 1:06<5:09[K       3/10      5.67G     0.7166     0.4912    0.06322        431        640: 16% ━━────────── 137/809 2.1it/s 1:06<5:23[K       3/10      5.67G     0.7163     0.4911    0.06322        407        640: 17% ━━────────── 138/809 2.1it/s 1:07<5:18[K       3/10      5.67G     0.7153     0.4914    0.06315        237        640: 17% ━━────────── 139/809 2.3it/s 1:07<4:57[K       3/10      5.67G     0.7168     0.4914     0.0635        268        640: 17% ━━────────── 140/809 2.3it/s 1:08<4:53[K       3/10      5.67G     0.7165     0.4915    0.06344        244        640: 17% ━━────────── 141/809 2.4it/s 1:08<4:42[K       3/10      5.67G     0.7159     0.4915     0.0633        319        640: 17% ━━────────── 142/809 2.4it/s 1:09<4:42[K       3/10      5.67G     0.7183     0.4909    0.06354        508        640: 17% ━━────────── 143/809 2.0it/s 1:10<5:38[K       3/10      5.67G      0.717      0.491    0.06341        422        640: 17% ━━────────── 144/809 2.0it/s 1:10<5:30[K       3/10      5.67G     0.7168     0.4909    0.06333        282        640: 17% ━━────────── 145/809 2.1it/s 1:10<5:12[K       3/10      5.67G     0.7171     0.4907    0.06328        377        640: 18% ━━────────── 146/809 2.1it/s 1:11<5:16[K       3/10      5.67G      0.719     0.4903    0.06337        368        640: 18% ━━────────── 147/809 2.0it/s 1:12<5:37[K       3/10      5.67G     0.7196     0.4903    0.06347        269        640: 18% ━━────────── 148/809 2.1it/s 1:12<5:19[K       3/10      5.67G     0.7189     0.4902    0.06336        283        640: 18% ━━────────── 149/809 2.2it/s 1:12<5:05[K       3/10      5.67G     0.7195     0.4901    0.06334        585        640: 18% ━━────────── 150/809 2.0it/s 1:13<5:24[K       3/10      5.67G     0.7191     0.4898    0.06346        411        640: 18% ━━────────── 151/809 1.9it/s 1:14<5:39[K       3/10      5.67G     0.7191     0.4901    0.06351        456        640: 18% ━━────────── 152/809 2.0it/s 1:14<5:35[K       3/10      5.67G     0.7204     0.4899    0.06367        337        640: 18% ━━────────── 153/809 1.9it/s 1:15<5:48[K       3/10      5.67G     0.7209     0.4899     0.0638        371        640: 19% ━━────────── 154/809 2.0it/s 1:15<5:33[K       3/10      5.67G     0.7209     0.4901    0.06379        408        640: 19% ━━────────── 155/809 2.0it/s 1:16<5:23[K       3/10      5.67G     0.7229     0.4898    0.06396        502        640: 19% ━━────────── 156/809 1.9it/s 1:16<5:48[K       3/10      5.67G     0.7222     0.4898    0.06383        238        640: 19% ━━────────── 157/809 2.1it/s 1:17<5:17[K       3/10      5.67G     0.7223     0.4896    0.06384        500        640: 19% ━━────────── 158/809 2.0it/s 1:17<5:22[K       3/10      5.67G      0.722     0.4895    0.06376        221        640: 19% ━━────────── 159/809 2.1it/s 1:18<5:10[K       3/10      5.67G     0.7212     0.4898    0.06372        303        640: 19% ━━────────── 160/809 2.2it/s 1:18<4:59[K       3/10      5.67G     0.7212     0.4897    0.06375        336        640: 19% ━━────────── 161/809 2.2it/s 1:18<4:48[K       3/10      5.67G     0.7214     0.4901    0.06381        176        640: 20% ━━────────── 162/809 2.4it/s 1:19<4:33[K       3/10      5.67G     0.7223     0.4899    0.06377        387        640: 20% ━━────────── 163/809 2.3it/s 1:19<4:43[K       3/10      5.67G      0.723       0.49    0.06379        425        640: 20% ━━────────── 164/809 2.2it/s 1:20<4:55[K       3/10      5.67G     0.7234       0.49    0.06396        457        640: 20% ━━────────── 165/809 2.2it/s 1:20<4:59[K       3/10      5.67G     0.7237     0.4898    0.06395        569        640: 20% ━━────────── 166/809 2.0it/s 1:21<5:20[K       3/10      5.67G     0.7241       0.49    0.06396        407        640: 20% ━━────────── 167/809 2.0it/s 1:21<5:18[K       3/10      5.67G     0.7235     0.4903    0.06404        216        640: 20% ━━────────── 168/809 2.2it/s 1:22<4:56[K       3/10      5.67G     0.7229     0.4908     0.0641        194        640: 20% ━━╸───────── 169/809 2.3it/s 1:22<4:32[K       3/10      5.67G      0.723     0.4908    0.06404        199        640: 21% ━━╸───────── 170/809 2.4it/s 1:22<4:26[K       3/10      5.67G     0.7233     0.4905    0.06404        497        640: 21% ━━╸───────── 171/809 2.2it/s 1:23<4:47[K       3/10      5.67G     0.7227     0.4906    0.06398        293        640: 21% ━━╸───────── 172/809 2.3it/s 1:23<4:37[K       3/10      5.67G     0.7224     0.4909    0.06382        135        640: 21% ━━╸───────── 173/809 2.5it/s 1:24<4:18[K       3/10      5.67G     0.7234     0.4907    0.06381        414        640: 21% ━━╸───────── 174/809 2.4it/s 1:24<4:30[K       3/10      5.67G     0.7233     0.4907    0.06375        406        640: 21% ━━╸───────── 175/809 2.2it/s 1:25<4:45[K       3/10      5.67G      0.723     0.4909    0.06369        292        640: 21% ━━╸───────── 176/809 2.2it/s 1:25<4:42[K       3/10      5.67G     0.7232     0.4908    0.06361        280        640: 21% ━━╸───────── 177/809 2.3it/s 1:26<4:38[K       3/10      5.67G     0.7228     0.4908    0.06362        264        640: 22% ━━╸───────── 178/809 2.3it/s 1:26<4:31[K       3/10      5.67G     0.7225     0.4909     0.0636        397        640: 22% ━━╸───────── 179/809 2.2it/s 1:27<4:42[K       3/10      5.67G     0.7215      0.491    0.06353        432        640: 22% ━━╸───────── 180/809 2.2it/s 1:27<4:49[K       3/10      5.67G     0.7217     0.4911    0.06356        388        640: 22% ━━╸───────── 181/809 2.2it/s 1:28<4:49[K       3/10      5.67G     0.7209     0.4911    0.06346        281        640: 22% ━━╸───────── 182/809 2.2it/s 1:28<4:42[K       3/10      5.67G     0.7203     0.4909    0.06346        377        640: 22% ━━╸───────── 183/809 2.2it/s 1:28<4:48[K       3/10      5.67G     0.7212     0.4906     0.0636        797        640: 22% ━━╸───────── 184/809 1.9it/s 1:29<5:28[K       3/10      5.67G     0.7215     0.4905    0.06351        229        640: 22% ━━╸───────── 185/809 2.0it/s 1:30<5:05[K       3/10      5.67G     0.7209     0.4905    0.06346        300        640: 22% ━━╸───────── 186/809 2.1it/s 1:30<4:54[K       3/10      5.67G     0.7212     0.4908    0.06336        264        640: 23% ━━╸───────── 187/809 2.2it/s 1:30<4:43[K       3/10      5.67G      0.721     0.4907    0.06332        211        640: 23% ━━╸───────── 188/809 2.3it/s 1:31<4:30[K       3/10      5.67G     0.7211     0.4906    0.06331        319        640: 23% ━━╸───────── 189/809 2.3it/s 1:31<4:30[K       3/10      5.67G     0.7214     0.4906    0.06328        573        640: 23% ━━╸───────── 190/809 2.1it/s 1:32<4:52[K       3/10      5.67G     0.7215     0.4907    0.06335        263        640: 23% ━━╸───────── 191/809 2.2it/s 1:32<4:42[K       3/10      5.67G     0.7219     0.4906    0.06327        366        640: 23% ━━╸───────── 192/809 2.2it/s 1:33<4:46[K       3/10      5.67G     0.7231     0.4902    0.06325        523        640: 23% ━━╸───────── 193/809 2.0it/s 1:33<5:08[K       3/10      5.67G     0.7231     0.4902    0.06328        387        640: 23% ━━╸───────── 194/809 2.0it/s 1:34<5:07[K       3/10      5.67G     0.7231     0.4902    0.06333        452        640: 24% ━━╸───────── 195/809 2.0it/s 1:34<5:04[K       3/10      5.67G     0.7228       0.49    0.06332        308        640: 24% ━━╸───────── 196/809 2.1it/s 1:35<4:51[K       3/10      5.67G     0.7223     0.4902    0.06326        278        640: 24% ━━╸───────── 197/809 2.2it/s 1:35<4:36[K       3/10      5.67G     0.7216     0.4903    0.06333        370        640: 24% ━━╸───────── 198/809 2.2it/s 1:36<4:35[K       3/10      5.67G     0.7222     0.4902    0.06337        406        640: 24% ━━╸───────── 199/809 2.1it/s 1:36<4:46[K       3/10      5.67G     0.7222     0.4901    0.06337        279        640: 24% ━━╸───────── 200/809 2.2it/s 1:37<4:37[K       3/10      5.67G     0.7216     0.4905    0.06338        146        640: 24% ━━╸───────── 201/809 2.4it/s 1:37<4:16[K       3/10      5.67G     0.7212     0.4905    0.06336        411        640: 24% ━━╸───────── 202/809 2.3it/s 1:37<4:23[K       3/10      5.67G     0.7203     0.4904    0.06338        329        640: 25% ━━━───────── 203/809 2.3it/s 1:38<4:23[K       3/10      5.67G     0.7208     0.4901    0.06351        389        640: 25% ━━━───────── 204/809 2.1it/s 1:38<4:42[K       3/10      5.67G     0.7203     0.4903    0.06348        388        640: 25% ━━━───────── 205/809 2.1it/s 1:39<4:42[K       3/10      5.67G      0.721     0.4899    0.06349        416        640: 25% ━━━───────── 206/809 1.9it/s 1:40<5:13[K       3/10      5.67G     0.7205     0.4901    0.06342        275        640: 25% ━━━───────── 207/809 2.0it/s 1:40<5:05[K       3/10      5.67G     0.7203     0.4898    0.06342        280        640: 25% ━━━───────── 208/809 2.1it/s 1:41<4:46[K       3/10      5.67G     0.7199       0.49    0.06342        436        640: 25% ━━━───────── 209/809 2.1it/s 1:41<4:45[K       3/10      5.67G     0.7201       0.49    0.06335        373        640: 25% ━━━───────── 210/809 2.1it/s 1:41<4:43[K       3/10      5.67G     0.7195     0.4901    0.06324        327        640: 26% ━━━───────── 211/809 2.2it/s 1:42<4:35[K       3/10      5.67G     0.7187     0.4901    0.06319        337        640: 26% ━━━───────── 212/809 2.2it/s 1:42<4:29[K       3/10      5.67G     0.7186     0.4901    0.06326        381        640: 26% ━━━───────── 213/809 2.2it/s 1:43<4:27[K       3/10      5.67G      0.718     0.4901    0.06331        250        640: 26% ━━━───────── 214/809 2.3it/s 1:43<4:20[K       3/10      5.67G     0.7181       0.49    0.06333        443        640: 26% ━━━───────── 215/809 2.2it/s 1:44<4:34[K       3/10      5.67G      0.718       0.49    0.06336        387        640: 26% ━━━───────── 216/809 2.2it/s 1:44<4:36[K       3/10      5.67G     0.7179       0.49    0.06333        331        640: 26% ━━━───────── 217/809 2.2it/s 1:45<4:29[K       3/10      5.67G     0.7178     0.4901    0.06332        274        640: 26% ━━━───────── 218/809 2.3it/s 1:45<4:18[K       3/10      5.67G     0.7181     0.4899    0.06335        485        640: 27% ━━━───────── 219/809 2.2it/s 1:46<4:29[K       3/10      5.67G     0.7177     0.4899    0.06329        366        640: 27% ━━━───────── 220/809 2.2it/s 1:46<4:30[K       3/10      5.67G     0.7173     0.4901    0.06331        237        640: 27% ━━━───────── 221/809 2.3it/s 1:46<4:19[K       3/10      5.67G     0.7171     0.4901     0.0633        337        640: 27% ━━━───────── 222/809 2.3it/s 1:47<4:14[K       3/10      5.67G     0.7177       0.49    0.06329        576        640: 27% ━━━───────── 223/809 2.1it/s 1:47<4:36[K       3/10      5.67G     0.7178     0.4901    0.06326        446        640: 27% ━━━───────── 224/809 2.1it/s 1:48<4:40[K       3/10      5.67G     0.7177     0.4902    0.06328        328        640: 27% ━━━───────── 225/809 2.1it/s 1:48<4:35[K       3/10      5.67G     0.7174     0.4902    0.06328        412        640: 27% ━━━───────── 226/809 2.2it/s 1:49<4:27[K       3/10      5.67G     0.7168       0.49    0.06318        427        640: 28% ━━━───────── 227/809 2.2it/s 1:49<4:29[K       3/10      5.67G     0.7159     0.4901    0.06323        236        640: 28% ━━━───────── 228/809 2.3it/s 1:50<4:17[K       3/10      5.67G     0.7159       0.49    0.06315        448        640: 28% ━━━───────── 229/809 2.2it/s 1:50<4:23[K       3/10      5.67G     0.7167     0.4899    0.06319        584        640: 28% ━━━───────── 230/809 2.0it/s 1:51<4:46[K       3/10      5.67G     0.7167       0.49    0.06324        331        640: 28% ━━━───────── 231/809 2.0it/s 1:51<4:47[K       3/10      5.67G     0.7164       0.49    0.06317        237        640: 28% ━━━───────── 232/809 2.2it/s 1:52<4:28[K       3/10      5.67G      0.716     0.4902    0.06313        267        640: 28% ━━━───────── 233/809 2.3it/s 1:52<4:16[K       3/10      5.67G     0.7161     0.4902    0.06315        383        640: 28% ━━━───────── 234/809 2.2it/s 1:53<4:20[K       3/10      5.67G     0.7169     0.4902    0.06331        433        640: 29% ━━━───────── 235/809 2.1it/s 1:53<4:28[K       3/10      5.67G     0.7169     0.4903    0.06328        422        640: 29% ━━━╸──────── 236/809 2.1it/s 1:54<4:28[K       3/10      5.67G      0.717     0.4901    0.06324        286        640: 29% ━━━╸──────── 237/809 2.2it/s 1:54<4:19[K       3/10      5.67G     0.7166     0.4903     0.0632        422        640: 29% ━━━╸──────── 238/809 2.2it/s 1:54<4:23[K       3/10      5.67G     0.7161     0.4905    0.06318        179        640: 29% ━━━╸──────── 239/809 2.2it/s 1:55<4:18[K       3/10      5.67G     0.7154     0.4905    0.06311        337        640: 29% ━━━╸──────── 240/809 2.3it/s 1:55<4:09[K       3/10      5.67G     0.7145     0.4905    0.06303        378        640: 29% ━━━╸──────── 241/809 2.3it/s 1:56<4:06[K       3/10      5.67G     0.7147     0.4905      0.063        396        640: 29% ━━━╸──────── 242/809 2.3it/s 1:56<4:10[K       3/10      5.67G     0.7149     0.4905    0.06301        564        640: 30% ━━━╸──────── 243/809 2.1it/s 1:57<4:25[K       3/10      5.67G     0.7147     0.4906    0.06296        275        640: 30% ━━━╸──────── 244/809 2.2it/s 1:57<4:14[K       3/10      5.67G     0.7158     0.4905    0.06296        260        640: 30% ━━━╸──────── 245/809 2.0it/s 1:58<4:39[K       3/10      5.67G     0.7161     0.4904    0.06296        335        640: 30% ━━━╸──────── 246/809 2.1it/s 1:58<4:33[K       3/10      5.67G     0.7159     0.4903    0.06304        354        640: 30% ━━━╸──────── 247/809 2.0it/s 1:59<4:36[K       3/10      5.67G     0.7159     0.4903      0.063        466        640: 30% ━━━╸──────── 248/809 2.0it/s 1:59<4:37[K       3/10      5.67G     0.7163     0.4902    0.06299        451        640: 30% ━━━╸──────── 249/809 2.0it/s 1:60<4:37[K       3/10      5.67G      0.716     0.4902    0.06299        386        640: 30% ━━━╸──────── 250/809 2.0it/s 2:00<4:36[K       3/10      5.67G     0.7171     0.4899    0.06301        461        640: 31% ━━━╸──────── 251/809 1.9it/s 2:01<4:53[K       3/10      5.67G      0.717     0.4899    0.06294        328        640: 31% ━━━╸──────── 252/809 1.9it/s 2:01<4:50[K       3/10      5.67G      0.718     0.4897    0.06296        390        640: 31% ━━━╸──────── 253/809 1.9it/s 2:02<4:54[K       3/10      5.67G     0.7177     0.4898    0.06295        384        640: 31% ━━━╸──────── 254/809 2.0it/s 2:02<4:42[K       3/10      5.67G     0.7171     0.4898    0.06286        262        640: 31% ━━━╸──────── 255/809 2.1it/s 2:03<4:29[K       3/10      5.67G     0.7175     0.4897    0.06285        366        640: 31% ━━━╸──────── 256/809 2.1it/s 2:03<4:22[K       3/10      5.67G      0.717     0.4897    0.06275        328        640: 31% ━━━╸──────── 257/809 2.2it/s 2:04<4:10[K       3/10      5.67G     0.7162     0.4898    0.06272        322        640: 31% ━━━╸──────── 258/809 2.2it/s 2:04<4:06[K       3/10      5.67G     0.7159       0.49    0.06269        286        640: 32% ━━━╸──────── 259/809 2.4it/s 2:04<3:53[K       3/10      5.67G     0.7163     0.4899    0.06274        416        640: 32% ━━━╸──────── 260/809 2.3it/s 2:05<3:59[K       3/10      5.67G     0.7165     0.4899    0.06269        491        640: 32% ━━━╸──────── 261/809 2.2it/s 2:05<4:07[K       3/10      5.67G     0.7159     0.4898    0.06264        342        640: 32% ━━━╸──────── 262/809 2.2it/s 2:06<4:05[K       3/10      5.67G     0.7156     0.4898    0.06262        238        640: 32% ━━━╸──────── 263/809 2.3it/s 2:06<3:59[K       3/10      5.67G     0.7158     0.4897    0.06258        460        640: 32% ━━━╸──────── 264/809 2.2it/s 2:07<4:04[K       3/10      5.67G     0.7158     0.4896    0.06247        189        640: 32% ━━━╸──────── 265/809 2.4it/s 2:07<3:48[K       3/10      5.67G     0.7153     0.4897    0.06244        305        640: 32% ━━━╸──────── 266/809 2.4it/s 2:07<3:44[K       3/10      5.67G     0.7151     0.4896    0.06241        346        640: 33% ━━━╸──────── 267/809 2.4it/s 2:08<3:46[K       3/10      5.67G     0.7153     0.4896    0.06245        328        640: 33% ━━━╸──────── 268/809 2.4it/s 2:08<3:47[K       3/10      5.67G     0.7154     0.4896    0.06245        544        640: 33% ━━━╸──────── 269/809 2.2it/s 2:09<4:01[K       3/10      5.67G      0.715     0.4898    0.06242        311        640: 33% ━━━━──────── 270/809 2.3it/s 2:09<3:56[K       3/10      5.67G     0.7147     0.4898    0.06239        392        640: 33% ━━━━──────── 271/809 2.2it/s 2:10<4:05[K       3/10      5.67G     0.7155     0.4896     0.0624        321        640: 33% ━━━━──────── 272/809 2.1it/s 2:10<4:18[K       3/10      5.67G      0.716     0.4895    0.06243        404        640: 33% ━━━━──────── 273/809 2.0it/s 2:11<4:24[K       3/10      5.67G     0.7174     0.4892    0.06246        543        640: 33% ━━━━──────── 274/809 1.9it/s 2:11<4:40[K       3/10      5.67G     0.7174     0.4891    0.06246        353        640: 33% ━━━━──────── 275/809 2.0it/s 2:12<4:27[K       3/10      5.67G     0.7175     0.4892    0.06241        331        640: 34% ━━━━──────── 276/809 2.1it/s 2:12<4:18[K       3/10      5.67G     0.7169     0.4893    0.06241        273        640: 34% ━━━━──────── 277/809 2.2it/s 2:13<4:03[K       3/10      5.67G     0.7173     0.4893    0.06242        427        640: 34% ━━━━──────── 278/809 2.1it/s 2:13<4:09[K       3/10      5.67G     0.7169     0.4893    0.06239        394        640: 34% ━━━━──────── 279/809 2.1it/s 2:14<4:16[K       3/10      5.67G     0.7169     0.4894    0.06238        253        640: 34% ━━━━──────── 280/809 2.2it/s 2:14<4:01[K       3/10      5.67G     0.7173     0.4893    0.06236        474        640: 34% ━━━━──────── 281/809 2.1it/s 2:15<4:16[K       3/10      5.67G      0.717     0.4893    0.06232        423        640: 34% ━━━━──────── 282/809 2.1it/s 2:15<4:13[K       3/10      5.67G     0.7164     0.4892    0.06228        206        640: 34% ━━━━──────── 283/809 2.3it/s 2:16<3:50[K       3/10      5.67G     0.7168      0.489    0.06222        545        640: 35% ━━━━──────── 284/809 2.1it/s 2:16<4:05[K       3/10      5.67G     0.7165     0.4891    0.06216        268        640: 35% ━━━━──────── 285/809 2.2it/s 2:17<3:57[K       3/10      5.67G      0.717      0.489    0.06232        411        640: 35% ━━━━──────── 286/809 2.1it/s 2:17<4:05[K       3/10      5.67G      0.717      0.489    0.06228        438        640: 35% ━━━━──────── 287/809 2.1it/s 2:18<4:14[K       3/10      5.67G     0.7169      0.489    0.06228        401        640: 35% ━━━━──────── 288/809 2.1it/s 2:18<4:08[K       3/10      5.67G     0.7166     0.4891     0.0623        364        640: 35% ━━━━──────── 289/809 2.2it/s 2:19<4:01[K       3/10      5.67G     0.7164     0.4892    0.06232        313        640: 35% ━━━━──────── 290/809 2.2it/s 2:19<3:54[K       3/10      5.67G      0.716     0.4893    0.06225        251        640: 35% ━━━━──────── 291/809 2.3it/s 2:19<3:48[K       3/10      5.67G     0.7154     0.4893    0.06222        333        640: 36% ━━━━──────── 292/809 2.3it/s 2:20<3:43[K       3/10      5.67G     0.7157     0.4892    0.06223        364        640: 36% ━━━━──────── 293/809 2.3it/s 2:20<3:48[K       3/10      5.67G     0.7163     0.4891    0.06233        837        640: 36% ━━━━──────── 294/809 2.0it/s 2:21<4:15[K       3/10      5.67G     0.7166     0.4889    0.06238        367        640: 36% ━━━━──────── 295/809 2.0it/s 2:21<4:17[K       3/10      5.67G     0.7167     0.4888    0.06235        316        640: 36% ━━━━──────── 296/809 2.1it/s 2:22<4:05[K       3/10      5.67G      0.717     0.4886    0.06244        415        640: 36% ━━━━──────── 297/809 2.1it/s 2:22<4:08[K       3/10      5.67G     0.7168     0.4886    0.06246        384        640: 36% ━━━━──────── 298/809 2.1it/s 2:23<4:03[K       3/10      5.67G     0.7175     0.4884    0.06262        419        640: 36% ━━━━──────── 299/809 1.9it/s 2:24<4:31[K       3/10      5.67G     0.7167     0.4884    0.06258        312        640: 37% ━━━━──────── 300/809 2.0it/s 2:24<4:10[K       3/10      5.67G     0.7165     0.4886    0.06259        204        640: 37% ━━━━──────── 301/809 2.3it/s 2:24<3:44[K       3/10      5.67G     0.7167     0.4886    0.06259        267        640: 37% ━━━━──────── 302/809 2.3it/s 2:25<3:41[K       3/10      5.67G     0.7165     0.4886    0.06258        296        640: 37% ━━━━──────── 303/809 2.3it/s 2:25<3:40[K       3/10      5.67G     0.7165     0.4886    0.06262        327        640: 37% ━━━━╸─────── 304/809 2.3it/s 2:26<3:40[K       3/10      5.67G     0.7163     0.4889    0.06256        183        640: 37% ━━━━╸─────── 305/809 2.4it/s 2:26<3:28[K       3/10      5.67G     0.7168      0.489    0.06261        468        640: 37% ━━━━╸─────── 306/809 2.3it/s 2:27<3:42[K       3/10      5.67G     0.7173     0.4889    0.06263        405        640: 37% ━━━━╸─────── 307/809 2.2it/s 2:27<3:53[K       3/10      5.67G     0.7167     0.4889    0.06261        390        640: 38% ━━━━╸─────── 308/809 2.2it/s 2:28<3:50[K       3/10      5.67G     0.7161     0.4889    0.06259        205        640: 38% ━━━━╸─────── 309/809 2.4it/s 2:28<3:32[K       3/10      5.67G     0.7172     0.4886    0.06295        475        640: 38% ━━━━╸─────── 310/809 1.8it/s 2:30<4:42[K       3/10      5.67G      0.718     0.4885      0.063        430        640: 38% ━━━━╸─────── 311/809 1.7it/s 2:31<4:55[K       3/10      5.67G     0.7179     0.4884    0.06301        228        640: 38% ━━━━╸─────── 312/809 1.9it/s 2:31<4:15[K       3/10      5.67G     0.7178     0.4885    0.06296        368        640: 38% ━━━━╸─────── 313/809 2.0it/s 2:32<4:04[K       3/10      5.67G     0.7177     0.4884    0.06298        179        640: 38% ━━━━╸─────── 314/809 2.2it/s 2:32<3:46[K       3/10      5.67G     0.7177     0.4884    0.06297        415        640: 38% ━━━━╸─────── 315/809 2.2it/s 2:33<3:46[K       3/10      5.67G     0.7175     0.4884    0.06295        261        640: 39% ━━━━╸─────── 316/809 2.3it/s 2:33<3:36[K       3/10      5.67G     0.7171     0.4886    0.06299        297        640: 39% ━━━━╸─────── 317/809 2.3it/s 2:33<3:34[K       3/10      5.67G     0.7162     0.4887    0.06294        296        640: 39% ━━━━╸─────── 318/809 2.3it/s 2:34<3:30[K       3/10      5.67G     0.7163     0.4888    0.06295        304        640: 39% ━━━━╸─────── 319/809 2.3it/s 2:34<3:36[K       3/10      5.67G     0.7163     0.4888    0.06305        521        640: 39% ━━━━╸─────── 320/809 2.1it/s 2:35<3:48[K       3/10      5.67G     0.7162     0.4889    0.06304        421        640: 39% ━━━━╸─────── 321/809 2.1it/s 2:35<3:47[K       3/10      5.67G     0.7163     0.4888    0.06301        386        640: 39% ━━━━╸─────── 322/809 2.1it/s 2:36<3:48[K       3/10      5.67G     0.7166     0.4887    0.06299        272        640: 39% ━━━━╸─────── 323/809 2.2it/s 2:36<3:41[K       3/10      5.67G     0.7169     0.4887      0.063        433        640: 40% ━━━━╸─────── 324/809 2.1it/s 2:37<3:46[K       3/10      5.67G     0.7173     0.4886    0.06301        483        640: 40% ━━━━╸─────── 325/809 2.1it/s 2:37<3:55[K       3/10      5.67G     0.7173     0.4886    0.06301        350        640: 40% ━━━━╸─────── 326/809 2.1it/s 2:38<3:50[K       3/10      5.67G     0.7172     0.4887    0.06298        417        640: 40% ━━━━╸─────── 327/809 2.0it/s 2:38<3:56[K       3/10      5.67G     0.7177     0.4886    0.06309        462        640: 40% ━━━━╸─────── 328/809 1.9it/s 2:39<4:08[K       3/10      5.67G     0.7178     0.4885    0.06308        392        640: 40% ━━━━╸─────── 329/809 2.0it/s 2:39<4:04[K       3/10      5.67G     0.7174     0.4885    0.06307        344        640: 40% ━━━━╸─────── 330/809 2.1it/s 2:40<3:53[K       3/10      5.67G     0.7185     0.4883    0.06312        574        640: 40% ━━━━╸─────── 331/809 1.9it/s 2:40<4:17[K       3/10      5.67G     0.7177     0.4884     0.0631        167        640: 41% ━━━━╸─────── 332/809 2.1it/s 2:41<3:47[K       3/10      5.67G     0.7182     0.4884    0.06316        366        640: 41% ━━━━╸─────── 333/809 2.1it/s 2:41<3:44[K       3/10      5.67G     0.7182     0.4884     0.0632        334        640: 41% ━━━━╸─────── 334/809 2.2it/s 2:42<3:40[K       3/10      5.67G     0.7185     0.4883    0.06318        498        640: 41% ━━━━╸─────── 335/809 2.0it/s 2:42<3:54[K       3/10      5.67G     0.7191     0.4881    0.06318        332        640: 41% ━━━━╸─────── 336/809 2.1it/s 2:43<3:50[K       3/10      5.67G     0.7198     0.4879    0.06326        595        640: 41% ━━━━╸─────── 337/809 1.9it/s 2:44<4:12[K       3/10      5.67G     0.7203     0.4879    0.06324        414        640: 41% ━━━━━─────── 338/809 1.9it/s 2:44<4:06[K       3/10      5.67G     0.7198     0.4878    0.06321        265        640: 41% ━━━━━─────── 339/809 2.0it/s 2:44<3:52[K       3/10      5.67G       0.72     0.4877     0.0632        447        640: 42% ━━━━━─────── 340/809 2.0it/s 2:45<3:50[K       3/10      5.67G     0.7199     0.4878    0.06314        430        640: 42% ━━━━━─────── 341/809 2.1it/s 2:45<3:46[K       3/10      5.67G     0.7196     0.4879    0.06315        206        640: 42% ━━━━━─────── 342/809 2.3it/s 2:46<3:27[K       3/10      5.67G     0.7196     0.4878    0.06313        413        640: 42% ━━━━━─────── 343/809 2.2it/s 2:46<3:33[K       3/10      5.67G     0.7192     0.4879     0.0631        217        640: 42% ━━━━━─────── 344/809 2.3it/s 2:47<3:24[K       3/10      5.67G      0.719     0.4879    0.06309        287        640: 42% ━━━━━─────── 345/809 2.3it/s 2:47<3:20[K       3/10      5.67G     0.7194     0.4879    0.06312        519        640: 42% ━━━━━─────── 346/809 2.1it/s 2:48<3:36[K       3/10      5.67G     0.7197     0.4878    0.06308        391        640: 42% ━━━━━─────── 347/809 2.1it/s 2:48<3:36[K       3/10      5.67G     0.7192     0.4878    0.06302        357        640: 43% ━━━━━─────── 348/809 2.2it/s 2:49<3:32[K       3/10      5.67G     0.7198     0.4878     0.0632        424        640: 43% ━━━━━─────── 349/809 2.1it/s 2:49<3:36[K       3/10      5.67G     0.7209     0.4875    0.06324        480        640: 43% ━━━━━─────── 350/809 2.0it/s 2:50<3:46[K       3/10      6.99G     0.7218     0.4873    0.06343        646        640: 43% ━━━━━─────── 351/809 1.6it/s 2:51<4:42[K       3/10      6.99G     0.7218     0.4874    0.06339        277        640: 43% ━━━━━─────── 352/809 1.8it/s 2:52<4:08[K       3/10      6.99G     0.7218     0.4874    0.06337        344        640: 43% ━━━━━─────── 353/809 2.0it/s 2:52<3:47[K       3/10      6.99G     0.7216     0.4873     0.0634        287        640: 43% ━━━━━─────── 354/809 2.1it/s 2:52<3:34[K       3/10      6.99G     0.7221     0.4872    0.06339        379        640: 43% ━━━━━─────── 355/809 2.1it/s 2:53<3:35[K       3/10      6.99G     0.7225     0.4872     0.0634        501        640: 44% ━━━━━─────── 356/809 2.0it/s 2:53<3:43[K       3/10      6.99G     0.7221     0.4873    0.06338        357        640: 44% ━━━━━─────── 357/809 2.1it/s 2:54<3:38[K       3/10      6.99G      0.722     0.4874    0.06341        206        640: 44% ━━━━━─────── 358/809 2.2it/s 2:54<3:22[K       3/10      6.99G     0.7218     0.4874    0.06342        402        640: 44% ━━━━━─────── 359/809 2.2it/s 2:55<3:29[K       3/10      6.99G      0.722     0.4875     0.0634        285        640: 44% ━━━━━─────── 360/809 2.2it/s 2:55<3:20[K       3/10      6.99G     0.7222     0.4874    0.06336        343        640: 44% ━━━━━─────── 361/809 2.3it/s 2:56<3:17[K       3/10      6.99G     0.7215     0.4874    0.06333        256        640: 44% ━━━━━─────── 362/809 2.4it/s 2:56<3:09[K       3/10      6.99G     0.7216     0.4874    0.06333        461        640: 44% ━━━━━─────── 363/809 2.3it/s 2:56<3:17[K       3/10      6.99G     0.7214     0.4874     0.0633        248        640: 44% ━━━━━─────── 364/809 2.3it/s 2:57<3:11[K       3/10      6.99G     0.7215     0.4874     0.0633        215        640: 45% ━━━━━─────── 365/809 2.4it/s 2:57<3:06[K       3/10      6.99G     0.7212     0.4875    0.06334        168        640: 45% ━━━━━─────── 366/809 2.5it/s 2:58<2:59[K       3/10      6.99G     0.7219     0.4873    0.06334        429        640: 45% ━━━━━─────── 367/809 2.3it/s 2:58<3:12[K       3/10      6.99G     0.7222     0.4873    0.06335        367        640: 45% ━━━━━─────── 368/809 2.3it/s 2:59<3:15[K       3/10      6.99G     0.7224     0.4872    0.06335        604        640: 45% ━━━━━─────── 369/809 2.1it/s 2:59<3:29[K       3/10      6.99G     0.7231      0.487    0.06334        569        640: 45% ━━━━━─────── 370/809 1.8it/s 3:00<3:59[K       3/10      6.99G     0.7233      0.487    0.06332        483        640: 45% ━━━━━╸────── 371/809 1.9it/s 3:01<3:57[K       3/10      6.99G     0.7234      0.487    0.06328        371        640: 45% ━━━━━╸────── 372/809 2.0it/s 3:01<3:43[K       3/10      6.99G     0.7234     0.4869    0.06324        396        640: 46% ━━━━━╸────── 373/809 2.0it/s 3:01<3:34[K       3/10      6.99G      0.723      0.487    0.06328        216        640: 46% ━━━━━╸────── 374/809 2.2it/s 3:02<3:19[K       3/10      6.99G     0.7233      0.487    0.06333        342        640: 46% ━━━━━╸────── 375/809 2.1it/s 3:02<3:26[K       3/10      6.99G     0.7226     0.4869    0.06327        220        640: 46% ━━━━━╸────── 376/809 2.3it/s 3:03<3:11[K       3/10      6.99G      0.723     0.4869    0.06327        371        640: 46% ━━━━━╸────── 377/809 2.3it/s 3:03<3:12[K       3/10      6.99G     0.7227     0.4871    0.06331        271        640: 46% ━━━━━╸────── 378/809 2.3it/s 3:04<3:05[K       3/10      6.99G     0.7226     0.4872    0.06326        207        640: 46% ━━━━━╸────── 379/809 2.4it/s 3:04<2:56[K       3/10      6.99G     0.7224     0.4873    0.06326        364        640: 46% ━━━━━╸────── 380/809 2.4it/s 3:04<2:60[K       3/10      6.99G     0.7229     0.4871    0.06326        609        640: 47% ━━━━━╸────── 381/809 2.1it/s 3:05<3:22[K       3/10      6.99G     0.7229     0.4871    0.06324        405        640: 47% ━━━━━╸────── 382/809 2.0it/s 3:06<3:31[K       3/10      6.99G     0.7226     0.4871    0.06322        355        640: 47% ━━━━━╸────── 383/809 2.0it/s 3:06<3:30[K       3/10      6.99G     0.7227      0.487    0.06334        467        640: 47% ━━━━━╸────── 384/809 1.9it/s 3:07<3:41[K       3/10      6.99G     0.7231     0.4869    0.06335        487        640: 47% ━━━━━╸────── 385/809 1.8it/s 3:07<3:56[K       3/10      6.99G     0.7239     0.4866     0.0635        482        640: 47% ━━━━━╸────── 386/809 1.5it/s 3:09<4:44[K       3/10      6.99G     0.7236     0.4868    0.06347        198        640: 47% ━━━━━╸────── 387/809 1.8it/s 3:09<3:48[K       3/10      6.99G     0.7234     0.4868    0.06348        368        640: 47% ━━━━━╸────── 388/809 2.0it/s 3:10<3:34[K       3/10      6.99G     0.7233     0.4869    0.06349        300        640: 48% ━━━━━╸────── 389/809 2.1it/s 3:10<3:22[K       3/10      6.99G     0.7227     0.4869    0.06348        248        640: 48% ━━━━━╸────── 390/809 2.2it/s 3:10<3:08[K       3/10      6.99G     0.7229     0.4868    0.06348        397        640: 48% ━━━━━╸────── 391/809 2.1it/s 3:11<3:15[K       3/10      6.99G     0.7226     0.4868    0.06344        346        640: 48% ━━━━━╸────── 392/809 2.2it/s 3:11<3:09[K       3/10      6.99G     0.7226     0.4868    0.06343        359        640: 48% ━━━━━╸────── 393/809 2.3it/s 3:12<3:05[K       3/10      6.99G     0.7225     0.4869    0.06341        300        640: 48% ━━━━━╸────── 394/809 2.3it/s 3:12<2:58[K       3/10      6.99G      0.722     0.4869    0.06336        327        640: 48% ━━━━━╸────── 395/809 2.3it/s 3:13<2:59[K       3/10      6.99G     0.7218     0.4869    0.06336        408        640: 48% ━━━━━╸────── 396/809 2.3it/s 3:13<3:01[K       3/10      8.43G     0.7224     0.4867     0.0635        706        640: 49% ━━━━━╸────── 397/809 1.8it/s 3:15<3:50[K       3/10      8.43G     0.7231     0.4865    0.06364        421        640: 49% ━━━━━╸────── 398/809 1.7it/s 3:15<4:06[K       3/10      8.43G     0.7226     0.4866     0.0636        328        640: 49% ━━━━━╸────── 399/809 1.8it/s 3:16<3:50[K       3/10      8.43G     0.7227     0.4867     0.0636        248        640: 49% ━━━━━╸────── 400/809 2.0it/s 3:16<3:26[K       3/10      8.43G     0.7227     0.4867    0.06358        329        640: 49% ━━━━━╸────── 401/809 2.1it/s 3:17<3:15[K       3/10      8.43G     0.7224     0.4868    0.06354        191        640: 49% ━━━━━╸────── 402/809 2.3it/s 3:17<3:01[K       3/10      19.1G     0.7234     0.4866     0.0636       1243        640: 49% ━━━━━╸────── 403/809 2.0it/s 3:18<3:28[K       3/10      19.1G     0.7228     0.4865    0.06357        283        640: 49% ━━━━━╸────── 404/809 2.1it/s 3:18<3:16[K       3/10      19.1G     0.7231     0.4865    0.06358        443        640: 50% ━━━━━━────── 405/809 2.0it/s 3:19<3:19[K       3/10      19.1G     0.7231     0.4865    0.06357        459        640: 50% ━━━━━━────── 406/809 2.0it/s 3:19<3:25[K       3/10      19.1G     0.7228     0.4865    0.06357        253        640: 50% ━━━━━━────── 407/809 2.0it/s 3:20<3:19[K       3/10      19.1G     0.7229     0.4864    0.06365        387        640: 50% ━━━━━━────── 408/809 2.0it/s 3:20<3:19[K       3/10      19.1G     0.7229     0.4864    0.06361        234        640: 50% ━━━━━━────── 409/809 2.1it/s 3:21<3:07[K       3/10      19.1G     0.7231     0.4865    0.06357        378        640: 50% ━━━━━━────── 410/809 2.2it/s 3:21<3:05[K       3/10      19.1G     0.7227     0.4865    0.06356        399        640: 50% ━━━━━━────── 411/809 2.1it/s 3:22<3:07[K       3/10      19.1G     0.7231     0.4864    0.06357        502        640: 50% ━━━━━━────── 412/809 2.1it/s 3:22<3:12[K       3/10      19.1G     0.7227     0.4864    0.06355        249        640: 51% ━━━━━━────── 413/809 2.2it/s 3:22<3:02[K       3/10      19.1G     0.7224     0.4866    0.06351        256        640: 51% ━━━━━━────── 414/809 2.3it/s 3:23<2:54[K       3/10      19.1G     0.7225     0.4866    0.06349        358        640: 51% ━━━━━━────── 415/809 2.2it/s 3:23<2:60[K       3/10      19.1G     0.7226     0.4866    0.06346        424        640: 51% ━━━━━━────── 416/809 2.1it/s 3:24<3:06[K       3/10      19.1G     0.7231     0.4865    0.06351        435        640: 51% ━━━━━━────── 417/809 2.1it/s 3:24<3:07[K       3/10      19.1G     0.7227     0.4865    0.06349        267        640: 51% ━━━━━━────── 418/809 2.2it/s 3:25<2:58[K       3/10      19.1G      0.722     0.4864    0.06346        247        640: 51% ━━━━━━────── 419/809 2.2it/s 3:25<2:54[K       3/10      19.1G     0.7224     0.4864    0.06357        645        640: 51% ━━━━━━────── 420/809 2.0it/s 3:26<3:12[K       3/10      19.1G     0.7222     0.4865    0.06355        381        640: 52% ━━━━━━────── 421/809 2.1it/s 3:26<3:05[K       3/10      19.1G      0.722     0.4865     0.0635        409        640: 52% ━━━━━━────── 422/809 2.1it/s 3:27<3:04[K       3/10      19.1G     0.7217     0.4866    0.06347        342        640: 52% ━━━━━━────── 423/809 2.1it/s 3:27<3:02[K       3/10      19.1G     0.7221     0.4867    0.06352        358        640: 52% ━━━━━━────── 424/809 2.0it/s 3:28<3:13[K       3/10      19.1G      0.722     0.4867    0.06355        417        640: 52% ━━━━━━────── 425/809 2.0it/s 3:28<3:10[K       3/10      19.1G     0.7222     0.4867    0.06355        467        640: 52% ━━━━━━────── 426/809 2.0it/s 3:29<3:07[K       3/10      19.1G     0.7222     0.4867    0.06358        372        640: 52% ━━━━━━────── 427/809 2.0it/s 3:29<3:09[K       3/10      19.1G     0.7221     0.4866    0.06358        327        640: 52% ━━━━━━────── 428/809 2.1it/s 3:30<3:06[K       3/10      19.1G      0.722     0.4867    0.06354        336        640: 53% ━━━━━━────── 429/809 2.0it/s 3:30<3:05[K       3/10      19.1G     0.7222     0.4867    0.06353        373        640: 53% ━━━━━━────── 430/809 2.1it/s 3:31<3:00[K       3/10      19.1G     0.7225     0.4866    0.06351        310        640: 53% ━━━━━━────── 431/809 2.0it/s 3:31<3:09[K       3/10      19.1G     0.7225     0.4866     0.0636        398        640: 53% ━━━━━━────── 432/809 2.0it/s 3:32<3:09[K       3/10      19.1G     0.7227     0.4866    0.06358        385        640: 53% ━━━━━━────── 433/809 2.0it/s 3:32<3:07[K       3/10      19.1G     0.7227     0.4867    0.06356        268        640: 53% ━━━━━━────── 434/809 2.1it/s 3:33<2:57[K       3/10      19.1G     0.7228     0.4867    0.06355        509        640: 53% ━━━━━━────── 435/809 2.1it/s 3:33<3:00[K       3/10      19.1G     0.7225     0.4867    0.06348        338        640: 53% ━━━━━━────── 436/809 2.1it/s 3:34<2:55[K       3/10      19.1G      0.722     0.4867    0.06347        256        640: 54% ━━━━━━────── 437/809 2.1it/s 3:34<2:54[K       3/10      19.1G      0.722     0.4866    0.06346        465        640: 54% ━━━━━━────── 438/809 2.1it/s 3:35<3:01[K       3/10      19.1G     0.7218     0.4866    0.06346        294        640: 54% ━━━━━━╸───── 439/809 2.0it/s 3:35<3:02[K       3/10      19.1G     0.7221     0.4866    0.06349        461        640: 54% ━━━━━━╸───── 440/809 1.9it/s 3:36<3:09[K       3/10      19.1G     0.7221     0.4866    0.06346        190        640: 54% ━━━━━━╸───── 441/809 2.1it/s 3:36<2:53[K       3/10      19.1G     0.7218     0.4866    0.06348        331        640: 54% ━━━━━━╸───── 442/809 2.2it/s 3:37<2:49[K       3/10      19.1G      0.722     0.4866    0.06346        445        640: 54% ━━━━━━╸───── 443/809 2.2it/s 3:37<2:48[K       3/10      19.1G     0.7225     0.4865    0.06353        417        640: 54% ━━━━━━╸───── 444/809 2.0it/s 3:38<2:59[K       3/10      19.1G     0.7223     0.4865    0.06349        277        640: 55% ━━━━━━╸───── 445/809 2.1it/s 3:38<2:50[K       3/10      19.1G     0.7219     0.4864    0.06345        329        640: 55% ━━━━━━╸───── 446/809 2.2it/s 3:38<2:44[K       3/10      19.1G     0.7225     0.4863    0.06349        500        640: 55% ━━━━━━╸───── 447/809 2.0it/s 3:39<3:05[K       3/10      19.1G     0.7225     0.4862    0.06347        401        640: 55% ━━━━━━╸───── 448/809 2.0it/s 3:40<3:01[K       3/10      19.1G     0.7231      0.486    0.06346        443        640: 55% ━━━━━━╸───── 449/809 1.9it/s 3:40<3:09[K       3/10      19.1G      0.723      0.486    0.06345        218        640: 55% ━━━━━━╸───── 450/809 2.1it/s 3:41<2:53[K       3/10      19.1G     0.7235      0.486    0.06344        429        640: 55% ━━━━━━╸───── 451/809 2.1it/s 3:41<2:54[K       3/10      19.1G     0.7236     0.4859    0.06345        380        640: 55% ━━━━━━╸───── 452/809 2.1it/s 3:42<2:51[K       3/10      19.1G     0.7242     0.4859    0.06356        491        640: 55% ━━━━━━╸───── 453/809 1.9it/s 3:42<3:11[K       3/10      19.1G     0.7238      0.486    0.06355        161        640: 56% ━━━━━━╸───── 454/809 2.1it/s 3:43<2:53[K       3/10      19.1G     0.7239      0.486    0.06354        410        640: 56% ━━━━━━╸───── 455/809 2.0it/s 3:43<2:56[K       3/10      19.1G     0.7237     0.4861    0.06352        248        640: 56% ━━━━━━╸───── 456/809 2.1it/s 3:44<2:46[K       3/10      19.1G     0.7237     0.4861    0.06349        375        640: 56% ━━━━━━╸───── 457/809 2.1it/s 3:44<2:45[K       3/10      19.1G     0.7243      0.486    0.06348        448        640: 56% ━━━━━━╸───── 458/809 1.9it/s 3:45<3:03[K       3/10      19.1G     0.7245     0.4859    0.06347        310        640: 56% ━━━━━━╸───── 459/809 2.0it/s 3:45<2:56[K       3/10      19.1G     0.7241     0.4859    0.06344        199        640: 56% ━━━━━━╸───── 460/809 2.2it/s 3:46<2:39[K       3/10      19.1G     0.7241      0.486    0.06344        336        640: 56% ━━━━━━╸───── 461/809 2.2it/s 3:46<2:36[K       3/10      19.1G     0.7242     0.4861    0.06345        342        640: 57% ━━━━━━╸───── 462/809 2.2it/s 3:47<2:36[K       3/10      19.1G     0.7246      0.486    0.06343        303        640: 57% ━━━━━━╸───── 463/809 2.0it/s 3:47<2:54[K       3/10      19.1G     0.7247      0.486    0.06342        367        640: 57% ━━━━━━╸───── 464/809 2.1it/s 3:48<2:48[K       3/10      19.1G     0.7246      0.486    0.06343        531        640: 57% ━━━━━━╸───── 465/809 2.0it/s 3:48<2:50[K       3/10      19.1G     0.7249     0.4859    0.06343        439        640: 57% ━━━━━━╸───── 466/809 2.0it/s 3:49<2:55[K       3/10      19.1G     0.7248     0.4858    0.06341        353        640: 57% ━━━━━━╸───── 467/809 2.0it/s 3:49<2:48[K       3/10      19.1G     0.7253     0.4858    0.06341        378        640: 57% ━━━━━━╸───── 468/809 2.0it/s 3:50<2:48[K       3/10      19.1G     0.7249     0.4859    0.06338        271        640: 57% ━━━━━━╸───── 469/809 2.1it/s 3:50<2:40[K       3/10      19.1G     0.7253     0.4859    0.06341        469        640: 58% ━━━━━━╸───── 470/809 2.0it/s 3:51<2:48[K       3/10      19.1G     0.7253     0.4859    0.06339        317        640: 58% ━━━━━━╸───── 471/809 2.0it/s 3:51<2:46[K       3/10      19.1G     0.7254     0.4858    0.06337        478        640: 58% ━━━━━━━───── 472/809 2.0it/s 3:52<2:47[K       3/10      19.1G     0.7255     0.4857    0.06334        450        640: 58% ━━━━━━━───── 473/809 2.0it/s 3:52<2:50[K       3/10      19.1G     0.7251     0.4857     0.0633        342        640: 58% ━━━━━━━───── 474/809 2.1it/s 3:53<2:43[K       3/10      19.1G     0.7259     0.4855    0.06346        532        640: 58% ━━━━━━━───── 475/809 1.7it/s 3:54<3:19[K       3/10      19.1G     0.7261     0.4854    0.06344        342        640: 58% ━━━━━━━───── 476/809 1.8it/s 3:54<3:05[K       3/10      19.1G     0.7259     0.4854    0.06343        364        640: 58% ━━━━━━━───── 477/809 1.9it/s 3:55<2:50[K       3/10      19.1G     0.7261     0.4855    0.06341        373        640: 59% ━━━━━━━───── 478/809 2.0it/s 3:55<2:48[K       3/10      19.1G     0.7261     0.4854     0.0634        399        640: 59% ━━━━━━━───── 479/809 2.0it/s 3:56<2:48[K       3/10      19.1G      0.726     0.4853    0.06337        396        640: 59% ━━━━━━━───── 480/809 2.0it/s 3:56<2:41[K       3/10      19.1G      0.726     0.4854    0.06335        389        640: 59% ━━━━━━━───── 481/809 2.1it/s 3:57<2:39[K       3/10      19.1G     0.7258     0.4854    0.06332        271        640: 59% ━━━━━━━───── 482/809 2.2it/s 3:57<2:29[K       3/10      19.1G     0.7256     0.4855     0.0633        481        640: 59% ━━━━━━━───── 483/809 2.2it/s 3:58<2:31[K       3/10      19.1G     0.7253     0.4856    0.06327        199        640: 59% ━━━━━━━───── 484/809 2.3it/s 3:58<2:24[K       3/10      19.1G     0.7249     0.4855    0.06324        272        640: 59% ━━━━━━━───── 485/809 2.3it/s 3:59<2:22[K       3/10      19.1G     0.7251     0.4855    0.06324        368        640: 60% ━━━━━━━───── 486/809 2.3it/s 3:59<2:23[K       3/10      19.1G     0.7248     0.4855    0.06322        269        640: 60% ━━━━━━━───── 487/809 2.2it/s 3:59<2:26[K       3/10      19.1G     0.7248     0.4855    0.06322        488        640: 60% ━━━━━━━───── 488/809 2.1it/s 3:60<2:31[K       3/10      19.1G     0.7245     0.4855    0.06318        446        640: 60% ━━━━━━━───── 489/809 2.1it/s 4:00<2:32[K       3/10      19.1G     0.7251     0.4853    0.06332        631        640: 60% ━━━━━━━───── 490/809 1.6it/s 4:03<3:17[K       3/10      19.1G     0.7252     0.4853    0.06335        533        640: 60% ━━━━━━━───── 491/809 1.7it/s 4:03<3:05[K       3/10      19.1G     0.7248     0.4854    0.06332        301        640: 60% ━━━━━━━───── 492/809 1.9it/s 4:03<2:44[K       3/10      19.1G     0.7248     0.4854     0.0633        297        640: 60% ━━━━━━━───── 493/809 2.0it/s 4:04<2:35[K       3/10      19.1G     0.7247     0.4854    0.06335        345        640: 61% ━━━━━━━───── 494/809 2.0it/s 4:04<2:34[K       3/10      19.1G      0.725     0.4853    0.06337        398        640: 61% ━━━━━━━───── 495/809 1.8it/s 4:05<2:52[K       3/10      19.1G     0.7249     0.4853    0.06335        362        640: 61% ━━━━━━━───── 496/809 1.9it/s 4:06<2:42[K       3/10      19.1G     0.7248     0.4853    0.06333        402        640: 61% ━━━━━━━───── 497/809 2.0it/s 4:06<2:34[K       3/10      19.1G     0.7251     0.4852    0.06338        377        640: 61% ━━━━━━━───── 498/809 2.0it/s 4:07<2:38[K       3/10      19.1G     0.7251     0.4853    0.06337        346        640: 61% ━━━━━━━───── 499/809 2.0it/s 4:07<2:34[K       3/10      19.1G     0.7248     0.4853    0.06335        244        640: 61% ━━━━━━━───── 500/809 2.1it/s 4:07<2:29[K       3/10      19.1G     0.7249     0.4853    0.06335        487        640: 61% ━━━━━━━───── 501/809 2.0it/s 4:08<2:34[K       3/10      19.1G      0.725     0.4853     0.0634        308        640: 62% ━━━━━━━───── 502/809 2.0it/s 4:09<2:30[K       3/10      19.1G     0.7251     0.4853    0.06342        379        640: 62% ━━━━━━━───── 503/809 2.0it/s 4:09<2:35[K       3/10      19.1G     0.7249     0.4853    0.06338        194        640: 62% ━━━━━━━───── 504/809 2.2it/s 4:09<2:20[K       3/10      19.1G     0.7249     0.4853    0.06337        294        640: 62% ━━━━━━━───── 505/809 2.2it/s 4:10<2:18[K       3/10      19.1G     0.7248     0.4853    0.06338        247        640: 62% ━━━━━━━╸──── 506/809 2.3it/s 4:10<2:12[K       3/10      19.1G      0.725     0.4853    0.06337        534        640: 62% ━━━━━━━╸──── 507/809 2.1it/s 4:11<2:22[K       3/10      19.1G     0.7254     0.4852    0.06339        428        640: 62% ━━━━━━━╸──── 508/809 2.0it/s 4:11<2:31[K       3/10      19.1G     0.7258      0.485    0.06342        622        640: 62% ━━━━━━━╸──── 509/809 1.7it/s 4:12<2:54[K       3/10      19.1G     0.7257     0.4851    0.06344        376        640: 63% ━━━━━━━╸──── 510/809 1.9it/s 4:13<2:41[K       3/10      19.1G     0.7256     0.4851    0.06341        317        640: 63% ━━━━━━━╸──── 511/809 1.9it/s 4:13<2:35[K       3/10      19.1G     0.7253     0.4851    0.06341        176        640: 63% ━━━━━━━╸──── 512/809 2.1it/s 4:14<2:20[K       3/10      19.1G     0.7251     0.4851    0.06339        351        640: 63% ━━━━━━━╸──── 513/809 2.2it/s 4:14<2:14[K       3/10      19.1G     0.7248     0.4851    0.06338        317        640: 63% ━━━━━━━╸──── 514/809 2.3it/s 4:15<2:09[K       3/10      19.1G     0.7243     0.4852    0.06335        277        640: 63% ━━━━━━━╸──── 515/809 2.3it/s 4:15<2:07[K       3/10      19.1G     0.7243     0.4852    0.06335        249        640: 63% ━━━━━━━╸──── 516/809 2.3it/s 4:15<2:07[K       3/10      19.1G     0.7246     0.4852    0.06339        275        640: 63% ━━━━━━━╸──── 517/809 2.3it/s 4:16<2:06[K       3/10      19.1G     0.7246     0.4852    0.06339        548        640: 64% ━━━━━━━╸──── 518/809 2.2it/s 4:16<2:12[K       3/10      19.1G     0.7246     0.4852    0.06338        294        640: 64% ━━━━━━━╸──── 519/809 2.1it/s 4:17<2:16[K       3/10      19.1G     0.7246     0.4853    0.06338        353        640: 64% ━━━━━━━╸──── 520/809 2.1it/s 4:17<2:17[K       3/10      19.1G     0.7246     0.4854     0.0634        359        640: 64% ━━━━━━━╸──── 521/809 2.1it/s 4:18<2:15[K       3/10      19.1G     0.7245     0.4854    0.06335        279        640: 64% ━━━━━━━╸──── 522/809 2.2it/s 4:18<2:08[K       3/10      19.1G     0.7248     0.4854    0.06336        477        640: 64% ━━━━━━━╸──── 523/809 2.2it/s 4:19<2:11[K       3/10      19.1G     0.7251     0.4853    0.06334        297        640: 64% ━━━━━━━╸──── 524/809 2.2it/s 4:19<2:11[K       3/10      19.1G     0.7249     0.4854    0.06338        223        640: 64% ━━━━━━━╸──── 525/809 2.3it/s 4:20<2:02[K       3/10      19.1G     0.7246     0.4854    0.06334        224        640: 65% ━━━━━━━╸──── 526/809 2.4it/s 4:20<1:60[K       3/10      19.1G     0.7243     0.4854    0.06331        307        640: 65% ━━━━━━━╸──── 527/809 2.3it/s 4:20<2:02[K       3/10      19.1G     0.7242     0.4855    0.06332        237        640: 65% ━━━━━━━╸──── 528/809 2.4it/s 4:21<1:57[K       3/10      19.1G     0.7243     0.4855     0.0633        198        640: 65% ━━━━━━━╸──── 529/809 2.5it/s 4:21<1:53[K       3/10      19.1G     0.7246     0.4855    0.06331        434        640: 65% ━━━━━━━╸──── 530/809 2.4it/s 4:22<1:58[K       3/10      19.1G     0.7246     0.4855    0.06329        337        640: 65% ━━━━━━━╸──── 531/809 2.3it/s 4:22<1:59[K       3/10      19.1G     0.7244     0.4855    0.06327        591        640: 65% ━━━━━━━╸──── 532/809 2.2it/s 4:23<2:07[K       3/10      19.1G     0.7243     0.4855    0.06328        372        640: 65% ━━━━━━━╸──── 533/809 2.2it/s 4:23<2:05[K       3/10      19.1G      0.724     0.4855    0.06326        421        640: 66% ━━━━━━━╸──── 534/809 2.2it/s 4:23<2:06[K       3/10      19.1G     0.7241     0.4855    0.06325        375        640: 66% ━━━━━━━╸──── 535/809 2.1it/s 4:24<2:10[K       3/10      19.1G      0.724     0.4855    0.06322        327        640: 66% ━━━━━━━╸──── 536/809 2.2it/s 4:24<2:06[K       3/10      19.1G     0.7241     0.4856    0.06321        423        640: 66% ━━━━━━━╸──── 537/809 2.1it/s 4:25<2:07[K       3/10      19.1G     0.7241     0.4857    0.06321        428        640: 66% ━━━━━━━╸──── 538/809 2.1it/s 4:25<2:09[K       3/10      19.1G     0.7238     0.4858    0.06319        348        640: 66% ━━━━━━━╸──── 539/809 2.1it/s 4:26<2:06[K       3/10      19.1G     0.7236     0.4858     0.0632        320        640: 66% ━━━━━━━━──── 540/809 2.2it/s 4:26<2:02[K       3/10      19.1G     0.7237     0.4859    0.06319        478        640: 66% ━━━━━━━━──── 541/809 2.2it/s 4:27<2:04[K       3/10      19.1G     0.7235      0.486    0.06319        246        640: 66% ━━━━━━━━──── 542/809 2.3it/s 4:27<1:59[K       3/10      19.1G     0.7233     0.4861    0.06316        243        640: 67% ━━━━━━━━──── 543/809 2.2it/s 4:28<1:59[K       3/10      19.1G     0.7238      0.486    0.06331        777        640: 67% ━━━━━━━━──── 544/809 1.9it/s 4:29<2:20[K       3/10      19.1G     0.7235     0.4861    0.06329        247        640: 67% ━━━━━━━━──── 545/809 2.1it/s 4:29<2:08[K       3/10      19.1G     0.7236     0.4861    0.06329        482        640: 67% ━━━━━━━━──── 546/809 2.0it/s 4:29<2:09[K       3/10      19.1G     0.7234     0.4862    0.06327        429        640: 67% ━━━━━━━━──── 547/809 2.0it/s 4:30<2:09[K       3/10      19.1G     0.7234     0.4861    0.06327        524        640: 67% ━━━━━━━━──── 548/809 2.0it/s 4:30<2:11[K       3/10      19.1G     0.7232     0.4862    0.06324        263        640: 67% ━━━━━━━━──── 549/809 2.1it/s 4:31<2:03[K       3/10      19.1G     0.7233     0.4862    0.06322        387        640: 67% ━━━━━━━━──── 550/809 2.1it/s 4:31<2:03[K       3/10      19.1G     0.7229     0.4863    0.06321        239        640: 68% ━━━━━━━━──── 551/809 2.2it/s 4:32<1:60[K       3/10      19.1G     0.7227     0.4864    0.06321        313        640: 68% ━━━━━━━━──── 552/809 2.2it/s 4:32<1:57[K       3/10      19.1G     0.7227     0.4864    0.06318        278        640: 68% ━━━━━━━━──── 553/809 2.3it/s 4:33<1:53[K       3/10      19.1G     0.7227     0.4863    0.06318        389        640: 68% ━━━━━━━━──── 554/809 2.2it/s 4:33<1:57[K       3/10      19.1G     0.7227     0.4863    0.06317        268        640: 68% ━━━━━━━━──── 555/809 2.2it/s 4:34<1:53[K       3/10      19.1G     0.7227     0.4863    0.06316        301        640: 68% ━━━━━━━━──── 556/809 2.3it/s 4:34<1:51[K       3/10      19.1G     0.7228     0.4863    0.06312        257        640: 68% ━━━━━━━━──── 557/809 2.3it/s 4:34<1:48[K       3/10      19.1G     0.7226     0.4863    0.06314        239        640: 68% ━━━━━━━━──── 558/809 2.4it/s 4:35<1:46[K       3/10      19.1G     0.7224     0.4864    0.06311        361        640: 69% ━━━━━━━━──── 559/809 2.3it/s 4:35<1:51[K       3/10      19.1G     0.7224     0.4864     0.0631        324        640: 69% ━━━━━━━━──── 560/809 2.3it/s 4:36<1:48[K       3/10      19.1G     0.7224     0.4864    0.06314        371        640: 69% ━━━━━━━━──── 561/809 2.3it/s 4:36<1:47[K       3/10      19.1G     0.7229     0.4863    0.06315        700        640: 69% ━━━━━━━━──── 562/809 2.0it/s 4:37<2:04[K       3/10      19.1G      0.723     0.4862    0.06315        432        640: 69% ━━━━━━━━──── 563/809 2.0it/s 4:38<2:06[K       3/10      19.1G     0.7231     0.4862    0.06314        421        640: 69% ━━━━━━━━──── 564/809 1.9it/s 4:38<2:07[K       3/10      19.1G     0.7228     0.4862    0.06313        297        640: 69% ━━━━━━━━──── 565/809 2.1it/s 4:38<1:58[K       3/10      19.1G     0.7226     0.4862    0.06311        357        640: 69% ━━━━━━━━──── 566/809 2.1it/s 4:39<1:54[K       3/10      19.1G     0.7231     0.4861    0.06315        651        640: 70% ━━━━━━━━──── 567/809 1.9it/s 4:40<2:09[K       3/10      19.1G     0.7232      0.486    0.06313        280        640: 70% ━━━━━━━━──── 568/809 2.0it/s 4:40<2:01[K       3/10      19.1G     0.7234      0.486    0.06314        492        640: 70% ━━━━━━━━──── 569/809 1.9it/s 4:41<2:06[K       3/10      19.1G     0.7236      0.486    0.06313        478        640: 70% ━━━━━━━━──── 570/809 1.8it/s 4:41<2:13[K       3/10      19.1G     0.7237      0.486    0.06312        432        640: 70% ━━━━━━━━──── 571/809 1.9it/s 4:42<2:08[K       3/10      19.1G     0.7238      0.486    0.06312        344        640: 70% ━━━━━━━━──── 572/809 1.9it/s 4:42<2:03[K       3/10      19.1G     0.7237     0.4861    0.06314        296        640: 70% ━━━━━━━━──── 573/809 2.1it/s 4:43<1:54[K       3/10      19.1G     0.7242      0.486    0.06327        465        640: 70% ━━━━━━━━╸─── 574/809 1.8it/s 4:44<2:08[K       3/10      19.1G     0.7247     0.4859    0.06328        493        640: 71% ━━━━━━━━╸─── 575/809 1.7it/s 4:44<2:18[K       3/10      19.1G     0.7247     0.4859    0.06329        462        640: 71% ━━━━━━━━╸─── 576/809 1.8it/s 4:45<2:11[K       3/10      19.1G      0.725     0.4858    0.06328        403        640: 71% ━━━━━━━━╸─── 577/809 1.8it/s 4:45<2:10[K       3/10      19.1G     0.7247     0.4859    0.06327        307        640: 71% ━━━━━━━━╸─── 578/809 2.0it/s 4:46<1:57[K       3/10      19.1G      0.725     0.4859    0.06326        351        640: 71% ━━━━━━━━╸─── 579/809 2.1it/s 4:46<1:52[K       3/10      19.1G     0.7248     0.4859    0.06327        525        640: 71% ━━━━━━━━╸─── 580/809 2.0it/s 4:47<1:54[K       3/10      19.1G      0.725     0.4858    0.06324        336        640: 71% ━━━━━━━━╸─── 581/809 2.0it/s 4:47<1:55[K       3/10      19.1G     0.7252     0.4859    0.06326        289        640: 71% ━━━━━━━━╸─── 582/809 2.1it/s 4:48<1:49[K       3/10      19.1G     0.7252     0.4859    0.06324        511        640: 72% ━━━━━━━━╸─── 583/809 2.0it/s 4:48<1:53[K       3/10      19.1G     0.7251     0.4859    0.06326        212        640: 72% ━━━━━━━━╸─── 584/809 2.2it/s 4:49<1:44[K       3/10      19.1G     0.7252     0.4859    0.06329        538        640: 72% ━━━━━━━━╸─── 585/809 2.0it/s 4:49<1:51[K       3/10      19.1G     0.7248     0.4859    0.06326        255        640: 72% ━━━━━━━━╸─── 586/809 2.2it/s 4:50<1:41[K       3/10      19.1G     0.7252     0.4858    0.06329        459        640: 72% ━━━━━━━━╸─── 587/809 2.1it/s 4:50<1:46[K       3/10      19.1G     0.7252     0.4858    0.06329        345        640: 72% ━━━━━━━━╸─── 588/809 2.1it/s 4:51<1:43[K       3/10      19.1G     0.7255     0.4858    0.06329        366        640: 72% ━━━━━━━━╸─── 589/809 2.2it/s 4:51<1:41[K       3/10      19.1G     0.7257     0.4857    0.06329        423        640: 72% ━━━━━━━━╸─── 590/809 2.2it/s 4:51<1:42[K       3/10      19.1G     0.7257     0.4858    0.06329        433        640: 73% ━━━━━━━━╸─── 591/809 2.1it/s 4:52<1:44[K       3/10      19.1G     0.7255     0.4858    0.06325        375        640: 73% ━━━━━━━━╸─── 592/809 2.2it/s 4:52<1:41[K       3/10      19.1G     0.7255     0.4859    0.06324        354        640: 73% ━━━━━━━━╸─── 593/809 2.2it/s 4:53<1:40[K       3/10      19.1G     0.7254     0.4858    0.06325        335        640: 73% ━━━━━━━━╸─── 594/809 2.2it/s 4:53<1:39[K       3/10      19.1G     0.7252     0.4859    0.06325        299        640: 73% ━━━━━━━━╸─── 595/809 2.2it/s 4:54<1:38[K       3/10      19.1G     0.7256     0.4859    0.06325        350        640: 73% ━━━━━━━━╸─── 596/809 2.2it/s 4:54<1:39[K       3/10      19.1G     0.7254     0.4859    0.06322        365        640: 73% ━━━━━━━━╸─── 597/809 2.2it/s 4:55<1:38[K       3/10      19.1G     0.7254      0.486    0.06322        432        640: 73% ━━━━━━━━╸─── 598/809 2.1it/s 4:55<1:38[K       3/10      19.1G     0.7254      0.486    0.06322        293        640: 74% ━━━━━━━━╸─── 599/809 2.1it/s 4:56<1:39[K       3/10      19.1G     0.7253     0.4861    0.06325        384        640: 74% ━━━━━━━━╸─── 600/809 2.2it/s 4:56<1:35[K       3/10      19.1G     0.7251     0.4862    0.06324        410        640: 74% ━━━━━━━━╸─── 601/809 2.2it/s 4:57<1:35[K       3/10      19.1G     0.7251     0.4862    0.06324        337        640: 74% ━━━━━━━━╸─── 602/809 2.2it/s 4:57<1:34[K       3/10      19.1G     0.7251     0.4862    0.06325        281        640: 74% ━━━━━━━━╸─── 603/809 2.3it/s 4:57<1:31[K       3/10      19.1G     0.7248     0.4862    0.06324        269        640: 74% ━━━━━━━━╸─── 604/809 2.3it/s 4:58<1:29[K       3/10      19.1G     0.7245     0.4863    0.06321        179        640: 74% ━━━━━━━━╸─── 605/809 2.4it/s 4:58<1:24[K       3/10      19.1G     0.7243     0.4863    0.06318        207        640: 74% ━━━━━━━━╸─── 606/809 2.5it/s 4:59<1:21[K       3/10      19.1G     0.7241     0.4864    0.06317        376        640: 75% ━━━━━━━━━─── 607/809 2.4it/s 4:59<1:26[K       3/10      19.1G     0.7246     0.4863    0.06321        332        640: 75% ━━━━━━━━━─── 608/809 2.2it/s 4:60<1:33[K       3/10      19.1G     0.7247     0.4862    0.06321        468        640: 75% ━━━━━━━━━─── 609/809 2.1it/s 5:00<1:35[K       3/10      19.1G     0.7246     0.4863    0.06318        436        640: 75% ━━━━━━━━━─── 610/809 2.1it/s 5:01<1:34[K       3/10      19.1G     0.7248     0.4862    0.06318        341        640: 75% ━━━━━━━━━─── 611/809 2.0it/s 5:01<1:41[K       3/10      19.1G     0.7248     0.4861    0.06319        425        640: 75% ━━━━━━━━━─── 612/809 2.0it/s 5:02<1:39[K       3/10      19.1G     0.7248     0.4861    0.06318        412        640: 75% ━━━━━━━━━─── 613/809 2.0it/s 5:02<1:38[K       3/10      19.1G     0.7249      0.486    0.06321        430        640: 75% ━━━━━━━━━─── 614/809 2.0it/s 5:03<1:38[K       3/10      19.1G     0.7248      0.486    0.06317        221        640: 76% ━━━━━━━━━─── 615/809 2.1it/s 5:03<1:33[K       3/10      19.1G     0.7247      0.486    0.06315        272        640: 76% ━━━━━━━━━─── 616/809 2.2it/s 5:04<1:27[K       3/10      19.1G     0.7246     0.4861    0.06316        265        640: 76% ━━━━━━━━━─── 617/809 2.3it/s 5:04<1:24[K       3/10      19.1G     0.7247     0.4861    0.06316        309        640: 76% ━━━━━━━━━─── 618/809 2.3it/s 5:04<1:25[K       3/10      19.1G     0.7248     0.4861    0.06316        437        640: 76% ━━━━━━━━━─── 619/809 2.2it/s 5:05<1:26[K       3/10      19.1G     0.7247     0.4861    0.06315        237        640: 76% ━━━━━━━━━─── 620/809 2.3it/s 5:05<1:22[K       3/10      19.1G     0.7243     0.4861    0.06313        250        640: 76% ━━━━━━━━━─── 621/809 2.4it/s 5:06<1:19[K       3/10      19.1G     0.7241     0.4862    0.06313        313        640: 76% ━━━━━━━━━─── 622/809 2.4it/s 5:06<1:18[K       3/10      19.1G     0.7241     0.4862     0.0631        212        640: 77% ━━━━━━━━━─── 623/809 2.4it/s 5:07<1:18[K       3/10      19.1G     0.7239     0.4862    0.06311        223        640: 77% ━━━━━━━━━─── 624/809 2.4it/s 5:07<1:18[K       3/10      19.1G      0.724     0.4863    0.06312        563        640: 77% ━━━━━━━━━─── 625/809 2.2it/s 5:08<1:24[K       3/10      19.1G     0.7238     0.4862    0.06313        390        640: 77% ━━━━━━━━━─── 626/809 2.2it/s 5:08<1:25[K       3/10      19.1G      0.724     0.4862    0.06317        597        640: 77% ━━━━━━━━━─── 627/809 2.0it/s 5:09<1:32[K       3/10      19.1G      0.724     0.4862    0.06316        384        640: 77% ━━━━━━━━━─── 628/809 2.1it/s 5:09<1:28[K       3/10      19.1G      0.724     0.4862    0.06316        453        640: 77% ━━━━━━━━━─── 629/809 2.1it/s 5:10<1:27[K       3/10      19.1G     0.7239     0.4862    0.06318        364        640: 77% ━━━━━━━━━─── 630/809 2.1it/s 5:10<1:25[K       3/10      19.1G     0.7238     0.4863    0.06317        329        640: 77% ━━━━━━━━━─── 631/809 2.0it/s 5:11<1:29[K       3/10      19.1G     0.7241     0.4862    0.06317        392        640: 78% ━━━━━━━━━─── 632/809 2.0it/s 5:11<1:29[K       3/10      19.1G     0.7243     0.4862    0.06321        462        640: 78% ━━━━━━━━━─── 633/809 1.9it/s 5:12<1:33[K       3/10      19.1G     0.7242     0.4861    0.06323        457        640: 78% ━━━━━━━━━─── 634/809 1.8it/s 5:12<1:36[K       3/10      19.1G     0.7245      0.486    0.06324        499        640: 78% ━━━━━━━━━─── 635/809 1.6it/s 5:13<1:48[K       3/10      19.1G     0.7243      0.486    0.06322        195        640: 78% ━━━━━━━━━─── 636/809 1.9it/s 5:14<1:32[K       3/10      19.1G     0.7241      0.486    0.06322        282        640: 78% ━━━━━━━━━─── 637/809 2.1it/s 5:14<1:23[K       3/10      19.1G     0.7241     0.4861    0.06322        397        640: 78% ━━━━━━━━━─── 638/809 2.1it/s 5:14<1:21[K       3/10      19.1G     0.7246      0.486    0.06323        562        640: 78% ━━━━━━━━━─── 639/809 1.7it/s 5:16<1:40[K       3/10      19.1G     0.7245     0.4859    0.06323        349        640: 79% ━━━━━━━━━─── 640/809 1.9it/s 5:16<1:31[K       3/10      19.1G     0.7247     0.4859    0.06321        424        640: 79% ━━━━━━━━━╸── 641/809 1.9it/s 5:17<1:28[K       3/10      19.1G     0.7244     0.4859    0.06324        252        640: 79% ━━━━━━━━━╸── 642/809 2.0it/s 5:17<1:23[K       3/10      19.1G     0.7245     0.4859    0.06325        376        640: 79% ━━━━━━━━━╸── 643/809 2.0it/s 5:18<1:22[K       3/10      19.1G     0.7244     0.4859    0.06325        428        640: 79% ━━━━━━━━━╸── 644/809 1.9it/s 5:18<1:26[K       3/10      19.1G     0.7245     0.4859    0.06327        479        640: 79% ━━━━━━━━━╸── 645/809 1.9it/s 5:19<1:24[K       3/10      19.1G     0.7245     0.4859    0.06328        434        640: 79% ━━━━━━━━━╸── 646/809 2.0it/s 5:19<1:23[K       3/10      19.1G     0.7245      0.486    0.06328        305        640: 79% ━━━━━━━━━╸── 647/809 2.0it/s 5:20<1:22[K       3/10      19.1G     0.7247      0.486    0.06327        478        640: 80% ━━━━━━━━━╸── 648/809 2.0it/s 5:20<1:21[K       3/10      19.1G     0.7251     0.4859    0.06329        334        640: 80% ━━━━━━━━━╸── 649/809 2.0it/s 5:21<1:21[K       3/10      19.1G     0.7251     0.4858    0.06332        428        640: 80% ━━━━━━━━━╸── 650/809 2.0it/s 5:21<1:20[K       3/10      19.1G      0.725     0.4859    0.06335        251        640: 80% ━━━━━━━━━╸── 651/809 2.1it/s 5:22<1:15[K       3/10      19.1G     0.7247      0.486    0.06334        247        640: 80% ━━━━━━━━━╸── 652/809 2.2it/s 5:22<1:12[K       3/10      19.1G      0.725     0.4859    0.06344        524        640: 80% ━━━━━━━━━╸── 653/809 1.8it/s 5:23<1:25[K       3/10      19.1G     0.7249      0.486    0.06343        291        640: 80% ━━━━━━━━━╸── 654/809 2.0it/s 5:23<1:18[K       3/10      19.1G     0.7252     0.4859    0.06346        577        640: 80% ━━━━━━━━━╸── 655/809 1.9it/s 5:24<1:22[K       3/10      19.1G     0.7249     0.4859    0.06342        234        640: 81% ━━━━━━━━━╸── 656/809 2.1it/s 5:24<1:13[K       3/10      19.1G     0.7249     0.4859     0.0634        261        640: 81% ━━━━━━━━━╸── 657/809 2.2it/s 5:25<1:10[K       3/10      19.1G     0.7247     0.4859    0.06336        299        640: 81% ━━━━━━━━━╸── 658/809 2.2it/s 5:25<1:08[K       3/10      19.1G     0.7246     0.4859    0.06337        274        640: 81% ━━━━━━━━━╸── 659/809 2.3it/s 5:26<1:05[K       3/10      19.1G     0.7248     0.4858    0.06335        392        640: 81% ━━━━━━━━━╸── 660/809 2.2it/s 5:26<1:07[K       3/10      19.1G     0.7245     0.4858    0.06332        203        640: 81% ━━━━━━━━━╸── 661/809 2.3it/s 5:27<1:03[K       3/10      19.1G     0.7245     0.4859    0.06333        448        640: 81% ━━━━━━━━━╸── 662/809 2.2it/s 5:27<1:06[K       3/10      19.1G     0.7243     0.4859    0.06332        298        640: 81% ━━━━━━━━━╸── 663/809 2.2it/s 5:28<1:06[K       3/10      19.1G     0.7243     0.4858    0.06331        450        640: 82% ━━━━━━━━━╸── 664/809 2.2it/s 5:28<1:07[K       3/10      19.1G     0.7243     0.4859     0.0633        325        640: 82% ━━━━━━━━━╸── 665/809 2.2it/s 5:28<1:06[K       3/10      19.1G     0.7243     0.4858    0.06329        352        640: 82% ━━━━━━━━━╸── 666/809 2.2it/s 5:29<1:05[K       3/10      19.1G     0.7244     0.4858    0.06329        472        640: 82% ━━━━━━━━━╸── 667/809 2.1it/s 5:29<1:07[K       3/10      19.1G     0.7247     0.4858    0.06331        453        640: 82% ━━━━━━━━━╸── 668/809 2.1it/s 5:30<1:08[K       3/10      19.1G     0.7253     0.4857    0.06344        752        640: 82% ━━━━━━━━━╸── 669/809 1.5it/s 5:33<1:31[K       3/10      19.1G     0.7254     0.4856    0.06342        219        640: 82% ━━━━━━━━━╸── 670/809 1.8it/s 5:34<1:17[K       3/10      19.1G     0.7258     0.4855    0.06342        441        640: 82% ━━━━━━━━━╸── 671/809 1.8it/s 5:34<1:18[K       3/10      19.1G     0.7257     0.4856     0.0634        231        640: 83% ━━━━━━━━━╸── 672/809 2.0it/s 5:35<1:09[K       3/10      19.1G     0.7257     0.4856    0.06338        366        640: 83% ━━━━━━━━━╸── 673/809 2.1it/s 5:35<1:06[K       3/10      19.1G     0.7257     0.4855    0.06338        380        640: 83% ━━━━━━━━━╸── 674/809 2.1it/s 5:35<1:04[K       3/10      19.1G     0.7257     0.4855    0.06339        578        640: 83% ━━━━━━━━━━── 675/809 2.0it/s 5:36<1:06[K       3/10      19.1G     0.7255     0.4856    0.06338        210        640: 83% ━━━━━━━━━━── 676/809 2.2it/s 5:36<1:01[K       3/10      19.1G     0.7255     0.4857    0.06339        302        640: 83% ━━━━━━━━━━── 677/809 2.3it/s 5:37<58.1s[K       3/10      19.1G     0.7258     0.4857     0.0634        466        640: 83% ━━━━━━━━━━── 678/809 2.1it/s 5:37<1:02[K       3/10      19.1G     0.7261     0.4856    0.06343        532        640: 83% ━━━━━━━━━━── 679/809 2.0it/s 5:38<1:06[K       3/10      19.1G     0.7261     0.4856    0.06344        349        640: 84% ━━━━━━━━━━── 680/809 2.0it/s 5:38<1:03[K       3/10      19.1G     0.7261     0.4857    0.06344        365        640: 84% ━━━━━━━━━━── 681/809 2.0it/s 5:39<1:03[K       3/10      19.1G     0.7261     0.4857    0.06345        280        640: 84% ━━━━━━━━━━── 682/809 2.2it/s 5:39<58.8s[K       3/10      19.1G      0.726     0.4857    0.06344        343        640: 84% ━━━━━━━━━━── 683/809 2.2it/s 5:40<57.9s[K       3/10      19.1G     0.7258     0.4857    0.06342        260        640: 84% ━━━━━━━━━━── 684/809 2.2it/s 5:40<55.6s[K       3/10      19.1G     0.7258     0.4858    0.06341        298        640: 84% ━━━━━━━━━━── 685/809 2.3it/s 5:41<54.4s[K       3/10      19.1G      0.726     0.4857    0.06339        504        640: 84% ━━━━━━━━━━── 686/809 2.2it/s 5:41<56.5s[K       3/10      19.1G     0.7261     0.4857    0.06338        600        640: 84% ━━━━━━━━━━── 687/809 2.0it/s 5:42<1:02[K       3/10      19.1G     0.7261     0.4858    0.06336        255        640: 85% ━━━━━━━━━━── 688/809 2.1it/s 5:42<56.3s[K       3/10      19.1G     0.7259     0.4858    0.06333        332        640: 85% ━━━━━━━━━━── 689/809 2.2it/s 5:43<54.0s[K       3/10      19.1G     0.7261     0.4857    0.06334        533        640: 85% ━━━━━━━━━━── 690/809 2.1it/s 5:43<57.3s[K       3/10      19.1G      0.726     0.4857    0.06335        307        640: 85% ━━━━━━━━━━── 691/809 2.2it/s 5:44<54.2s[K       3/10      19.1G     0.7261     0.4858    0.06334        297        640: 85% ━━━━━━━━━━── 692/809 2.3it/s 5:44<51.6s[K       3/10      19.1G     0.7259     0.4858    0.06334        350        640: 85% ━━━━━━━━━━── 693/809 2.3it/s 5:44<51.5s[K       3/10      19.1G     0.7257     0.4859    0.06331        276        640: 85% ━━━━━━━━━━── 694/809 2.3it/s 5:45<49.4s[K       3/10      19.1G      0.726     0.4859    0.06334        303        640: 85% ━━━━━━━━━━── 695/809 2.2it/s 5:45<52.4s[K       3/10      19.1G     0.7259     0.4859    0.06332        303        640: 86% ━━━━━━━━━━── 696/809 2.2it/s 5:46<51.3s[K       3/10      19.1G      0.726     0.4859    0.06331        348        640: 86% ━━━━━━━━━━── 697/809 2.2it/s 5:46<49.9s[K       3/10      19.1G     0.7258     0.4859    0.06328        335        640: 86% ━━━━━━━━━━── 698/809 2.3it/s 5:47<48.6s[K       3/10      19.1G     0.7257     0.4859    0.06326        305        640: 86% ━━━━━━━━━━── 699/809 2.3it/s 5:47<47.7s[K       3/10      19.1G     0.7258     0.4858    0.06325        454        640: 86% ━━━━━━━━━━── 700/809 2.2it/s 5:48<49.6s[K       3/10      19.1G     0.7261     0.4859    0.06325        513        640: 86% ━━━━━━━━━━── 701/809 2.1it/s 5:48<52.4s[K       3/10      19.1G     0.7263     0.4858    0.06325        369        640: 86% ━━━━━━━━━━── 702/809 2.1it/s 5:49<52.2s[K       3/10      19.1G     0.7262     0.4859     0.0633        405        640: 86% ━━━━━━━━━━── 703/809 2.0it/s 5:49<52.2s[K       3/10      19.1G     0.7262     0.4858    0.06327        513        640: 87% ━━━━━━━━━━── 704/809 2.0it/s 5:50<53.1s[K       3/10      19.1G     0.7262     0.4858    0.06327        320        640: 87% ━━━━━━━━━━── 705/809 2.1it/s 5:50<50.6s[K       3/10      19.1G     0.7262     0.4859    0.06325        301        640: 87% ━━━━━━━━━━── 706/809 2.1it/s 5:51<48.3s[K       3/10      19.1G      0.726     0.4859    0.06327        222        640: 87% ━━━━━━━━━━── 707/809 2.3it/s 5:51<45.1s[K       3/10      19.1G     0.7264     0.4858    0.06329        333        640: 87% ━━━━━━━━━━╸─ 708/809 2.1it/s 5:52<47.2s[K       3/10      19.1G     0.7264     0.4857    0.06329        358        640: 87% ━━━━━━━━━━╸─ 709/809 2.1it/s 5:52<46.7s[K       3/10      19.1G     0.7264     0.4857    0.06329        342        640: 87% ━━━━━━━━━━╸─ 710/809 2.1it/s 5:53<46.6s[K       3/10      19.1G     0.7264     0.4857    0.06328        320        640: 87% ━━━━━━━━━━╸─ 711/809 2.1it/s 5:53<46.6s[K       3/10      19.1G     0.7262     0.4857    0.06329        296        640: 88% ━━━━━━━━━━╸─ 712/809 2.2it/s 5:53<44.0s[K       3/10      19.1G     0.7263     0.4857    0.06329        336        640: 88% ━━━━━━━━━━╸─ 713/809 2.2it/s 5:54<43.5s[K       3/10      19.1G     0.7265     0.4857    0.06326        313        640: 88% ━━━━━━━━━━╸─ 714/809 2.2it/s 5:54<42.9s[K       3/10      19.1G     0.7263     0.4857    0.06326        264        640: 88% ━━━━━━━━━━╸─ 715/809 2.3it/s 5:55<40.4s[K       3/10      19.1G     0.7262     0.4858    0.06324        291        640: 88% ━━━━━━━━━━╸─ 716/809 2.3it/s 5:55<40.5s[K       3/10      19.1G     0.7262     0.4857    0.06323        406        640: 88% ━━━━━━━━━━╸─ 717/809 2.2it/s 5:56<42.0s[K       3/10      19.1G     0.7263     0.4858    0.06326        407        640: 88% ━━━━━━━━━━╸─ 718/809 2.2it/s 5:56<41.7s[K       3/10      19.1G     0.7263     0.4858    0.06325        306        640: 88% ━━━━━━━━━━╸─ 719/809 2.2it/s 5:57<41.7s[K       3/10      19.1G     0.7261     0.4858    0.06323        340        640: 88% ━━━━━━━━━━╸─ 720/809 2.2it/s 5:57<40.6s[K       3/10      19.1G      0.726     0.4858    0.06323        317        640: 89% ━━━━━━━━━━╸─ 721/809 2.2it/s 5:58<40.3s[K       3/10      19.1G      0.726     0.4858    0.06323        415        640: 89% ━━━━━━━━━━╸─ 722/809 2.2it/s 5:58<39.9s[K       3/10      19.1G     0.7263     0.4857    0.06324        472        640: 89% ━━━━━━━━━━╸─ 723/809 1.9it/s 5:59<44.9s[K       3/10      19.1G     0.7262     0.4857    0.06323        377        640: 89% ━━━━━━━━━━╸─ 724/809 2.0it/s 5:59<42.5s[K       3/10      19.1G     0.7261     0.4857    0.06322        342        640: 89% ━━━━━━━━━━╸─ 725/809 2.1it/s 5:60<40.6s[K       3/10      19.1G      0.726     0.4858    0.06321        326        640: 89% ━━━━━━━━━━╸─ 726/809 2.1it/s 6:00<38.9s[K       3/10      19.1G     0.7261     0.4858    0.06328        441        640: 89% ━━━━━━━━━━╸─ 727/809 2.0it/s 6:01<40.6s[K       3/10      19.1G      0.726     0.4859    0.06329        282        640: 89% ━━━━━━━━━━╸─ 728/809 2.1it/s 6:01<37.9s[K       3/10      19.1G     0.7259     0.4859    0.06327        330        640: 90% ━━━━━━━━━━╸─ 729/809 2.2it/s 6:02<36.7s[K       3/10      19.1G     0.7261     0.4859    0.06326        393        640: 90% ━━━━━━━━━━╸─ 730/809 2.1it/s 6:02<37.0s[K       3/10      19.1G     0.7263     0.4858    0.06326        439        640: 90% ━━━━━━━━━━╸─ 731/809 2.1it/s 6:03<37.9s[K       3/10      19.1G     0.7264     0.4858    0.06326        308        640: 90% ━━━━━━━━━━╸─ 732/809 2.1it/s 6:03<36.8s[K       3/10      19.1G     0.7265     0.4859    0.06326        275        640: 90% ━━━━━━━━━━╸─ 733/809 2.2it/s 6:03<35.0s[K       3/10      19.1G     0.7267     0.4858    0.06327        423        640: 90% ━━━━━━━━━━╸─ 734/809 2.1it/s 6:04<35.1s[K       3/10      19.1G     0.7267     0.4858    0.06326        339        640: 90% ━━━━━━━━━━╸─ 735/809 2.1it/s 6:04<35.2s[K       3/10      19.1G     0.7266     0.4859    0.06327        218        640: 90% ━━━━━━━━━━╸─ 736/809 2.3it/s 6:05<32.3s[K       3/10      19.1G     0.7265     0.4859    0.06326        353        640: 91% ━━━━━━━━━━╸─ 737/809 2.3it/s 6:05<31.7s[K       3/10      19.1G     0.7264      0.486    0.06324        385        640: 91% ━━━━━━━━━━╸─ 738/809 2.2it/s 6:06<31.8s[K       3/10      19.1G     0.7263      0.486    0.06322        282        640: 91% ━━━━━━━━━━╸─ 739/809 2.3it/s 6:06<30.6s[K       3/10      19.1G     0.7265     0.4858    0.06323        251        640: 91% ━━━━━━━━━━╸─ 740/809 2.3it/s 6:07<29.8s[K       3/10      19.1G     0.7263     0.4859    0.06323        366        640: 91% ━━━━━━━━━━╸─ 741/809 2.3it/s 6:07<29.8s[K       3/10      19.1G     0.7268     0.4859    0.06329        437        640: 91% ━━━━━━━━━━━─ 742/809 2.1it/s 6:08<32.4s[K       3/10      19.1G     0.7269     0.4859    0.06329        373        640: 91% ━━━━━━━━━━━─ 743/809 2.1it/s 6:08<32.2s[K       3/10      19.1G     0.7269     0.4859    0.06325        203        640: 91% ━━━━━━━━━━━─ 744/809 2.2it/s 6:08<29.0s[K       3/10      19.1G     0.7267     0.4859    0.06323        387        640: 92% ━━━━━━━━━━━─ 745/809 2.2it/s 6:09<28.5s[K       3/10      19.1G     0.7267      0.486    0.06321        291        640: 92% ━━━━━━━━━━━─ 746/809 2.3it/s 6:09<27.3s[K       3/10      19.1G     0.7266      0.486     0.0632        445        640: 92% ━━━━━━━━━━━─ 747/809 2.2it/s 6:10<28.2s[K       3/10      19.1G     0.7267     0.4859    0.06319        448        640: 92% ━━━━━━━━━━━─ 748/809 2.1it/s 6:10<29.6s[K       3/10      19.1G     0.7269     0.4859    0.06318        300        640: 92% ━━━━━━━━━━━─ 749/809 2.1it/s 6:11<28.1s[K       3/10      19.1G     0.7267     0.4859    0.06316        303        640: 92% ━━━━━━━━━━━─ 750/809 2.2it/s 6:11<26.7s[K       3/10      19.1G     0.7268     0.4859    0.06315        397        640: 92% ━━━━━━━━━━━─ 751/809 2.1it/s 6:12<27.9s[K       3/10      19.1G     0.7267      0.486    0.06313        415        640: 92% ━━━━━━━━━━━─ 752/809 2.1it/s 6:12<26.6s[K       3/10      19.1G     0.7268      0.486    0.06312        351        640: 93% ━━━━━━━━━━━─ 753/809 2.1it/s 6:13<26.3s[K       3/10      19.1G      0.727     0.4859    0.06315        540        640: 93% ━━━━━━━━━━━─ 754/809 2.0it/s 6:13<27.9s[K       3/10      19.1G      0.727     0.4859    0.06313        421        640: 93% ━━━━━━━━━━━─ 755/809 2.0it/s 6:14<26.8s[K       3/10      19.1G      0.727     0.4859    0.06312        296        640: 93% ━━━━━━━━━━━─ 756/809 2.1it/s 6:14<25.2s[K       3/10      19.1G     0.7272     0.4858    0.06315        582        640: 93% ━━━━━━━━━━━─ 757/809 1.9it/s 6:15<27.8s[K       3/10      19.1G     0.7274     0.4858    0.06329        396        640: 93% ━━━━━━━━━━━─ 758/809 1.8it/s 6:16<28.5s[K       3/10      19.1G     0.7276     0.4857    0.06332        407        640: 93% ━━━━━━━━━━━─ 759/809 1.7it/s 6:16<28.6s[K       3/10      19.1G     0.7276     0.4858    0.06329        259        640: 93% ━━━━━━━━━━━─ 760/809 1.9it/s 6:17<25.3s[K       3/10      19.1G     0.7275     0.4858    0.06329        393        640: 94% ━━━━━━━━━━━─ 761/809 2.0it/s 6:17<24.0s[K       3/10      19.1G     0.7273     0.4858    0.06327        322        640: 94% ━━━━━━━━━━━─ 762/809 2.1it/s 6:18<22.7s[K       3/10      19.1G     0.7272     0.4859    0.06326        336        640: 94% ━━━━━━━━━━━─ 763/809 2.1it/s 6:18<21.8s[K       3/10      19.1G     0.7272     0.4859    0.06326        227        640: 94% ━━━━━━━━━━━─ 764/809 2.3it/s 6:18<19.9s[K       3/10      19.1G     0.7269     0.4859    0.06324        267        640: 94% ━━━━━━━━━━━─ 765/809 2.3it/s 6:19<19.1s[K       3/10      19.1G     0.7268      0.486    0.06321        286        640: 94% ━━━━━━━━━━━─ 766/809 2.3it/s 6:19<18.5s[K       3/10      19.1G     0.7267      0.486    0.06322        279        640: 94% ━━━━━━━━━━━─ 767/809 2.3it/s 6:20<18.4s[K       3/10      19.1G     0.7266     0.4861    0.06322        271        640: 94% ━━━━━━━━━━━─ 768/809 2.3it/s 6:20<17.7s[K       3/10      19.1G     0.7265     0.4861    0.06323        407        640: 95% ━━━━━━━━━━━─ 769/809 2.3it/s 6:21<17.4s[K       3/10      19.1G     0.7265     0.4861    0.06321        279        640: 95% ━━━━━━━━━━━─ 770/809 2.3it/s 6:21<17.0s[K       3/10      19.1G     0.7263     0.4861    0.06319        329        640: 95% ━━━━━━━━━━━─ 771/809 2.3it/s 6:21<16.5s[K       3/10      19.1G      0.726     0.4861    0.06317        295        640: 95% ━━━━━━━━━━━─ 772/809 2.3it/s 6:22<16.0s[K       3/10      19.1G     0.7262     0.4861    0.06319        450        640: 95% ━━━━━━━━━━━─ 773/809 2.2it/s 6:22<16.1s[K       3/10      19.1G     0.7263     0.4861    0.06321        475        640: 95% ━━━━━━━━━━━─ 774/809 2.1it/s 6:23<16.5s[K       3/10      19.1G     0.7262     0.4861     0.0632        254        640: 95% ━━━━━━━━━━━─ 775/809 2.1it/s 6:23<16.5s[K       3/10      19.1G     0.7262     0.4861    0.06322        342        640: 95% ━━━━━━━━━━━╸ 776/809 2.1it/s 6:24<15.5s[K       3/10      19.1G     0.7262     0.4861    0.06323        550        640: 96% ━━━━━━━━━━━╸ 777/809 2.0it/s 6:24<16.1s[K       3/10      19.1G     0.7264     0.4861    0.06325        455        640: 96% ━━━━━━━━━━━╸ 778/809 1.9it/s 6:25<16.1s[K       3/10      19.1G     0.7262     0.4861    0.06323        231        640: 96% ━━━━━━━━━━━╸ 779/809 2.1it/s 6:25<14.4s[K       3/10      19.1G     0.7261      0.486    0.06321        178        640: 96% ━━━━━━━━━━━╸ 780/809 2.3it/s 6:26<12.8s[K       3/10      19.1G     0.7259     0.4861     0.0632        276        640: 96% ━━━━━━━━━━━╸ 781/809 2.3it/s 6:26<12.2s[K       3/10      19.1G     0.7258     0.4861    0.06319        356        640: 96% ━━━━━━━━━━━╸ 782/809 2.3it/s 6:27<11.8s[K       3/10      19.1G     0.7256     0.4862    0.06317        196        640: 96% ━━━━━━━━━━━╸ 783/809 2.3it/s 6:27<11.3s[K       3/10      19.1G     0.7255     0.4862    0.06318        299        640: 96% ━━━━━━━━━━━╸ 784/809 2.3it/s 6:27<10.7s[K       3/10      19.1G     0.7258     0.4862    0.06319        491        640: 97% ━━━━━━━━━━━╸ 785/809 2.2it/s 6:28<11.0s[K       3/10      19.1G     0.7256     0.4862    0.06316        429        640: 97% ━━━━━━━━━━━╸ 786/809 2.1it/s 6:29<10.7s[K       3/10      19.1G     0.7255     0.4862    0.06315        214        640: 97% ━━━━━━━━━━━╸ 787/809 2.3it/s 6:29<9.7s[K       3/10      19.1G     0.7255     0.4863    0.06317        259        640: 97% ━━━━━━━━━━━╸ 788/809 2.3it/s 6:29<9.2s[K       3/10      19.1G     0.7257     0.4862    0.06315        429        640: 97% ━━━━━━━━━━━╸ 789/809 2.2it/s 6:30<9.1s[K       3/10      19.1G     0.7257     0.4862    0.06316        151        640: 97% ━━━━━━━━━━━╸ 790/809 2.3it/s 6:30<8.1s[K       3/10      19.1G     0.7258     0.4862    0.06316        479        640: 97% ━━━━━━━━━━━╸ 791/809 2.2it/s 6:31<8.3s[K       3/10      19.1G     0.7258     0.4862    0.06317        403        640: 97% ━━━━━━━━━━━╸ 792/809 2.1it/s 6:31<8.0s[K       3/10      19.1G     0.7257     0.4862    0.06314        261        640: 98% ━━━━━━━━━━━╸ 793/809 2.2it/s 6:32<7.2s[K       3/10      19.1G     0.7256     0.4862    0.06313        248        640: 98% ━━━━━━━━━━━╸ 794/809 2.3it/s 6:32<6.7s[K       3/10      19.1G     0.7254     0.4862     0.0631        212        640: 98% ━━━━━━━━━━━╸ 795/809 2.4it/s 6:32<5.8s[K       3/10      19.1G     0.7257     0.4861    0.06312        479        640: 98% ━━━━━━━━━━━╸ 796/809 2.2it/s 6:33<6.0s[K       3/10      19.1G     0.7259     0.4861    0.06313        568        640: 98% ━━━━━━━━━━━╸ 797/809 2.0it/s 6:34<6.0s[K       3/10      19.1G      0.726     0.4861    0.06314        334        640: 98% ━━━━━━━━━━━╸ 798/809 2.1it/s 6:34<5.3s[K       3/10      19.1G      0.726     0.4861    0.06312        412        640: 98% ━━━━━━━━━━━╸ 799/809 2.0it/s 6:35<4.9s[K       3/10      19.1G     0.7259     0.4862    0.06312        354        640: 98% ━━━━━━━━━━━╸ 800/809 2.1it/s 6:35<4.3s[K       3/10      19.1G     0.7257     0.4862    0.06309        221        640: 99% ━━━━━━━━━━━╸ 801/809 2.2it/s 6:36<3.6s[K       3/10      19.1G     0.7256     0.4862     0.0631        431        640: 99% ━━━━━━━━━━━╸ 802/809 2.2it/s 6:36<3.1s[K       3/10      19.1G     0.7256     0.4862    0.06311        464        640: 99% ━━━━━━━━━━━╸ 803/809 2.1it/s 6:36<2.8s[K       3/10      19.1G     0.7256     0.4862    0.06313        418        640: 99% ━━━━━━━━━━━╸ 804/809 2.1it/s 6:37<2.4s[K       3/10      19.1G     0.7256     0.4863    0.06318        333        640: 99% ━━━━━━━━━━━╸ 805/809 2.2it/s 6:37<1.9s[K       3/10      19.1G     0.7259     0.4862    0.06322        655        640: 99% ━━━━━━━━━━━╸ 806/809 1.8it/s 6:39<1.7s[K       3/10      19.1G     0.7259     0.4863    0.06321        369        640: 99% ━━━━━━━━━━━╸ 807/809 1.8it/s 6:39<1.1s[K       3/10      19.1G     0.7257     0.4863    0.06322        277        640: 99% ━━━━━━━━━━━╸ 808/809 2.0it/s 6:39<0.5s[K       3/10      19.1G     0.7257     0.4863    0.06322        277        640: 100% ━━━━━━━━━━━━ 809/809 2.0it/s 6:39
[K                 Class     Images  Instances      Box(P          R      mAP50  mAP50-95): 2% ──────────── 1/35 1.2s/it 0.3s<39.3s[K                 Class     Images  Instances      Box(P          R      mAP50  mAP50-95): 5% ╸─────────── 2/35 2.2it/s 0.5s<15.0s[K                 Class     Images  Instances      Box(P          R      mAP50  mAP50-95): 8% ━─────────── 3/35 2.8it/s 0.8s<11.6s[K                 Class     Images  Instances      Box(P          R      mAP50  mAP50-95): 11% ━─────────── 4/35 3.1it/s 1.0s<10.1s[K                 Class     Images  Instances      Box(P          R      mAP50  mAP50-95): 14% ━╸────────── 5/35 3.2it/s 1.3s<9.5s[K                 Class     Images  Instances      Box(P          R      mAP50  mAP50-95): 17% ━━────────── 6/35 3.2it/s 1.6s<9.0s[K                 Class     Images  Instances      Box(P          R      mAP50  mAP50-95): 20% ━━────────── 7/35 3.3it/s 1.9s<8.4s[K                 Class     Images  Instances      Box(P          R      mAP50  mAP50-95): 22% ━━╸───────── 8/35 3.0it/s 2.4s<9.1s[K                 Class     Images  Instances      Box(P          R      mAP50  mAP50-95): 25% ━━━───────── 9/35 3.3it/s 2.6s<8.0s[K                 Class     Images  Instances      Box(P          R      mAP50  mAP50-95): 28% ━━━───────── 10/35 3.7it/s 2.8s<6.7s[K                 Class     Images  Instances      Box(P          R      mAP50  mAP50-95): 31% ━━━╸──────── 11/35 3.4it/s 3.2s<7.1s[K                 Class     Images  Instances      Box(P          R      mAP50  mAP50-95): 34% ━━━━──────── 12/35 3.3it/s 3.5s<6.9s[K                 Class     Images  Instances      Box(P          R      mAP50  mAP50-95): 37% ━━━━──────── 13/35 3.4it/s 3.8s<6.4s[K                 Class     Images  Instances      Box(P          R      mAP50  mAP50-95): 40% ━━━━╸─────── 14/35 3.3it/s 4.1s<6.3s[K                 Class     Images  Instances      Box(P          R      mAP50  mAP50-95): 42% ━━━━━─────── 15/35 3.6it/s 4.4s<5.5s[K                 Class     Images  Instances      Box(P          R      mAP50  mAP50-95): 45% ━━━━━─────── 16/35 3.6it/s 4.7s<5.3s[K                 Class     Images  Instances      Box(P          R      mAP50  mAP50-95): 48% ━━━━━╸────── 17/35 3.3it/s 5.0s<5.4s[K                 Class     Images  Instances      Box(P          R      mAP50  mAP50-95): 51% ━━━━━━────── 18/35 3.5it/s 5.3s<4.9s[K                 Class     Images  Instances      Box(P          R      mAP50  mAP50-95): 54% ━━━━━━╸───── 19/35 3.7it/s 5.5s<4.4s[K                 Class     Images  Instances      Box(P          R      mAP50  mAP50-95): 57% ━━━━━━╸───── 20/35 3.8it/s 5.8s<3.9s[K                 Class     Images  Instances      Box(P          R      mAP50  mAP50-95): 60% ━━━━━━━───── 21/35 3.7it/s 6.1s<3.8s[K                 Class     Images  Instances      Box(P          R      mAP50  mAP50-95): 62% ━━━━━━━╸──── 22/35 3.2it/s 6.6s<4.1s[K                 Class     Images  Instances      Box(P          R      mAP50  mAP50-95): 65% ━━━━━━━╸──── 23/35 2.5it/s 7.6s<4.8s[K                 Class     Images  Instances      Box(P          R      mAP50  mAP50-95): 68% ━━━━━━━━──── 24/35 1.9it/s 9.6s<5.8s[K                 Class     Images  Instances      Box(P          R      mAP50  mAP50-95): 71% ━━━━━━━━╸─── 25/35 2.2it/s 9.9s<4.5s[K                 Class     Images  Instances      Box(P          R      mAP50  mAP50-95): 74% ━━━━━━━━╸─── 26/35 2.9it/s 10.1s<3.1s[K                 Class     Images  Instances      Box(P          R      mAP50  mAP50-95): 77% ━━━━━━━━━─── 27/35 2.8it/s 10.5s<2.8s[K                 Class     Images  Instances      Box(P          R      mAP50  mAP50-95): 80% ━━━━━━━━━╸── 28/35 2.9it/s 10.8s<2.4s[K                 Class     Images  Instances      Box(P          R      mAP50  mAP50-95): 82% ━━━━━━━━━╸── 29/35 3.1it/s 11.1s<1.9s[K                 Class     Images  Instances      Box(P          R      mAP50  mAP50-95): 85% ━━━━━━━━━━── 30/35 3.3it/s 11.4s<1.5s[K                 Class     Images  Instances      Box(P          R      mAP50  mAP50-95): 88% ━━━━━━━━━━╸─ 31/35 3.3it/s 11.7s<1.2s[K                 Class     Images  Instances      Box(P          R      mAP50  mAP50-95): 91% ━━━━━━━━━━╸─ 32/35 3.3it/s 12.0s<0.9s[K                 Class     Images  Instances      Box(P          R      mAP50  mAP50-95): 94% ━━━━━━━━━━━─ 33/35 3.5it/s 12.2s<0.6s[K                 Class     Images  Instances      Box(P          R      mAP50  mAP50-95): 97% ━━━━━━━━━━━╸ 34/35 3.8it/s 12.5s<0.3s[K                 Class     Images  Instances      Box(P          R      mAP50  mAP50-95): 100% ━━━━━━━━━━━━ 35/35 2.8it/s 12.6s
                   all        548      38759      0.511      0.435      0.414      0.242

      Epoch    GPU_mem  giou_loss   cls_loss    l1_loss  Instances       Size
/root/data/uav/venv/lib/python3.10/site-packages/torch/autograd/graph.py:825: UserWarning: grid_sampler_2d_backward_cuda does not have a deterministic implementation, but you set 'torch.use_deterministic_algorithms(True, warn_only=True)'. You can file an issue at https://github.com/pytorch/pytorch/issues to help us prioritize adding deterministic support for this operation. (Triggered internally at ../aten/src/ATen/Context.cpp:91.)
  return Variable._execution_engine.run_backward(  # Calls into the C++ engine to run the backward pass
[K       4/10      2.26G     0.7846     0.5268    0.07235        422        640: 0% ──────────── 0/809  0.5s[K       4/10      3.14G     0.9086     0.4719    0.07845        490        640: 0% ──────────── 1/809 2.5s/it 1.2s<33:49[K       4/10      3.14G     0.8338     0.4807    0.07106        215        640: 0% ──────────── 2/809 1.1it/s 1.6s<12:33[K       4/10      3.14G     0.7794     0.4986    0.06518        254        640: 0% ──────────── 3/809 1.6it/s 2.0s<8:39[K       4/10      3.14G      0.811     0.4856    0.06399        452        640: 0% ──────────── 4/809 1.5it/s 2.7s<8:43[K       4/10      3.14G      0.782     0.4853    0.06599        376        640: 0% ──────────── 5/809 1.7it/s 3.1s<7:44[K       4/10      3.14G     0.7896     0.4896    0.06918        612        640: 0% ──────────── 6/809 1.7it/s 3.7s<7:50[K       4/10      3.14G     0.7769     0.4874    0.06716        380        640: 0% ──────────── 7/809 1.8it/s 4.2s<7:18[K       4/10      3.14G     0.7641     0.4893    0.06604        427        640: 0% ──────────── 8/809 1.9it/s 4.7s<7:02[K       4/10      3.14G     0.7666     0.4916    0.06385        509        640: 1% ──────────── 9/809 1.9it/s 5.2s<7:07[K       4/10      3.14G     0.7583     0.4916    0.06231        464        640: 1% ──────────── 10/809 1.9it/s 5.7s<7:00[K       4/10      3.14G     0.7531     0.4943    0.06197        344        640: 1% ──────────── 11/809 2.0it/s 6.2s<6:40[K       4/10      3.14G     0.7423     0.4964    0.06181        338        640: 1% ──────────── 12/809 2.1it/s 6.6s<6:24[K       4/10      3.14G     0.7506     0.4943    0.06179        447        640: 1% ──────────── 13/809 1.9it/s 7.3s<6:56[K       4/10      3.14G     0.7526     0.4919    0.06304        392        640: 1% ──────────── 14/809 1.9it/s 7.8s<6:53[K       4/10      3.14G     0.7503     0.4927    0.06258        446        640: 1% ──────────── 15/809 2.0it/s 8.3s<6:41[K       4/10      3.14G     0.7409     0.4964    0.06206        233        640: 1% ──────────── 16/809 2.1it/s 8.7s<6:18[K       4/10      3.14G     0.7327     0.4957    0.06155        444        640: 2% ──────────── 17/809 2.1it/s 9.1s<6:12[K       4/10      3.14G     0.7264     0.4952    0.06074        311        640: 2% ──────────── 18/809 2.2it/s 9.6s<6:04[K       4/10       3.7G     0.7374     0.4924    0.06204        556        640: 2% ──────────── 19/809 2.0it/s 10.3s<6:43[K       4/10       3.7G     0.7388     0.4916    0.06209        395        640: 2% ──────────── 20/809 2.0it/s 10.8s<6:36[K       4/10       3.7G     0.7392     0.4925    0.06239        241        640: 2% ──────────── 21/809 2.1it/s 11.2s<6:08[K       4/10       3.7G     0.7367     0.4939    0.06214        216        640: 2% ──────────── 22/809 2.2it/s 11.6s<6:00[K       4/10       3.7G     0.7327     0.4947    0.06223        282        640: 2% ──────────── 23/809 2.2it/s 12.0s<5:53[K       4/10       3.7G     0.7268     0.4947     0.0619        340        640: 2% ──────────── 24/809 2.2it/s 12.5s<5:53[K       4/10       3.7G     0.7242     0.4947    0.06162        348        640: 3% ──────────── 25/809 2.2it/s 12.9s<5:53[K       4/10       3.7G     0.7244     0.4933     0.0617        408        640: 3% ──────────── 26/809 2.2it/s 13.4s<6:00[K       4/10       3.7G     0.7276     0.4916    0.06164        457        640: 3% ──────────── 27/809 2.1it/s 14.0s<6:18[K       4/10       3.7G     0.7253     0.4924    0.06146        239        640: 3% ──────────── 28/809 2.2it/s 14.4s<5:60[K       4/10      4.96G     0.7406     0.4887    0.06771        510        640: 3% ──────────── 29/809 1.7it/s 16.2s<7:43[K       4/10      4.96G     0.7433     0.4881    0.06753        455        640: 3% ──────────── 30/809 1.7it/s 16.8s<7:47[K       4/10      4.96G     0.7507     0.4868    0.06913        565        640: 3% ──────────── 31/809 1.6it/s 17.5s<7:53[K       4/10      4.96G     0.7562     0.4853    0.07017        394        640: 3% ──────────── 32/809 1.7it/s 18.0s<7:37[K       4/10      4.96G     0.7534     0.4856    0.06963        314        640: 4% ──────────── 33/809 1.9it/s 18.4s<6:54[K       4/10      4.96G     0.7482     0.4864    0.06918        281        640: 4% ╸─────────── 34/809 2.1it/s 18.8s<6:17[K       4/10      4.96G     0.7582     0.4841    0.07095        477        640: 4% ╸─────────── 35/809 1.8it/s 19.7s<7:14[K       4/10      4.96G     0.7547     0.4851    0.07054        292        640: 4% ╸─────────── 36/809 1.9it/s 20.2s<6:45[K       4/10      4.96G     0.7585     0.4854    0.07062        363        640: 4% ╸─────────── 37/809 2.0it/s 20.6s<6:26[K       4/10      4.96G     0.7534     0.4847    0.06996        254        640: 4% ╸─────────── 38/809 2.0it/s 21.1s<6:23[K       4/10      4.96G     0.7514     0.4845    0.07021        238        640: 4% ╸─────────── 39/809 2.2it/s 21.5s<5:55[K       4/10      4.96G      0.748     0.4855     0.0699        349        640: 4% ╸─────────── 40/809 2.2it/s 21.9s<5:46[K       4/10      4.96G     0.7496     0.4849    0.06988        561        640: 5% ╸─────────── 41/809 2.1it/s 22.5s<6:09[K       4/10      4.96G     0.7518     0.4844    0.07043        592        640: 5% ╸─────────── 42/809 1.9it/s 23.1s<6:38[K       4/10      4.96G     0.7541     0.4837    0.07031        437        640: 5% ╸─────────── 43/809 1.9it/s 23.6s<6:35[K       4/10      4.96G     0.7545     0.4833    0.07058        450        640: 5% ╸─────────── 44/809 1.9it/s 24.2s<6:42[K       4/10      4.96G     0.7533     0.4838    0.07054        353        640: 5% ╸─────────── 45/809 2.0it/s 24.6s<6:20[K       4/10      4.96G     0.7478     0.4844    0.06989        358        640: 5% ╸─────────── 46/809 2.0it/s 25.1s<6:19[K       4/10      4.96G     0.7491     0.4846    0.06962        478        640: 5% ╸─────────── 47/809 2.0it/s 25.6s<6:16[K       4/10      4.96G     0.7513     0.4845    0.06926        359        640: 5% ╸─────────── 48/809 2.1it/s 26.1s<6:06[K       4/10      4.96G     0.7523     0.4837    0.06911        366        640: 6% ╸─────────── 49/809 2.1it/s 26.5s<6:03[K       4/10      4.96G     0.7494     0.4844    0.06896        237        640: 6% ╸─────────── 50/809 2.3it/s 26.9s<5:37[K       4/10      4.96G     0.7501     0.4843    0.06864        517        640: 6% ╸─────────── 51/809 2.1it/s 27.5s<5:55[K       4/10      4.96G     0.7501     0.4831    0.06845        410        640: 6% ╸─────────── 52/809 2.1it/s 28.0s<6:03[K       4/10      4.96G     0.7507     0.4831    0.06814        610        640: 6% ╸─────────── 53/809 2.0it/s 28.5s<6:18[K       4/10      4.96G      0.748     0.4838    0.06798        250        640: 6% ╸─────────── 54/809 2.1it/s 29.0s<6:05[K       4/10      4.96G     0.7464     0.4836     0.0679        193        640: 6% ╸─────────── 55/809 2.2it/s 29.4s<5:42[K       4/10      4.96G     0.7454     0.4832     0.0676        385        640: 6% ╸─────────── 56/809 2.2it/s 29.8s<5:41[K       4/10      4.96G     0.7462     0.4833    0.06767        448        640: 7% ╸─────────── 57/809 2.1it/s 30.3s<5:55[K       4/10      4.96G     0.7453     0.4824    0.06734        300        640: 7% ╸─────────── 58/809 2.2it/s 30.8s<5:44[K       4/10      4.96G     0.7438     0.4822    0.06718        472        640: 7% ╸─────────── 59/809 2.1it/s 31.3s<5:49[K       4/10      4.96G     0.7435     0.4822    0.06695        629        640: 7% ╸─────────── 60/809 1.9it/s 32.1s<6:42[K       4/10      4.96G     0.7406     0.4821    0.06677        329        640: 7% ╸─────────── 61/809 2.0it/s 32.5s<6:16[K       4/10      4.96G     0.7391     0.4816    0.06663        236        640: 7% ╸─────────── 62/809 2.0it/s 33.0s<6:06[K       4/10      4.96G      0.739     0.4823    0.06664        347        640: 7% ╸─────────── 63/809 2.1it/s 33.4s<5:49[K       4/10      4.96G     0.7402      0.482     0.0668        513        640: 7% ╸─────────── 64/809 2.0it/s 34.0s<6:08[K       4/10      4.96G     0.7417      0.482    0.06675        431        640: 8% ╸─────────── 65/809 2.0it/s 34.5s<6:07[K       4/10      4.96G      0.739     0.4819    0.06649        286        640: 8% ╸─────────── 66/809 2.1it/s 34.9s<5:52[K       4/10      4.96G     0.7355     0.4819    0.06645        182        640: 8% ╸─────────── 67/809 2.3it/s 35.3s<5:27[K       4/10      4.96G     0.7364      0.482    0.06639        406        640: 8% ━─────────── 68/809 2.2it/s 35.8s<5:32[K       4/10      4.96G     0.7339     0.4828    0.06613        399        640: 8% ━─────────── 69/809 2.2it/s 36.2s<5:34[K       4/10      4.96G     0.7363     0.4825    0.06629        579        640: 8% ━─────────── 70/809 1.9it/s 37.0s<6:23[K       4/10      4.96G     0.7345     0.4827    0.06616        287        640: 8% ━─────────── 71/809 2.1it/s 37.4s<5:57[K       4/10      4.96G     0.7346      0.483     0.0664        376        640: 8% ━─────────── 72/809 2.1it/s 37.9s<5:52[K       4/10      4.96G     0.7347     0.4827    0.06619        339        640: 9% ━─────────── 73/809 2.1it/s 38.4s<5:49[K       4/10      4.96G     0.7332      0.483    0.06599        423        640: 9% ━─────────── 74/809 2.1it/s 38.8s<5:43[K       4/10      4.96G     0.7307     0.4841    0.06595        221        640: 9% ━─────────── 75/809 2.2it/s 39.2s<5:27[K       4/10      4.96G     0.7306     0.4842    0.06589        379        640: 9% ━─────────── 76/809 2.2it/s 39.7s<5:27[K       4/10      4.96G     0.7302     0.4841    0.06581        451        640: 9% ━─────────── 77/809 2.2it/s 40.2s<5:37[K       4/10      4.96G     0.7293     0.4843    0.06556        401        640: 9% ━─────────── 78/809 2.1it/s 40.7s<5:47[K       4/10      4.96G     0.7321     0.4837    0.06601        484        640: 9% ━─────────── 79/809 1.9it/s 41.3s<6:19[K       4/10      4.96G      0.731      0.484    0.06589        375        640: 9% ━─────────── 80/809 2.0it/s 41.8s<6:00[K       4/10      4.96G     0.7326     0.4836    0.06577        537        640: 10% ━─────────── 81/809 2.0it/s 42.3s<6:11[K       4/10      4.96G     0.7345     0.4836    0.06568        256        640: 10% ━─────────── 82/809 2.1it/s 42.7s<5:46[K       4/10      4.96G     0.7335     0.4833    0.06556        271        640: 10% ━─────────── 83/809 2.2it/s 43.1s<5:30[K       4/10      4.96G     0.7352     0.4833    0.06552        387        640: 10% ━─────────── 84/809 2.2it/s 43.6s<5:37[K       4/10      4.96G     0.7359     0.4835    0.06551        267        640: 10% ━─────────── 85/809 2.2it/s 44.1s<5:26[K       4/10      4.96G     0.7374     0.4835    0.06553        301        640: 10% ━─────────── 86/809 2.2it/s 44.5s<5:30[K       4/10      4.96G     0.7383     0.4836    0.06559        448        640: 10% ━─────────── 87/809 2.1it/s 45.1s<5:50[K       4/10      4.96G      0.738     0.4839    0.06557        378        640: 10% ━─────────── 88/809 2.1it/s 45.6s<5:46[K       4/10      4.96G     0.7384     0.4838    0.06554        422        640: 11% ━─────────── 89/809 2.1it/s 46.0s<5:42[K       4/10      4.96G     0.7378     0.4836    0.06538        275        640: 11% ━─────────── 90/809 2.1it/s 46.5s<5:35[K       4/10      4.96G     0.7366      0.484    0.06545        291        640: 11% ━─────────── 91/809 2.2it/s 46.9s<5:27[K       4/10      4.96G     0.7353     0.4846    0.06529        332        640: 11% ━─────────── 92/809 2.2it/s 47.3s<5:20[K       4/10      4.96G     0.7357     0.4846    0.06523        216        640: 11% ━─────────── 93/809 2.2it/s 47.8s<5:30[K       4/10      4.96G     0.7348     0.4846    0.06517        331        640: 11% ━─────────── 94/809 2.1it/s 48.4s<5:44[K       4/10      4.96G     0.7331     0.4848    0.06505        288        640: 11% ━─────────── 95/809 2.2it/s 48.8s<5:29[K       4/10      4.96G     0.7317     0.4854    0.06503        312        640: 11% ━─────────── 96/809 2.1it/s 49.3s<5:32[K       4/10      4.96G     0.7322     0.4852    0.06489        419        640: 11% ━─────────── 97/809 2.1it/s 49.8s<5:36[K       4/10      4.96G     0.7318     0.4854    0.06481        346        640: 12% ━─────────── 98/809 2.1it/s 50.2s<5:35[K       4/10      4.96G     0.7315     0.4852    0.06479        276        640: 12% ━─────────── 99/809 2.2it/s 50.6s<5:19[K       4/10      4.96G     0.7323     0.4851    0.06492        293        640: 12% ━─────────── 100/809 2.3it/s 51.1s<5:12[K       4/10      4.96G     0.7308     0.4852    0.06482        286        640: 12% ━─────────── 101/809 2.3it/s 51.5s<5:07[K       4/10      4.96G     0.7306     0.4859    0.06485        392        640: 12% ━╸────────── 102/809 2.2it/s 52.0s<5:21[K       4/10      4.96G     0.7289      0.486    0.06482        195        640: 12% ━╸────────── 103/809 2.3it/s 52.4s<5:09[K       4/10      4.96G     0.7292     0.4861    0.06481        275        640: 12% ━╸────────── 104/809 2.3it/s 52.8s<5:05[K       4/10      4.96G     0.7292     0.4862    0.06467        457        640: 12% ━╸────────── 105/809 2.2it/s 53.3s<5:15[K       4/10      4.96G      0.729     0.4861    0.06462        381        640: 13% ━╸────────── 106/809 2.2it/s 53.7s<5:13[K       4/10      4.96G     0.7298     0.4858    0.06481        485        640: 13% ━╸────────── 107/809 2.1it/s 54.3s<5:38[K       4/10      4.96G      0.731     0.4857    0.06488        459        640: 13% ━╸────────── 108/809 2.0it/s 54.8s<5:42[K       4/10      4.96G     0.7303     0.4862    0.06478        393        640: 13% ━╸────────── 109/809 2.1it/s 55.3s<5:38[K       4/10      4.96G     0.7328     0.4858    0.06521        576        640: 13% ━╸────────── 110/809 1.9it/s 56.0s<6:15[K       4/10      4.96G     0.7327     0.4862    0.06527        423        640: 13% ━╸────────── 111/809 1.9it/s 56.5s<6:03[K       4/10      4.96G     0.7322      0.486    0.06525        258        640: 13% ━╸────────── 112/809 2.1it/s 56.9s<5:37[K       4/10      4.96G     0.7327     0.4864    0.06524        267        640: 13% ━╸────────── 113/809 2.2it/s 57.3s<5:20[K       4/10      4.96G      0.732     0.4869    0.06511        319        640: 14% ━╸────────── 114/809 2.2it/s 57.8s<5:13[K       4/10      4.96G     0.7315      0.487    0.06512        397        640: 14% ━╸────────── 115/809 2.2it/s 58.2s<5:17[K       4/10      4.96G     0.7307     0.4872    0.06511        367        640: 14% ━╸────────── 116/809 2.2it/s 58.7s<5:15[K       4/10      4.96G     0.7312     0.4872    0.06528        248        640: 14% ━╸────────── 117/809 2.3it/s 59.1s<5:03[K       4/10      4.96G     0.7326     0.4872    0.06527        513        640: 14% ━╸────────── 118/809 2.1it/s 59.7s<5:24[K       4/10      4.96G     0.7318     0.4875    0.06524        228        640: 14% ━╸────────── 119/809 2.2it/s 1:00<5:11[K       4/10      4.96G     0.7308     0.4875    0.06513        244        640: 14% ━╸────────── 120/809 2.3it/s 1:00<5:02[K       4/10      4.96G     0.7317     0.4877     0.0653        225        640: 14% ━╸────────── 121/809 2.3it/s 1:01<4:53[K       4/10      4.96G     0.7315     0.4877    0.06527        566        640: 15% ━╸────────── 122/809 2.2it/s 1:01<5:14[K       4/10      4.96G     0.7318     0.4876    0.06509        350        640: 15% ━╸────────── 123/809 2.2it/s 1:02<5:15[K       4/10      4.96G     0.7319     0.4878    0.06508        255        640: 15% ━╸────────── 124/809 2.2it/s 1:02<5:06[K       4/10      4.96G     0.7303     0.4882    0.06504        184        640: 15% ━╸────────── 125/809 2.4it/s 1:03<4:47[K       4/10      4.96G     0.7306      0.488    0.06504        399        640: 15% ━╸────────── 126/809 2.2it/s 1:03<5:04[K       4/10      4.96G     0.7302     0.4878    0.06509        477        640: 15% ━╸────────── 127/809 2.2it/s 1:04<5:15[K       4/10      4.96G     0.7293     0.4878    0.06502        436        640: 15% ━╸────────── 128/809 2.1it/s 1:04<5:20[K       4/10      4.96G     0.7283      0.488    0.06506        512        640: 15% ━╸────────── 129/809 2.0it/s 1:05<5:34[K       4/10      4.96G     0.7289     0.4883    0.06499        322        640: 16% ━╸────────── 130/809 2.2it/s 1:05<5:15[K       4/10      4.96G     0.7285     0.4885    0.06504        234        640: 16% ━╸────────── 131/809 2.3it/s 1:06<5:01[K       4/10      4.96G     0.7287     0.4886    0.06502        440        640: 16% ━╸────────── 132/809 2.2it/s 1:06<5:10[K       4/10      4.96G     0.7289     0.4882    0.06494        315        640: 16% ━╸────────── 133/809 2.2it/s 1:07<5:10[K       4/10      4.96G       0.73     0.4878    0.06493        751        640: 16% ━╸────────── 134/809 1.9it/s 1:07<5:49[K       4/10      4.96G     0.7292     0.4876    0.06477        338        640: 16% ━━────────── 135/809 2.0it/s 1:08<5:30[K       4/10      4.96G     0.7289     0.4879    0.06477        410        640: 16% ━━────────── 136/809 2.1it/s 1:08<5:21[K       4/10      4.96G     0.7275     0.4879    0.06476        323        640: 16% ━━────────── 137/809 2.2it/s 1:09<5:10[K       4/10      4.96G     0.7271     0.4885    0.06476        299        640: 17% ━━────────── 138/809 2.2it/s 1:09<5:01[K       4/10      4.96G     0.7274     0.4886    0.06467        355        640: 17% ━━────────── 139/809 2.2it/s 1:09<5:01[K       4/10      6.58G      0.729     0.4881    0.06487        723        640: 17% ━━────────── 140/809 1.8it/s 1:11<6:09[K       4/10      6.58G     0.7291     0.4878    0.06502        249        640: 17% ━━────────── 141/809 2.0it/s 1:11<5:42[K       4/10      6.58G     0.7292      0.488    0.06499        490        640: 17% ━━────────── 142/809 1.9it/s 1:12<5:47[K       4/10      6.58G     0.7297     0.4884    0.06508        358        640: 17% ━━────────── 143/809 2.0it/s 1:12<5:30[K       4/10      6.58G     0.7288     0.4883    0.06501        234        640: 17% ━━────────── 144/809 2.2it/s 1:12<5:06[K       4/10      6.58G     0.7279     0.4887    0.06498        210        640: 17% ━━────────── 145/809 2.3it/s 1:13<4:47[K       4/10      6.58G     0.7277     0.4889    0.06495        366        640: 18% ━━────────── 146/809 2.3it/s 1:13<4:49[K       4/10      6.58G     0.7277      0.489    0.06488        330        640: 18% ━━────────── 147/809 2.3it/s 1:14<4:52[K       4/10      6.58G     0.7264     0.4892    0.06475        236        640: 18% ━━────────── 148/809 2.3it/s 1:14<4:43[K       4/10      6.58G     0.7273     0.4891     0.0648        378        640: 18% ━━────────── 149/809 2.3it/s 1:15<4:50[K       4/10      6.58G      0.728      0.489    0.06479        344        640: 18% ━━────────── 150/809 2.2it/s 1:15<5:04[K       4/10      6.58G     0.7272     0.4893    0.06472        344        640: 18% ━━────────── 151/809 2.2it/s 1:16<4:59[K       4/10      6.58G     0.7279      0.489    0.06486        442        640: 18% ━━────────── 152/809 2.1it/s 1:16<5:13[K       4/10      6.58G     0.7285     0.4889    0.06488        392        640: 18% ━━────────── 153/809 2.1it/s 1:17<5:12[K       4/10      6.58G     0.7291     0.4886     0.0648        264        640: 19% ━━────────── 154/809 2.2it/s 1:17<4:56[K       4/10      6.58G     0.7286     0.4885    0.06475        368        640: 19% ━━────────── 155/809 2.2it/s 1:17<4:54[K       4/10      6.58G     0.7285     0.4883    0.06464        355        640: 19% ━━────────── 156/809 2.2it/s 1:18<4:54[K       4/10      6.58G     0.7288     0.4883    0.06481        502        640: 19% ━━────────── 157/809 2.1it/s 1:18<5:12[K       4/10      6.58G     0.7293     0.4883    0.06474        398        640: 19% ━━────────── 158/809 2.1it/s 1:19<5:15[K       4/10      6.58G     0.7301     0.4882    0.06473        375        640: 19% ━━────────── 159/809 2.0it/s 1:19<5:23[K       4/10      6.58G     0.7304      0.488    0.06472        372        640: 19% ━━────────── 160/809 2.0it/s 1:20<5:18[K       4/10      6.58G     0.7302     0.4878    0.06464        326        640: 19% ━━────────── 161/809 2.1it/s 1:20<5:15[K       4/10      6.58G     0.7303     0.4879    0.06452        437        640: 20% ━━────────── 162/809 2.1it/s 1:21<5:15[K       4/10      6.58G     0.7303     0.4881    0.06441        346        640: 20% ━━────────── 163/809 2.1it/s 1:21<5:08[K       4/10      6.58G     0.7304     0.4878    0.06434        287        640: 20% ━━────────── 164/809 2.1it/s 1:22<5:01[K       4/10      6.58G     0.7294     0.4877    0.06439        312        640: 20% ━━────────── 165/809 2.2it/s 1:22<4:51[K       4/10      6.58G       0.73     0.4875    0.06438        401        640: 20% ━━────────── 166/809 2.1it/s 1:23<5:02[K       4/10      6.58G     0.7296     0.4875    0.06437        286        640: 20% ━━────────── 167/809 2.2it/s 1:23<4:52[K       4/10      6.58G       0.73     0.4874    0.06437        573        640: 20% ━━────────── 168/809 2.1it/s 1:24<5:06[K       4/10      6.58G     0.7298     0.4875    0.06436        377        640: 20% ━━╸───────── 169/809 2.1it/s 1:24<4:60[K       4/10      6.58G     0.7298     0.4875    0.06433        504        640: 21% ━━╸───────── 170/809 2.1it/s 1:25<5:05[K       4/10      6.58G     0.7293     0.4877     0.0643        392        640: 21% ━━╸───────── 171/809 2.1it/s 1:25<4:60[K       4/10      6.58G     0.7293     0.4877    0.06431        453        640: 21% ━━╸───────── 172/809 2.1it/s 1:26<5:01[K       4/10      6.58G     0.7288     0.4875    0.06437        402        640: 21% ━━╸───────── 173/809 2.1it/s 1:26<4:60[K       4/10      6.58G     0.7297     0.4875    0.06438        177        640: 21% ━━╸───────── 174/809 2.2it/s 1:26<4:52[K       4/10      6.58G     0.7295     0.4876    0.06429        579        640: 21% ━━╸───────── 175/809 2.1it/s 1:27<5:03[K       4/10      6.58G     0.7291     0.4876    0.06427        429        640: 21% ━━╸───────── 176/809 2.1it/s 1:27<5:05[K       4/10      6.58G     0.7288     0.4878    0.06428        300        640: 21% ━━╸───────── 177/809 2.1it/s 1:28<4:59[K       4/10      6.58G     0.7277     0.4877    0.06422        377        640: 22% ━━╸───────── 178/809 2.2it/s 1:28<4:51[K       4/10      6.58G     0.7284     0.4873    0.06413        562        640: 22% ━━╸───────── 179/809 2.0it/s 1:29<5:15[K       4/10      6.58G      0.728     0.4874     0.0641        263        640: 22% ━━╸───────── 180/809 2.1it/s 1:29<5:04[K       4/10      6.58G     0.7278     0.4874     0.0641        382        640: 22% ━━╸───────── 181/809 2.1it/s 1:30<4:59[K       4/10      6.58G     0.7269     0.4873    0.06406        281        640: 22% ━━╸───────── 182/809 2.1it/s 1:30<4:55[K       4/10      6.58G     0.7259     0.4878    0.06402        149        640: 22% ━━╸───────── 183/809 2.3it/s 1:31<4:35[K       4/10      6.58G     0.7276     0.4874    0.06457        531        640: 22% ━━╸───────── 184/809 1.9it/s 1:32<5:25[K       4/10      6.58G     0.7294     0.4867    0.06468        371        640: 22% ━━╸───────── 185/809 1.7it/s 1:33<6:16[K       4/10      6.58G     0.7287     0.4869    0.06462        269        640: 22% ━━╸───────── 186/809 1.8it/s 1:33<5:43[K       4/10      6.58G     0.7292     0.4867    0.06455        470        640: 23% ━━╸───────── 187/809 1.8it/s 1:34<5:40[K       4/10      6.58G     0.7295     0.4867    0.06452        348        640: 23% ━━╸───────── 188/809 1.9it/s 1:34<5:23[K       4/10      6.58G     0.7299     0.4864    0.06466        418        640: 23% ━━╸───────── 189/809 1.9it/s 1:35<5:23[K       4/10      6.58G     0.7293     0.4866    0.06469        235        640: 23% ━━╸───────── 190/809 2.0it/s 1:35<5:10[K       4/10      6.58G     0.7282     0.4868    0.06462        340        640: 23% ━━╸───────── 191/809 2.1it/s 1:35<4:54[K       4/10      6.58G     0.7277     0.4867    0.06456        359        640: 23% ━━╸───────── 192/809 2.1it/s 1:36<4:50[K       4/10      6.58G     0.7273     0.4867    0.06457        327        640: 23% ━━╸───────── 193/809 2.2it/s 1:36<4:39[K       4/10      6.58G     0.7267     0.4866     0.0645        343        640: 23% ━━╸───────── 194/809 2.2it/s 1:37<4:38[K       4/10      6.58G     0.7273     0.4865    0.06455        475        640: 24% ━━╸───────── 195/809 2.1it/s 1:37<4:48[K       4/10      6.58G      0.727     0.4864    0.06452        555        640: 24% ━━╸───────── 196/809 2.1it/s 1:38<4:57[K       4/10      6.58G     0.7269     0.4865    0.06455        372        640: 24% ━━╸───────── 197/809 2.1it/s 1:38<4:51[K       4/10      6.58G     0.7272     0.4864     0.0645        447        640: 24% ━━╸───────── 198/809 2.0it/s 1:39<5:00[K       4/10      6.58G     0.7274     0.4864    0.06445        347        640: 24% ━━╸───────── 199/809 2.1it/s 1:39<4:47[K       4/10      6.58G     0.7284     0.4864    0.06464        523        640: 24% ━━╸───────── 200/809 2.0it/s 1:40<5:04[K       4/10      6.58G     0.7281     0.4865    0.06458        367        640: 24% ━━╸───────── 201/809 2.1it/s 1:40<4:55[K       4/10      6.58G     0.7281     0.4865    0.06456        367        640: 24% ━━╸───────── 202/809 2.1it/s 1:41<4:49[K       4/10      6.58G     0.7282     0.4867    0.06464        320        640: 25% ━━━───────── 203/809 2.1it/s 1:41<4:48[K       4/10      6.58G     0.7287     0.4866    0.06475        318        640: 25% ━━━───────── 204/809 2.1it/s 1:42<4:46[K       4/10      6.58G     0.7292     0.4867    0.06478        349        640: 25% ━━━───────── 205/809 2.1it/s 1:42<4:52[K       4/10      6.58G     0.7293     0.4867    0.06482        546        640: 25% ━━━───────── 206/809 2.0it/s 1:43<5:08[K       4/10      6.58G     0.7296     0.4867    0.06477        310        640: 25% ━━━───────── 207/809 2.0it/s 1:43<4:58[K       4/10      6.58G     0.7295     0.4867    0.06471        328        640: 25% ━━━───────── 208/809 2.1it/s 1:44<4:51[K       4/10      6.58G     0.7296     0.4867    0.06474        516        640: 25% ━━━───────── 209/809 2.0it/s 1:44<5:07[K       4/10      6.58G     0.7309     0.4864    0.06482        573        640: 25% ━━━───────── 210/809 1.7it/s 1:45<5:52[K       4/10      6.58G     0.7309     0.4864    0.06478        281        640: 26% ━━━───────── 211/809 1.9it/s 1:46<5:18[K       4/10      6.58G     0.7303     0.4867    0.06474        221        640: 26% ━━━───────── 212/809 2.1it/s 1:46<4:48[K       4/10      6.58G     0.7306     0.4867    0.06484        471        640: 26% ━━━───────── 213/809 2.0it/s 1:47<4:51[K       4/10      6.58G     0.7309     0.4866    0.06482        425        640: 26% ━━━───────── 214/809 2.0it/s 1:47<5:00[K       4/10      6.58G     0.7307     0.4867    0.06482        290        640: 26% ━━━───────── 215/809 2.1it/s 1:48<4:47[K       4/10      6.58G     0.7308     0.4867    0.06492        402        640: 26% ━━━───────── 216/809 2.1it/s 1:48<4:46[K       4/10      6.58G     0.7303     0.4872    0.06492        237        640: 26% ━━━───────── 217/809 2.3it/s 1:48<4:22[K       4/10      6.58G       0.73     0.4874    0.06489        347        640: 26% ━━━───────── 218/809 2.3it/s 1:49<4:22[K       4/10      6.58G       0.73     0.4874    0.06479        233        640: 27% ━━━───────── 219/809 2.3it/s 1:49<4:20[K       4/10      6.58G     0.7299     0.4874    0.06469        387        640: 27% ━━━───────── 220/809 2.1it/s 1:50<4:39[K       4/10      6.58G     0.7302     0.4875    0.06471        359        640: 27% ━━━───────── 221/809 2.1it/s 1:50<4:39[K       4/10      6.58G     0.7295     0.4876    0.06463        341        640: 27% ━━━───────── 222/809 2.1it/s 1:51<4:41[K       4/10      6.58G     0.7291     0.4878    0.06464        295        640: 27% ━━━───────── 223/809 2.1it/s 1:51<4:35[K       4/10      6.58G     0.7294     0.4877    0.06466        460        640: 27% ━━━───────── 224/809 2.0it/s 1:52<4:54[K       4/10      6.58G     0.7292     0.4879    0.06465        140        640: 27% ━━━───────── 225/809 2.2it/s 1:52<4:25[K       4/10      6.58G     0.7291     0.4879    0.06455        412        640: 27% ━━━───────── 226/809 2.1it/s 1:53<4:33[K       4/10      6.58G     0.7289     0.4879    0.06458        440        640: 28% ━━━───────── 227/809 2.1it/s 1:53<4:36[K       4/10      6.58G     0.7296     0.4879    0.06463        344        640: 28% ━━━───────── 228/809 2.1it/s 1:54<4:36[K       4/10      6.58G     0.7302     0.4876    0.06462        343        640: 28% ━━━───────── 229/809 2.1it/s 1:54<4:42[K       4/10      6.58G     0.7296     0.4878    0.06455        338        640: 28% ━━━───────── 230/809 2.1it/s 1:55<4:36[K       4/10      6.58G     0.7304     0.4878    0.06448        370        640: 28% ━━━───────── 231/809 2.1it/s 1:55<4:31[K       4/10      6.58G     0.7301     0.4878     0.0644        334        640: 28% ━━━───────── 232/809 2.2it/s 1:56<4:26[K       4/10      6.58G     0.7309     0.4876    0.06444        479        640: 28% ━━━───────── 233/809 2.1it/s 1:56<4:40[K       4/10      6.58G      0.731     0.4877    0.06446        277        640: 28% ━━━───────── 234/809 2.1it/s 1:57<4:28[K       4/10      6.58G     0.7303     0.4877    0.06438        199        640: 29% ━━━───────── 235/809 2.3it/s 1:57<4:11[K       4/10      6.58G     0.7299     0.4879    0.06436        219        640: 29% ━━━╸──────── 236/809 2.3it/s 1:57<4:05[K       4/10      6.58G     0.7301     0.4879    0.06434        495        640: 29% ━━━╸──────── 237/809 2.2it/s 1:58<4:22[K       4/10      6.58G     0.7302      0.488    0.06433        303        640: 29% ━━━╸──────── 238/809 2.1it/s 1:58<4:27[K       4/10      6.58G     0.7308     0.4878    0.06438        487        640: 29% ━━━╸──────── 239/809 2.0it/s 1:59<4:50[K       4/10      6.58G      0.731     0.4877    0.06431        582        640: 29% ━━━╸──────── 240/809 1.9it/s 1:60<4:57[K       4/10      6.58G     0.7304     0.4877    0.06438        306        640: 29% ━━━╸──────── 241/809 2.0it/s 2:00<4:41[K       4/10      6.58G     0.7311     0.4875    0.06438        527        640: 29% ━━━╸──────── 242/809 2.0it/s 2:01<4:47[K       4/10      6.58G     0.7321     0.4872    0.06442        401        640: 30% ━━━╸──────── 243/809 2.0it/s 2:01<4:49[K       4/10      6.58G     0.7312     0.4873    0.06438        261        640: 30% ━━━╸──────── 244/809 2.1it/s 2:01<4:29[K       4/10      6.58G     0.7321     0.4874    0.06442        311        640: 30% ━━━╸──────── 245/809 2.1it/s 2:02<4:25[K       4/10      6.58G     0.7326     0.4874     0.0644        381        640: 30% ━━━╸──────── 246/809 2.1it/s 2:02<4:34[K       4/10      6.58G     0.7327     0.4874    0.06449        387        640: 30% ━━━╸──────── 247/809 2.1it/s 2:03<4:30[K       4/10      6.58G      0.732     0.4876    0.06438        218        640: 30% ━━━╸──────── 248/809 2.3it/s 2:03<4:08[K       4/10      6.58G     0.7329     0.4873    0.06441        438        640: 30% ━━━╸──────── 249/809 2.2it/s 2:04<4:14[K       4/10      6.58G     0.7328     0.4874    0.06441        287        640: 30% ━━━╸──────── 250/809 2.3it/s 2:04<4:06[K       4/10      6.58G     0.7334     0.4872    0.06463        371        640: 31% ━━━╸──────── 251/809 2.2it/s 2:05<4:10[K       4/10      6.58G     0.7335     0.4873    0.06458        237        640: 31% ━━━╸──────── 252/809 2.3it/s 2:05<4:01[K       4/10      6.58G     0.7337     0.4873    0.06453        359        640: 31% ━━━╸──────── 253/809 2.3it/s 2:06<4:01[K       4/10      6.58G     0.7335     0.4875    0.06455        402        640: 31% ━━━╸──────── 254/809 2.2it/s 2:06<4:12[K       4/10      6.58G     0.7331     0.4876    0.06453        249        640: 31% ━━━╸──────── 255/809 2.3it/s 2:06<3:58[K       4/10      6.58G     0.7338     0.4876    0.06453        551        640: 31% ━━━╸──────── 256/809 2.2it/s 2:07<4:15[K       4/10      8.57G     0.7349     0.4873    0.06466        736        640: 31% ━━━╸──────── 257/809 1.9it/s 2:08<4:46[K       4/10      8.57G     0.7344     0.4873    0.06459        247        640: 31% ━━━╸──────── 258/809 2.1it/s 2:08<4:22[K       4/10      8.57G     0.7348     0.4872    0.06458        405        640: 32% ━━━╸──────── 259/809 2.1it/s 2:09<4:23[K       4/10      8.57G     0.7345     0.4873    0.06458        502        640: 32% ━━━╸──────── 260/809 2.0it/s 2:09<4:30[K       4/10      8.57G     0.7346     0.4874    0.06457        224        640: 32% ━━━╸──────── 261/809 2.2it/s 2:10<4:13[K       4/10      8.57G     0.7349     0.4875     0.0646        441        640: 32% ━━━╸──────── 262/809 2.1it/s 2:10<4:26[K       4/10      8.57G     0.7346     0.4875    0.06453        413        640: 32% ━━━╸──────── 263/809 2.1it/s 2:11<4:21[K       4/10      8.57G     0.7338     0.4876    0.06456        329        640: 32% ━━━╸──────── 264/809 2.2it/s 2:11<4:13[K       4/10      8.57G     0.7333     0.4875    0.06454        255        640: 32% ━━━╸──────── 265/809 2.2it/s 2:11<4:04[K       4/10      8.57G      0.733     0.4875    0.06448        188        640: 32% ━━━╸──────── 266/809 2.4it/s 2:12<3:49[K       4/10      8.57G     0.7328     0.4875    0.06448        422        640: 33% ━━━╸──────── 267/809 2.3it/s 2:12<3:56[K       4/10      8.57G     0.7341     0.4872    0.06463        756        640: 33% ━━━╸──────── 268/809 1.9it/s 2:13<4:47[K       4/10      8.57G     0.7332     0.4872    0.06459        440        640: 33% ━━━╸──────── 269/809 1.9it/s 2:14<4:45[K       4/10      8.57G     0.7332      0.487    0.06453        411        640: 33% ━━━━──────── 270/809 1.9it/s 2:14<4:44[K       4/10      8.57G     0.7328      0.487    0.06454        268        640: 33% ━━━━──────── 271/809 2.0it/s 2:15<4:24[K       4/10      8.57G     0.7326      0.487    0.06451        437        640: 33% ━━━━──────── 272/809 2.1it/s 2:15<4:20[K       4/10      8.57G     0.7328     0.4871    0.06447        343        640: 33% ━━━━──────── 273/809 2.2it/s 2:16<4:08[K       4/10      8.57G     0.7333      0.487    0.06447        422        640: 33% ━━━━──────── 274/809 2.1it/s 2:16<4:10[K       4/10      8.57G     0.7328      0.487    0.06445        362        640: 33% ━━━━──────── 275/809 2.2it/s 2:17<4:06[K       4/10      8.57G     0.7328      0.487     0.0644        276        640: 34% ━━━━──────── 276/809 2.2it/s 2:17<4:02[K       4/10      8.57G     0.7325      0.487    0.06434        453        640: 34% ━━━━──────── 277/809 2.1it/s 2:18<4:09[K       4/10      8.57G     0.7322      0.487    0.06429        399        640: 34% ━━━━──────── 278/809 2.1it/s 2:18<4:13[K       4/10      8.57G     0.7323     0.4873    0.06426        228        640: 34% ━━━━──────── 279/809 2.2it/s 2:18<4:02[K       4/10      8.57G     0.7322     0.4874    0.06423        323        640: 34% ━━━━──────── 280/809 2.2it/s 2:19<3:59[K       4/10      8.57G     0.7318     0.4873    0.06417        302        640: 34% ━━━━──────── 281/809 2.3it/s 2:19<3:54[K       4/10      8.57G      0.731     0.4873    0.06412        230        640: 34% ━━━━──────── 282/809 2.3it/s 2:20<3:48[K       4/10      8.57G      0.731     0.4875     0.0641        398        640: 34% ━━━━──────── 283/809 2.2it/s 2:20<3:58[K       4/10      8.57G     0.7306     0.4874    0.06409        364        640: 35% ━━━━──────── 284/809 2.2it/s 2:21<3:56[K       4/10      8.57G     0.7309     0.4873    0.06411        368        640: 35% ━━━━──────── 285/809 2.2it/s 2:21<3:60[K       4/10      8.57G      0.731     0.4873    0.06413        470        640: 35% ━━━━──────── 286/809 2.0it/s 2:22<4:19[K       4/10      8.57G     0.7312     0.4871    0.06413        458        640: 35% ━━━━──────── 287/809 1.9it/s 2:22<4:31[K       4/10      8.57G     0.7313     0.4872    0.06412        317        640: 35% ━━━━──────── 288/809 2.0it/s 2:23<4:15[K       4/10      8.57G     0.7312     0.4872     0.0641        182        640: 35% ━━━━──────── 289/809 2.2it/s 2:23<3:58[K       4/10      8.57G     0.7317      0.487    0.06423        515        640: 35% ━━━━──────── 290/809 2.0it/s 2:24<4:21[K       4/10      8.57G     0.7312      0.487    0.06422        426        640: 35% ━━━━──────── 291/809 2.0it/s 2:24<4:15[K       4/10      8.57G     0.7312     0.4869    0.06418        519        640: 36% ━━━━──────── 292/809 2.0it/s 2:25<4:21[K       4/10      8.57G     0.7314      0.487    0.06418        266        640: 36% ━━━━──────── 293/809 2.1it/s 2:25<4:06[K       4/10      8.57G     0.7314      0.487    0.06416        320        640: 36% ━━━━──────── 294/809 2.1it/s 2:26<4:07[K       4/10      8.57G     0.7307      0.487    0.06412        246        640: 36% ━━━━──────── 295/809 2.2it/s 2:26<3:54[K       4/10      8.57G     0.7305     0.4871    0.06408        354        640: 36% ━━━━──────── 296/809 2.2it/s 2:27<3:51[K       4/10      8.57G     0.7304      0.487    0.06405        210        640: 36% ━━━━──────── 297/809 2.3it/s 2:27<3:41[K       4/10      8.57G     0.7306      0.487    0.06406        412        640: 36% ━━━━──────── 298/809 2.3it/s 2:27<3:44[K       4/10      8.57G     0.7308     0.4869    0.06405        438        640: 36% ━━━━──────── 299/809 2.2it/s 2:28<3:48[K       4/10      8.57G     0.7307     0.4869    0.06406        375        640: 37% ━━━━──────── 300/809 2.2it/s 2:28<3:47[K       4/10      8.57G     0.7302      0.487    0.06402        312        640: 37% ━━━━──────── 301/809 2.3it/s 2:29<3:43[K       4/10      8.57G     0.7301      0.487    0.06401        277        640: 37% ━━━━──────── 302/809 2.2it/s 2:29<3:45[K       4/10      8.57G     0.7315     0.4866    0.06425        595        640: 37% ━━━━──────── 303/809 1.8it/s 2:30<4:37[K       4/10      8.57G     0.7312     0.4864     0.0642        443        640: 37% ━━━━╸─────── 304/809 1.9it/s 2:31<4:31[K       4/10      8.57G      0.731     0.4864    0.06421        374        640: 37% ━━━━╸─────── 305/809 2.0it/s 2:31<4:15[K       4/10      8.57G     0.7315     0.4863    0.06422        443        640: 37% ━━━━╸─────── 306/809 1.9it/s 2:32<4:29[K       4/10      8.57G     0.7314     0.4863    0.06419        278        640: 37% ━━━━╸─────── 307/809 2.0it/s 2:32<4:06[K       4/10      8.57G     0.7315     0.4864    0.06418        483        640: 38% ━━━━╸─────── 308/809 2.0it/s 2:33<4:08[K       4/10      8.57G     0.7311     0.4865    0.06411        315        640: 38% ━━━━╸─────── 309/809 2.1it/s 2:33<3:54[K       4/10      8.57G      0.732     0.4863     0.0643        540        640: 38% ━━━━╸─────── 310/809 1.9it/s 2:34<4:21[K       4/10      8.57G     0.7318     0.4863    0.06427        334        640: 38% ━━━━╸─────── 311/809 2.0it/s 2:34<4:05[K       4/10      8.57G     0.7314     0.4863    0.06422        392        640: 38% ━━━━╸─────── 312/809 2.1it/s 2:35<3:57[K       4/10      8.57G      0.731     0.4863    0.06422        351        640: 38% ━━━━╸─────── 313/809 2.1it/s 2:35<3:52[K       4/10      8.57G     0.7312     0.4863    0.06429        533        640: 38% ━━━━╸─────── 314/809 2.0it/s 2:36<4:09[K       4/10      8.57G     0.7307     0.4863    0.06427        417        640: 38% ━━━━╸─────── 315/809 2.0it/s 2:36<4:12[K       4/10      8.57G     0.7309     0.4863    0.06431        439        640: 39% ━━━━╸─────── 316/809 1.9it/s 2:37<4:15[K       4/10      8.57G     0.7307     0.4863    0.06428        215        640: 39% ━━━━╸─────── 317/809 2.1it/s 2:37<3:57[K       4/10      8.57G     0.7305     0.4862    0.06431        269        640: 39% ━━━━╸─────── 318/809 2.1it/s 2:38<3:54[K       4/10      8.57G     0.7302     0.4861    0.06432        362        640: 39% ━━━━╸─────── 319/809 2.1it/s 2:38<3:50[K       4/10      8.57G     0.7307     0.4862    0.06432        347        640: 39% ━━━━╸─────── 320/809 2.2it/s 2:39<3:47[K       4/10      8.57G     0.7312      0.486    0.06431        347        640: 39% ━━━━╸─────── 321/809 2.1it/s 2:39<3:50[K       4/10      8.57G     0.7312      0.486    0.06435        264        640: 39% ━━━━╸─────── 322/809 2.2it/s 2:40<3:41[K       4/10      8.57G     0.7314      0.486    0.06439        312        640: 39% ━━━━╸─────── 323/809 2.3it/s 2:40<3:35[K       4/10      8.57G     0.7314      0.486    0.06438        295        640: 40% ━━━━╸─────── 324/809 2.3it/s 2:41<3:35[K       4/10      8.57G     0.7315     0.4859    0.06433        472        640: 40% ━━━━╸─────── 325/809 2.1it/s 2:41<3:46[K       4/10      8.57G     0.7326     0.4857    0.06449        471        640: 40% ━━━━╸─────── 326/809 1.9it/s 2:42<4:19[K       4/10      8.57G     0.7326     0.4857    0.06448        358        640: 40% ━━━━╸─────── 327/809 2.0it/s 2:42<4:07[K       4/10      8.57G     0.7328     0.4857    0.06447        278        640: 40% ━━━━╸─────── 328/809 2.1it/s 2:43<3:54[K       4/10      8.57G     0.7325     0.4858    0.06441        167        640: 40% ━━━━╸─────── 329/809 2.2it/s 2:43<3:34[K       4/10      8.57G     0.7322     0.4858    0.06434        277        640: 40% ━━━━╸─────── 330/809 2.3it/s 2:44<3:29[K       4/10      8.57G     0.7319     0.4859    0.06429        266        640: 40% ━━━━╸─────── 331/809 2.3it/s 2:44<3:26[K       4/10      8.57G     0.7319     0.4859    0.06431        448        640: 41% ━━━━╸─────── 332/809 2.2it/s 2:45<3:36[K       4/10      8.57G     0.7318      0.486    0.06432        432        640: 41% ━━━━╸─────── 333/809 2.2it/s 2:45<3:40[K       4/10      8.57G     0.7316      0.486    0.06427        342        640: 41% ━━━━╸─────── 334/809 2.1it/s 2:46<3:44[K       4/10      8.57G      0.732     0.4859    0.06425        346        640: 41% ━━━━╸─────── 335/809 2.1it/s 2:46<3:44[K       4/10      10.6G     0.7326     0.4858    0.06428        809        640: 41% ━━━━╸─────── 336/809 1.9it/s 2:47<4:06[K       4/10      10.6G     0.7325     0.4859    0.06427        294        640: 41% ━━━━╸─────── 337/809 2.0it/s 2:47<3:52[K       4/10      10.6G     0.7322     0.4859    0.06423        455        640: 41% ━━━━━─────── 338/809 2.1it/s 2:48<3:49[K       4/10      10.6G     0.7325     0.4859    0.06427        299        640: 41% ━━━━━─────── 339/809 2.2it/s 2:48<3:38[K       4/10      10.6G      0.733     0.4859    0.06432        438        640: 42% ━━━━━─────── 340/809 2.1it/s 2:49<3:44[K       4/10      10.6G      0.733      0.486    0.06428        319        640: 42% ━━━━━─────── 341/809 2.2it/s 2:49<3:33[K       4/10      10.6G     0.7329      0.486    0.06426        517        640: 42% ━━━━━─────── 342/809 2.1it/s 2:49<3:44[K       4/10      10.6G     0.7329     0.4861    0.06429        210        640: 42% ━━━━━─────── 343/809 2.2it/s 2:50<3:33[K       4/10      10.6G     0.7328     0.4861    0.06429        239        640: 42% ━━━━━─────── 344/809 2.3it/s 2:50<3:24[K       4/10      10.6G     0.7331      0.486    0.06436        415        640: 42% ━━━━━─────── 345/809 2.1it/s 2:51<3:38[K       4/10      10.6G     0.7335     0.4859    0.06439        577        640: 42% ━━━━━─────── 346/809 2.0it/s 2:51<3:47[K       4/10      10.6G     0.7336     0.4858    0.06434        299        640: 42% ━━━━━─────── 347/809 2.1it/s 2:52<3:45[K       4/10      10.6G     0.7335     0.4859    0.06431        280        640: 43% ━━━━━─────── 348/809 2.2it/s 2:52<3:34[K       4/10      10.6G     0.7329      0.486    0.06432        221        640: 43% ━━━━━─────── 349/809 2.3it/s 2:53<3:23[K       4/10      10.6G     0.7331      0.486    0.06433        327        640: 43% ━━━━━─────── 350/809 2.2it/s 2:53<3:28[K       4/10      10.6G     0.7326      0.486    0.06432        310        640: 43% ━━━━━─────── 351/809 2.3it/s 2:54<3:23[K       4/10      10.6G     0.7322      0.486    0.06432        381        640: 43% ━━━━━─────── 352/809 2.3it/s 2:54<3:23[K       4/10      10.6G     0.7319      0.486    0.06427        385        640: 43% ━━━━━─────── 353/809 2.2it/s 2:55<3:23[K       4/10      10.6G     0.7324     0.4858    0.06424        359        640: 43% ━━━━━─────── 354/809 2.2it/s 2:55<3:28[K       4/10      10.6G     0.7324     0.4859    0.06424        367        640: 43% ━━━━━─────── 355/809 2.2it/s 2:55<3:29[K       4/10      10.6G     0.7324      0.486    0.06423        321        640: 44% ━━━━━─────── 356/809 2.2it/s 2:56<3:27[K       4/10      10.6G     0.7321      0.486     0.0642        263        640: 44% ━━━━━─────── 357/809 2.3it/s 2:56<3:20[K       4/10      10.6G     0.7322     0.4861    0.06422        361        640: 44% ━━━━━─────── 358/809 2.2it/s 2:57<3:27[K       4/10      10.6G     0.7318     0.4861    0.06419        339        640: 44% ━━━━━─────── 359/809 2.1it/s 2:57<3:30[K       4/10      10.6G     0.7317     0.4861    0.06419        455        640: 44% ━━━━━─────── 360/809 2.1it/s 2:58<3:33[K       4/10      10.6G     0.7315      0.486    0.06417        307        640: 44% ━━━━━─────── 361/809 2.2it/s 2:58<3:27[K       4/10      10.6G     0.7316     0.4861    0.06416        354        640: 44% ━━━━━─────── 362/809 2.1it/s 2:59<3:29[K       4/10      10.6G     0.7314     0.4861    0.06415        390        640: 44% ━━━━━─────── 363/809 2.2it/s 2:59<3:26[K       4/10      10.6G     0.7317     0.4861    0.06413        443        640: 44% ━━━━━─────── 364/809 2.1it/s 2:60<3:30[K       4/10      10.6G     0.7313      0.486    0.06411        307        640: 45% ━━━━━─────── 365/809 2.2it/s 3:00<3:24[K       4/10      10.6G     0.7314     0.4861    0.06413        420        640: 45% ━━━━━─────── 366/809 2.1it/s 3:01<3:33[K       4/10      10.6G     0.7311     0.4861    0.06409        394        640: 45% ━━━━━─────── 367/809 2.1it/s 3:01<3:35[K       4/10      10.6G     0.7313      0.486    0.06409        252        640: 45% ━━━━━─────── 368/809 2.1it/s 3:02<3:26[K       4/10      10.6G     0.7311     0.4861    0.06406        297        640: 45% ━━━━━─────── 369/809 2.2it/s 3:02<3:18[K       4/10      10.6G     0.7307     0.4861    0.06401        238        640: 45% ━━━━━─────── 370/809 2.3it/s 3:02<3:13[K       4/10      10.6G     0.7306     0.4861    0.06404        396        640: 45% ━━━━━╸────── 371/809 2.2it/s 3:03<3:16[K       4/10      10.6G     0.7303     0.4861      0.064        235        640: 45% ━━━━━╸────── 372/809 2.3it/s 3:03<3:09[K       4/10      10.6G     0.7306     0.4861    0.06402        384        640: 46% ━━━━━╸────── 373/809 2.3it/s 3:04<3:13[K       4/10      10.6G     0.7302     0.4862    0.06395        356        640: 46% ━━━━━╸────── 374/809 2.2it/s 3:04<3:16[K       4/10      10.6G     0.7305     0.4861    0.06392        439        640: 46% ━━━━━╸────── 375/809 2.1it/s 3:05<3:25[K       4/10      10.6G     0.7305     0.4861    0.06393        372        640: 46% ━━━━━╸────── 376/809 2.1it/s 3:05<3:24[K       4/10      10.6G     0.7304     0.4861     0.0639        277        640: 46% ━━━━━╸────── 377/809 2.1it/s 3:06<3:22[K       4/10      10.6G     0.7302     0.4861    0.06389        273        640: 46% ━━━━━╸────── 378/809 2.2it/s 3:06<3:14[K       4/10      10.6G     0.7299     0.4861    0.06384        344        640: 46% ━━━━━╸────── 379/809 2.3it/s 3:07<3:10[K       4/10      10.6G     0.7299      0.486    0.06384        385        640: 46% ━━━━━╸────── 380/809 2.2it/s 3:07<3:12[K       4/10      10.6G     0.7304      0.486    0.06381        436        640: 47% ━━━━━╸────── 381/809 2.2it/s 3:07<3:18[K       4/10      10.6G     0.7307      0.486    0.06378        368        640: 47% ━━━━━╸────── 382/809 2.1it/s 3:08<3:25[K       4/10      10.6G     0.7302      0.486    0.06375        181        640: 47% ━━━━━╸────── 383/809 2.3it/s 3:08<3:08[K       4/10      10.6G     0.7303      0.486    0.06374        373        640: 47% ━━━━━╸────── 384/809 2.3it/s 3:09<3:06[K       4/10      10.6G     0.7302      0.486    0.06372        371        640: 47% ━━━━━╸────── 385/809 2.3it/s 3:09<3:06[K       4/10      10.6G     0.7301      0.486    0.06372        453        640: 47% ━━━━━╸────── 386/809 2.2it/s 3:10<3:13[K       4/10      10.6G     0.7306     0.4858    0.06372        359        640: 47% ━━━━━╸────── 387/809 2.1it/s 3:10<3:18[K       4/10      10.6G     0.7304     0.4857    0.06371        303        640: 47% ━━━━━╸────── 388/809 2.1it/s 3:11<3:16[K       4/10      10.6G     0.7302     0.4857    0.06373        551        640: 48% ━━━━━╸────── 389/809 2.1it/s 3:11<3:24[K       4/10      10.6G     0.7302     0.4856    0.06369        349        640: 48% ━━━━━╸────── 390/809 2.0it/s 3:12<3:30[K       4/10      10.6G     0.7306     0.4856    0.06379        446        640: 48% ━━━━━╸────── 391/809 1.8it/s 3:12<3:49[K       4/10      10.6G     0.7307     0.4856    0.06377        423        640: 48% ━━━━━╸────── 392/809 1.9it/s 3:13<3:40[K       4/10      10.6G     0.7302     0.4856    0.06374        294        640: 48% ━━━━━╸────── 393/809 2.0it/s 3:13<3:25[K       4/10      10.6G     0.7302     0.4856    0.06372        433        640: 48% ━━━━━╸────── 394/809 2.0it/s 3:14<3:24[K       4/10      10.6G       0.73     0.4857    0.06367        293        640: 48% ━━━━━╸────── 395/809 2.1it/s 3:14<3:13[K       4/10      10.6G     0.7299     0.4855    0.06366        320        640: 48% ━━━━━╸────── 396/809 2.1it/s 3:15<3:17[K       4/10      10.6G       0.73     0.4855    0.06364        282        640: 49% ━━━━━╸────── 397/809 2.2it/s 3:15<3:09[K       4/10      10.6G     0.7298     0.4856    0.06362        344        640: 49% ━━━━━╸────── 398/809 2.2it/s 3:16<3:10[K       4/10      10.6G     0.7297     0.4855    0.06361        259        640: 49% ━━━━━╸────── 399/809 2.2it/s 3:16<3:03[K       4/10      10.6G     0.7298     0.4855    0.06362        448        640: 49% ━━━━━╸────── 400/809 2.2it/s 3:17<3:08[K       4/10      10.6G     0.7296     0.4856    0.06363        410        640: 49% ━━━━━╸────── 401/809 2.2it/s 3:17<3:10[K       4/10      10.6G      0.729     0.4857    0.06357        157        640: 49% ━━━━━╸────── 402/809 2.3it/s 3:17<2:54[K       4/10      10.6G     0.7288     0.4858    0.06355        287        640: 49% ━━━━━╸────── 403/809 2.3it/s 3:18<2:54[K       4/10      10.6G     0.7292     0.4858    0.06363        503        640: 49% ━━━━━╸────── 404/809 2.1it/s 3:19<3:13[K       4/10      10.6G     0.7287     0.4858    0.06359        185        640: 50% ━━━━━━────── 405/809 2.3it/s 3:19<2:56[K       4/10      10.6G     0.7288     0.4858    0.06359        577        640: 50% ━━━━━━────── 406/809 2.2it/s 3:19<3:07[K       4/10      10.6G     0.7286     0.4858    0.06358        273        640: 50% ━━━━━━────── 407/809 2.2it/s 3:20<3:01[K       4/10      10.6G     0.7286     0.4858    0.06358        360        640: 50% ━━━━━━────── 408/809 2.2it/s 3:20<2:60[K       4/10      10.6G     0.7291     0.4857    0.06357        638        640: 50% ━━━━━━────── 409/809 2.0it/s 3:21<3:18[K       4/10      10.6G     0.7288     0.4857    0.06354        314        640: 50% ━━━━━━────── 410/809 2.1it/s 3:21<3:13[K       4/10      10.6G     0.7287     0.4858    0.06355        407        640: 50% ━━━━━━────── 411/809 2.1it/s 3:22<3:11[K       4/10      10.6G     0.7285     0.4857    0.06354        314        640: 50% ━━━━━━────── 412/809 2.1it/s 3:22<3:08[K       4/10      10.6G     0.7286     0.4856    0.06357        298        640: 51% ━━━━━━────── 413/809 2.2it/s 3:23<3:04[K       4/10      10.6G     0.7284     0.4857    0.06354        284        640: 51% ━━━━━━────── 414/809 2.1it/s 3:23<3:05[K       4/10      10.6G     0.7287     0.4857    0.06352        333        640: 51% ━━━━━━────── 415/809 2.2it/s 3:24<3:00[K       4/10      10.6G     0.7284     0.4857     0.0635        249        640: 51% ━━━━━━────── 416/809 2.3it/s 3:24<2:55[K       4/10      10.6G     0.7286     0.4856    0.06351        384        640: 51% ━━━━━━────── 417/809 2.2it/s 3:25<2:59[K       4/10      10.6G     0.7284     0.4856    0.06352        154        640: 51% ━━━━━━────── 418/809 2.4it/s 3:25<2:45[K       4/10      10.6G     0.7284     0.4858    0.06351        257        640: 51% ━━━━━━────── 419/809 2.4it/s 3:25<2:42[K       4/10      10.6G     0.7282     0.4858    0.06349        306        640: 51% ━━━━━━────── 420/809 2.4it/s 3:26<2:43[K       4/10      10.6G     0.7281     0.4859    0.06348        287        640: 52% ━━━━━━────── 421/809 2.3it/s 3:26<2:46[K       4/10      10.6G      0.728     0.4859    0.06347        370        640: 52% ━━━━━━────── 422/809 2.2it/s 3:27<2:53[K       4/10      10.6G     0.7279     0.4859    0.06347        412        640: 52% ━━━━━━────── 423/809 2.2it/s 3:27<2:55[K       4/10      10.6G     0.7276     0.4859    0.06346        269        640: 52% ━━━━━━────── 424/809 2.2it/s 3:28<2:52[K       4/10      10.6G     0.7274     0.4859    0.06343        385        640: 52% ━━━━━━────── 425/809 2.2it/s 3:28<2:58[K       4/10      10.6G     0.7271     0.4859    0.06341        334        640: 52% ━━━━━━────── 426/809 2.2it/s 3:29<2:57[K       4/10      10.6G     0.7267     0.4859    0.06339        295        640: 52% ━━━━━━────── 427/809 2.2it/s 3:29<2:52[K       4/10      10.6G     0.7264      0.486    0.06336        303        640: 52% ━━━━━━────── 428/809 2.2it/s 3:29<2:50[K       4/10      10.6G     0.7264     0.4861    0.06335        214        640: 53% ━━━━━━────── 429/809 2.3it/s 3:30<2:46[K       4/10      10.6G      0.726     0.4862    0.06335        225        640: 53% ━━━━━━────── 430/809 2.3it/s 3:30<2:48[K       4/10      10.6G     0.7258     0.4864    0.06335        382        640: 53% ━━━━━━────── 431/809 2.2it/s 3:31<2:52[K       4/10      10.6G     0.7255     0.4864    0.06331        324        640: 53% ━━━━━━────── 432/809 2.2it/s 3:31<2:48[K       4/10      10.6G     0.7253     0.4864    0.06329        301        640: 53% ━━━━━━────── 433/809 2.3it/s 3:32<2:45[K       4/10      10.6G     0.7253     0.4864    0.06333        410        640: 53% ━━━━━━────── 434/809 2.2it/s 3:32<2:49[K       4/10      10.6G     0.7255     0.4864    0.06332        372        640: 53% ━━━━━━────── 435/809 2.2it/s 3:33<2:50[K       4/10      10.6G     0.7256     0.4864     0.0633        598        640: 53% ━━━━━━────── 436/809 2.0it/s 3:33<3:03[K       4/10      10.6G     0.7257     0.4864    0.06334        603        640: 54% ━━━━━━────── 437/809 1.9it/s 3:34<3:16[K       4/10      10.6G     0.7256     0.4864    0.06332        368        640: 54% ━━━━━━────── 438/809 1.9it/s 3:34<3:12[K       4/10      10.6G     0.7251     0.4866    0.06329        247        640: 54% ━━━━━━╸───── 439/809 2.1it/s 3:35<2:58[K       4/10      10.6G     0.7251     0.4866    0.06329        358        640: 54% ━━━━━━╸───── 440/809 2.1it/s 3:35<2:53[K       4/10      10.6G     0.7252     0.4866    0.06327        266        640: 54% ━━━━━━╸───── 441/809 2.1it/s 3:36<2:52[K       4/10      10.6G      0.725     0.4866    0.06323        253        640: 54% ━━━━━━╸───── 442/809 2.2it/s 3:36<2:48[K       4/10      10.6G     0.7251     0.4867    0.06326        523        640: 54% ━━━━━━╸───── 443/809 2.1it/s 3:37<2:55[K       4/10      10.6G      0.725     0.4868    0.06324        216        640: 54% ━━━━━━╸───── 444/809 2.2it/s 3:37<2:46[K       4/10      10.6G     0.7246     0.4868     0.0632        241        640: 55% ━━━━━━╸───── 445/809 2.3it/s 3:37<2:41[K       4/10      10.6G     0.7246     0.4868    0.06321        386        640: 55% ━━━━━━╸───── 446/809 2.2it/s 3:38<2:47[K       4/10      10.6G     0.7248     0.4867    0.06321        499        640: 55% ━━━━━━╸───── 447/809 2.1it/s 3:38<2:53[K       4/10      10.6G     0.7251     0.4867    0.06325        392        640: 55% ━━━━━━╸───── 448/809 2.0it/s 3:39<2:59[K       4/10      10.6G     0.7249     0.4866    0.06322        324        640: 55% ━━━━━━╸───── 449/809 2.1it/s 3:39<2:54[K       4/10      10.6G     0.7247     0.4867    0.06322        142        640: 55% ━━━━━━╸───── 450/809 2.3it/s 3:40<2:34[K       4/10      10.6G     0.7247     0.4866    0.06321        270        640: 55% ━━━━━━╸───── 451/809 2.3it/s 3:40<2:33[K       4/10      10.6G     0.7246     0.4866    0.06316        349        640: 55% ━━━━━━╸───── 452/809 2.3it/s 3:41<2:35[K       4/10      10.6G     0.7245     0.4867    0.06314        284        640: 55% ━━━━━━╸───── 453/809 2.4it/s 3:41<2:31[K       4/10      10.6G      0.725     0.4866    0.06315        440        640: 56% ━━━━━━╸───── 454/809 2.2it/s 3:42<2:43[K       4/10      10.6G     0.7249     0.4866    0.06312        386        640: 56% ━━━━━━╸───── 455/809 2.2it/s 3:42<2:44[K       4/10      10.6G     0.7252     0.4866     0.0632        303        640: 56% ━━━━━━╸───── 456/809 2.2it/s 3:43<2:42[K       4/10      10.6G     0.7255     0.4865     0.0632        301        640: 56% ━━━━━━╸───── 457/809 2.2it/s 3:43<2:43[K       4/10      10.6G     0.7257     0.4865    0.06322        352        640: 56% ━━━━━━╸───── 458/809 2.1it/s 3:44<2:44[K       4/10      10.6G     0.7257     0.4865    0.06323        193        640: 56% ━━━━━━╸───── 459/809 2.2it/s 3:44<2:37[K       4/10      10.6G     0.7255     0.4865    0.06322        347        640: 56% ━━━━━━╸───── 460/809 2.2it/s 3:44<2:36[K       4/10      10.6G     0.7256     0.4864    0.06327        347        640: 56% ━━━━━━╸───── 461/809 2.2it/s 3:45<2:39[K       4/10      10.6G     0.7255     0.4865    0.06324        389        640: 57% ━━━━━━╸───── 462/809 2.1it/s 3:45<2:45[K       4/10      10.6G     0.7256     0.4864    0.06326        401        640: 57% ━━━━━━╸───── 463/809 2.0it/s 3:46<2:51[K       4/10      10.6G     0.7254     0.4864    0.06323        430        640: 57% ━━━━━━╸───── 464/809 2.0it/s 3:46<2:49[K       4/10      10.6G     0.7258     0.4863    0.06326        611        640: 57% ━━━━━━╸───── 465/809 1.9it/s 3:47<3:04[K       4/10      10.6G     0.7261     0.4861    0.06323        405        640: 57% ━━━━━━╸───── 466/809 1.9it/s 3:48<2:57[K       4/10      10.6G     0.7268      0.486    0.06328        456        640: 57% ━━━━━━╸───── 467/809 1.8it/s 3:48<3:15[K       4/10      10.6G     0.7269     0.4859    0.06328        476        640: 57% ━━━━━━╸───── 468/809 1.8it/s 3:49<3:11[K       4/10      10.6G     0.7262      0.486    0.06326        135        640: 57% ━━━━━━╸───── 469/809 2.0it/s 3:49<2:50[K       4/10      10.6G     0.7262      0.486    0.06327        432        640: 58% ━━━━━━╸───── 470/809 2.0it/s 3:50<2:52[K       4/10      10.6G     0.7263     0.4859    0.06325        327        640: 58% ━━━━━━╸───── 471/809 2.0it/s 3:50<2:48[K       4/10      10.6G     0.7266     0.4858    0.06326        517        640: 58% ━━━━━━━───── 472/809 2.0it/s 3:51<2:52[K       4/10      10.6G     0.7266     0.4858    0.06324        474        640: 58% ━━━━━━━───── 473/809 2.0it/s 3:51<2:52[K       4/10      10.6G     0.7264     0.4859    0.06322        243        640: 58% ━━━━━━━───── 474/809 2.1it/s 3:52<2:37[K       4/10      10.6G      0.727     0.4857    0.06324        286        640: 58% ━━━━━━━───── 475/809 2.1it/s 3:52<2:36[K       4/10      10.6G     0.7272     0.4856    0.06325        374        640: 58% ━━━━━━━───── 476/809 2.0it/s 3:53<2:46[K       4/10      10.6G     0.7272     0.4856    0.06324        416        640: 58% ━━━━━━━───── 477/809 2.0it/s 3:53<2:45[K       4/10      10.6G     0.7273     0.4857    0.06325        312        640: 59% ━━━━━━━───── 478/809 2.0it/s 3:54<2:43[K       4/10      10.6G     0.7273     0.4856    0.06324        430        640: 59% ━━━━━━━───── 479/809 2.0it/s 3:54<2:46[K       4/10      10.6G     0.7269     0.4856    0.06321        335        640: 59% ━━━━━━━───── 480/809 2.1it/s 3:55<2:36[K       4/10      10.6G     0.7267     0.4857    0.06318        385        640: 59% ━━━━━━━───── 481/809 2.1it/s 3:55<2:36[K       4/10      10.6G     0.7269     0.4857     0.0632        493        640: 59% ━━━━━━━───── 482/809 1.9it/s 3:56<2:49[K       4/10      10.6G     0.7273     0.4857    0.06319        336        640: 59% ━━━━━━━───── 483/809 2.0it/s 3:56<2:47[K       4/10      10.6G     0.7274     0.4858    0.06318        239        640: 59% ━━━━━━━───── 484/809 2.1it/s 3:57<2:36[K       4/10      10.6G     0.7273     0.4858    0.06316        368        640: 59% ━━━━━━━───── 485/809 2.1it/s 3:57<2:31[K       4/10      10.6G     0.7269     0.4858    0.06317        340        640: 60% ━━━━━━━───── 486/809 2.1it/s 3:58<2:31[K       4/10      10.6G     0.7268     0.4859    0.06316        393        640: 60% ━━━━━━━───── 487/809 2.1it/s 3:58<2:33[K       4/10      10.6G     0.7269     0.4858    0.06316        347        640: 60% ━━━━━━━───── 488/809 2.0it/s 3:59<2:41[K       4/10      10.6G     0.7266     0.4858    0.06313        215        640: 60% ━━━━━━━───── 489/809 2.2it/s 3:59<2:28[K       4/10      10.6G     0.7265     0.4857    0.06309        428        640: 60% ━━━━━━━───── 490/809 2.1it/s 3:60<2:30[K       4/10      10.6G     0.7266     0.4857    0.06312        510        640: 60% ━━━━━━━───── 491/809 2.1it/s 4:00<2:32[K       4/10      10.6G     0.7266     0.4857    0.06313        376        640: 60% ━━━━━━━───── 492/809 2.1it/s 4:01<2:31[K       4/10      10.6G     0.7267     0.4858    0.06312        265        640: 60% ━━━━━━━───── 493/809 2.1it/s 4:01<2:27[K       4/10      10.6G     0.7273     0.4857    0.06323        654        640: 61% ━━━━━━━───── 494/809 1.9it/s 4:02<2:45[K       4/10      10.6G     0.7272     0.4857    0.06327        431        640: 61% ━━━━━━━───── 495/809 1.9it/s 4:02<2:41[K       4/10      10.6G     0.7273     0.4858    0.06328        316        640: 61% ━━━━━━━───── 496/809 2.0it/s 4:03<2:34[K       4/10      10.6G     0.7277     0.4857     0.0633        508        640: 61% ━━━━━━━───── 497/809 1.9it/s 4:03<2:41[K       4/10      10.6G     0.7274     0.4857    0.06328        233        640: 61% ━━━━━━━───── 498/809 2.1it/s 4:04<2:27[K       4/10      10.6G     0.7275     0.4857    0.06328        375        640: 61% ━━━━━━━───── 499/809 2.1it/s 4:04<2:26[K       4/10      10.6G     0.7274     0.4857    0.06328        407        640: 61% ━━━━━━━───── 500/809 2.1it/s 4:05<2:26[K       4/10      10.6G     0.7273     0.4858    0.06327        259        640: 61% ━━━━━━━───── 501/809 2.2it/s 4:05<2:19[K       4/10      10.6G     0.7272     0.4858    0.06323        402        640: 62% ━━━━━━━───── 502/809 2.1it/s 4:06<2:24[K       4/10      10.6G     0.7272     0.4858    0.06322        416        640: 62% ━━━━━━━───── 503/809 2.1it/s 4:06<2:25[K       4/10      10.6G     0.7272     0.4858    0.06319        278        640: 62% ━━━━━━━───── 504/809 2.2it/s 4:06<2:19[K       4/10      10.6G      0.727     0.4858     0.0632        297        640: 62% ━━━━━━━───── 505/809 2.2it/s 4:07<2:17[K       4/10      10.6G     0.7267     0.4858    0.06321        299        640: 62% ━━━━━━━╸──── 506/809 2.2it/s 4:07<2:15[K       4/10      10.6G     0.7272     0.4857    0.06327        549        640: 62% ━━━━━━━╸──── 507/809 2.1it/s 4:08<2:25[K       4/10      10.6G     0.7274     0.4856    0.06337        472        640: 62% ━━━━━━━╸──── 508/809 1.8it/s 4:09<2:47[K       4/10      10.6G     0.7273     0.4857    0.06334        316        640: 62% ━━━━━━━╸──── 509/809 1.9it/s 4:09<2:36[K       4/10      10.6G      0.727     0.4857    0.06332        399        640: 63% ━━━━━━━╸──── 510/809 1.9it/s 4:10<2:35[K       4/10      10.6G     0.7274     0.4856    0.06333        300        640: 63% ━━━━━━━╸──── 511/809 2.0it/s 4:10<2:31[K       4/10      10.6G     0.7273     0.4856     0.0633        485        640: 63% ━━━━━━━╸──── 512/809 2.0it/s 4:11<2:29[K       4/10      10.6G     0.7274     0.4856    0.06329        317        640: 63% ━━━━━━━╸──── 513/809 2.1it/s 4:11<2:23[K       4/10      10.6G     0.7272     0.4856    0.06327        554        640: 63% ━━━━━━━╸──── 514/809 2.0it/s 4:12<2:27[K       4/10      10.6G     0.7269     0.4856    0.06326        263        640: 63% ━━━━━━━╸──── 515/809 2.1it/s 4:12<2:19[K       4/10      10.6G     0.7269     0.4857    0.06325        254        640: 63% ━━━━━━━╸──── 516/809 2.2it/s 4:13<2:12[K       4/10      10.6G     0.7266     0.4856    0.06325        243        640: 63% ━━━━━━━╸──── 517/809 2.3it/s 4:13<2:09[K       4/10      10.6G     0.7277     0.4854    0.06348        944        640: 64% ━━━━━━━╸──── 518/809 1.7it/s 4:15<2:51[K       4/10      10.6G     0.7275     0.4854    0.06346        374        640: 64% ━━━━━━━╸──── 519/809 1.9it/s 4:16<2:37[K       4/10      10.6G     0.7275     0.4855    0.06348        473        640: 64% ━━━━━━━╸──── 520/809 1.9it/s 4:16<2:33[K       4/10      10.6G     0.7278     0.4854    0.06349        596        640: 64% ━━━━━━━╸──── 521/809 1.8it/s 4:17<2:40[K       4/10      10.6G     0.7275     0.4854    0.06345        304        640: 64% ━━━━━━━╸──── 522/809 1.9it/s 4:18<2:27[K       4/10      10.6G     0.7273     0.4854    0.06341        238        640: 64% ━━━━━━━╸──── 523/809 2.1it/s 4:18<2:14[K       4/10      10.6G     0.7273     0.4854    0.06344        421        640: 64% ━━━━━━━╸──── 524/809 2.1it/s 4:18<2:13[K       4/10      10.6G     0.7273     0.4855    0.06342        314        640: 64% ━━━━━━━╸──── 525/809 2.2it/s 4:19<2:08[K       4/10      10.6G     0.7271     0.4855    0.06343        497        640: 65% ━━━━━━━╸──── 526/809 2.1it/s 4:19<2:13[K       4/10      10.6G     0.7269     0.4856    0.06341        293        640: 65% ━━━━━━━╸──── 527/809 2.2it/s 4:20<2:10[K       4/10      10.6G     0.7264     0.4856    0.06339        241        640: 65% ━━━━━━━╸──── 528/809 2.3it/s 4:20<2:01[K       4/10      10.6G     0.7264     0.4855    0.06339        412        640: 65% ━━━━━━━╸──── 529/809 2.2it/s 4:21<2:06[K       4/10      10.6G     0.7259     0.4855    0.06341        244        640: 65% ━━━━━━━╸──── 530/809 2.3it/s 4:21<1:60[K       4/10      10.6G     0.7259     0.4855     0.0634        273        640: 65% ━━━━━━━╸──── 531/809 2.4it/s 4:21<1:58[K       4/10      10.6G      0.726     0.4855    0.06339        510        640: 65% ━━━━━━━╸──── 532/809 2.2it/s 4:22<2:07[K       4/10      10.6G     0.7264     0.4855    0.06342        339        640: 65% ━━━━━━━╸──── 533/809 2.2it/s 4:22<2:06[K       4/10      10.6G     0.7264     0.4855    0.06341        316        640: 66% ━━━━━━━╸──── 534/809 2.1it/s 4:23<2:09[K       4/10      10.6G      0.726     0.4856    0.06337        259        640: 66% ━━━━━━━╸──── 535/809 2.2it/s 4:23<2:03[K       4/10      10.6G     0.7265     0.4856     0.0634        255        640: 66% ━━━━━━━╸──── 536/809 2.2it/s 4:24<2:04[K       4/10      10.6G     0.7263     0.4856    0.06338        228        640: 66% ━━━━━━━╸──── 537/809 2.3it/s 4:24<1:59[K       4/10      10.6G     0.7269     0.4855    0.06337        428        640: 66% ━━━━━━━╸──── 538/809 2.2it/s 4:25<2:05[K       4/10      10.6G      0.727     0.4856    0.06337        325        640: 66% ━━━━━━━╸──── 539/809 2.2it/s 4:25<2:01[K       4/10      10.6G      0.727     0.4855    0.06338        493        640: 66% ━━━━━━━━──── 540/809 2.0it/s 4:26<2:13[K       4/10      10.6G     0.7269     0.4855    0.06335        248        640: 66% ━━━━━━━━──── 541/809 2.1it/s 4:26<2:07[K       4/10      10.6G     0.7272     0.4854    0.06336        312        640: 66% ━━━━━━━━──── 542/809 2.1it/s 4:27<2:08[K       4/10      10.6G     0.7279     0.4853    0.06357        648        640: 67% ━━━━━━━━──── 543/809 1.7it/s 4:28<2:33[K       4/10      10.6G     0.7279     0.4853    0.06355        287        640: 67% ━━━━━━━━──── 544/809 1.9it/s 4:28<2:19[K       4/10      10.6G     0.7278     0.4854    0.06352        210        640: 67% ━━━━━━━━──── 545/809 2.1it/s 4:29<2:06[K       4/10      10.6G     0.7279     0.4854    0.06351        303        640: 67% ━━━━━━━━──── 546/809 2.2it/s 4:29<2:02[K       4/10      10.6G     0.7284     0.4853    0.06352        544        640: 67% ━━━━━━━━──── 547/809 2.0it/s 4:30<2:10[K       4/10      10.6G     0.7284     0.4854    0.06359        509        640: 67% ━━━━━━━━──── 548/809 1.9it/s 4:30<2:16[K       4/10      10.6G     0.7278     0.4854    0.06358        224        640: 67% ━━━━━━━━──── 549/809 2.1it/s 4:31<2:04[K       4/10      10.6G     0.7278     0.4855    0.06359        389        640: 67% ━━━━━━━━──── 550/809 2.1it/s 4:31<2:05[K       4/10      10.6G      0.728     0.4854    0.06358        531        640: 68% ━━━━━━━━──── 551/809 1.9it/s 4:32<2:13[K       4/10      10.6G     0.7281     0.4853    0.06358        428        640: 68% ━━━━━━━━──── 552/809 1.9it/s 4:32<2:13[K       4/10      10.6G     0.7281     0.4853    0.06361        451        640: 68% ━━━━━━━━──── 553/809 2.0it/s 4:33<2:09[K       4/10      10.6G     0.7282     0.4854    0.06358        403        640: 68% ━━━━━━━━──── 554/809 2.0it/s 4:33<2:08[K       4/10      10.6G     0.7279     0.4854     0.0636        278        640: 68% ━━━━━━━━──── 555/809 2.1it/s 4:34<1:59[K       4/10      10.6G     0.7281     0.4854    0.06359        280        640: 68% ━━━━━━━━──── 556/809 2.2it/s 4:34<1:56[K       4/10      10.6G     0.7281     0.4854     0.0636        424        640: 68% ━━━━━━━━──── 557/809 2.1it/s 4:35<1:57[K       4/10      10.6G      0.728     0.4854    0.06358        269        640: 68% ━━━━━━━━──── 558/809 2.1it/s 4:35<1:57[K       4/10      10.6G     0.7283     0.4854    0.06363        228        640: 69% ━━━━━━━━──── 559/809 2.3it/s 4:35<1:50[K       4/10      10.6G     0.7283     0.4855    0.06363        263        640: 69% ━━━━━━━━──── 560/809 2.3it/s 4:36<1:48[K       4/10      10.6G     0.7283     0.4854    0.06362        308        640: 69% ━━━━━━━━──── 561/809 2.3it/s 4:36<1:48[K       4/10      10.6G      0.728     0.4854    0.06359        269        640: 69% ━━━━━━━━──── 562/809 2.3it/s 4:37<1:47[K       4/10      10.6G     0.7282     0.4854    0.06365        480        640: 69% ━━━━━━━━──── 563/809 2.2it/s 4:37<1:53[K       4/10      10.6G     0.7282     0.4855    0.06366        243        640: 69% ━━━━━━━━──── 564/809 2.3it/s 4:38<1:49[K       4/10      10.6G      0.728     0.4855    0.06363        175        640: 69% ━━━━━━━━──── 565/809 2.4it/s 4:38<1:44[K       4/10      10.6G     0.7279     0.4855    0.06362        356        640: 69% ━━━━━━━━──── 566/809 2.2it/s 4:39<1:48[K       4/10      10.6G     0.7282     0.4855    0.06363        446        640: 70% ━━━━━━━━──── 567/809 2.2it/s 4:39<1:51[K       4/10      10.6G     0.7282     0.4855    0.06365        319        640: 70% ━━━━━━━━──── 568/809 2.2it/s 4:40<1:49[K       4/10      10.6G     0.7282     0.4856    0.06366        447        640: 70% ━━━━━━━━──── 569/809 2.1it/s 4:40<1:52[K       4/10      10.6G     0.7282     0.4856    0.06364        378        640: 70% ━━━━━━━━──── 570/809 2.1it/s 4:40<1:53[K       4/10      10.6G     0.7281     0.4856    0.06362        287        640: 70% ━━━━━━━━──── 571/809 2.2it/s 4:41<1:49[K       4/10      10.6G     0.7279     0.4856    0.06361        323        640: 70% ━━━━━━━━──── 572/809 2.2it/s 4:41<1:49[K       4/10      10.6G     0.7277     0.4856    0.06357        212        640: 70% ━━━━━━━━──── 573/809 2.3it/s 4:42<1:44[K       4/10      10.6G      0.728     0.4854    0.06362        633        640: 70% ━━━━━━━━╸─── 574/809 1.9it/s 4:43<2:04[K       4/10      10.6G     0.7283     0.4853    0.06363        470        640: 71% ━━━━━━━━╸─── 575/809 1.9it/s 4:43<2:06[K       4/10      10.6G     0.7279     0.4853     0.0636        226        640: 71% ━━━━━━━━╸─── 576/809 2.1it/s 4:44<1:53[K       4/10      10.6G     0.7277     0.4853    0.06358        315        640: 71% ━━━━━━━━╸─── 577/809 2.2it/s 4:44<1:48[K       4/10      10.6G     0.7277     0.4853    0.06356        305        640: 71% ━━━━━━━━╸─── 578/809 2.2it/s 4:45<1:44[K       4/10      10.6G     0.7279     0.4852    0.06361        445        640: 71% ━━━━━━━━╸─── 579/809 2.1it/s 4:45<1:50[K       4/10      10.6G     0.7278     0.4852    0.06362        333        640: 71% ━━━━━━━━╸─── 580/809 2.1it/s 4:46<1:49[K       4/10      10.6G     0.7277     0.4852    0.06361        382        640: 71% ━━━━━━━━╸─── 581/809 2.1it/s 4:46<1:49[K       4/10      10.6G     0.7275     0.4852    0.06359        553        640: 71% ━━━━━━━━╸─── 582/809 2.0it/s 4:47<1:55[K       4/10      10.6G     0.7274     0.4853    0.06356        513        640: 72% ━━━━━━━━╸─── 583/809 1.9it/s 4:47<1:57[K       4/10      10.6G     0.7272     0.4853    0.06352        351        640: 72% ━━━━━━━━╸─── 584/809 2.0it/s 4:48<1:53[K       4/10      10.6G     0.7272     0.4853     0.0635        363        640: 72% ━━━━━━━━╸─── 585/809 2.0it/s 4:48<1:50[K       4/10      10.6G     0.7271     0.4854    0.06352        259        640: 72% ━━━━━━━━╸─── 586/809 2.2it/s 4:49<1:42[K       4/10      10.6G     0.7275     0.4853    0.06357        546        640: 72% ━━━━━━━━╸─── 587/809 2.0it/s 4:49<1:49[K       4/10      10.6G     0.7272     0.4853    0.06353        205        640: 72% ━━━━━━━━╸─── 588/809 2.2it/s 4:50<1:41[K       4/10      10.6G     0.7269     0.4854    0.06349        214        640: 72% ━━━━━━━━╸─── 589/809 2.3it/s 4:50<1:36[K       4/10      10.6G     0.7269     0.4853     0.0635        498        640: 72% ━━━━━━━━╸─── 590/809 2.1it/s 4:50<1:42[K       4/10      10.6G     0.7267     0.4854    0.06349        281        640: 73% ━━━━━━━━╸─── 591/809 2.2it/s 4:51<1:37[K       4/10      10.6G     0.7265     0.4854    0.06345        307        640: 73% ━━━━━━━━╸─── 592/809 2.3it/s 4:51<1:36[K       4/10      10.6G     0.7264     0.4854    0.06344        204        640: 73% ━━━━━━━━╸─── 593/809 2.4it/s 4:52<1:30[K       4/10      10.6G     0.7262     0.4853    0.06343        417        640: 73% ━━━━━━━━╸─── 594/809 2.3it/s 4:52<1:34[K       4/10      10.6G     0.7265     0.4852    0.06351        508        640: 73% ━━━━━━━━╸─── 595/809 2.0it/s 4:53<1:49[K       4/10      10.6G     0.7267     0.4852    0.06356        496        640: 73% ━━━━━━━━╸─── 596/809 2.0it/s 4:53<1:48[K       4/10      10.6G     0.7268     0.4852    0.06355        428        640: 73% ━━━━━━━━╸─── 597/809 2.0it/s 4:54<1:46[K       4/10      10.6G     0.7265     0.4853    0.06354        238        640: 73% ━━━━━━━━╸─── 598/809 2.1it/s 4:54<1:42[K       4/10      10.6G     0.7264     0.4853    0.06354        250        640: 74% ━━━━━━━━╸─── 599/809 2.2it/s 4:55<1:36[K       4/10      10.6G     0.7263     0.4852    0.06351        418        640: 74% ━━━━━━━━╸─── 600/809 2.1it/s 4:55<1:38[K       4/10      10.6G     0.7263     0.4853     0.0635        312        640: 74% ━━━━━━━━╸─── 601/809 2.2it/s 4:56<1:35[K       4/10      10.6G     0.7266     0.4852    0.06354        451        640: 74% ━━━━━━━━╸─── 602/809 2.1it/s 4:56<1:38[K       4/10      10.6G     0.7266     0.4852    0.06352        362        640: 74% ━━━━━━━━╸─── 603/809 2.1it/s 4:57<1:37[K       4/10      10.6G     0.7264     0.4852    0.06351        234        640: 74% ━━━━━━━━╸─── 604/809 2.2it/s 4:57<1:32[K       4/10      10.6G     0.7263     0.4852    0.06352        419        640: 74% ━━━━━━━━╸─── 605/809 2.2it/s 4:58<1:33[K       4/10      10.6G     0.7263     0.4851    0.06355        377        640: 74% ━━━━━━━━╸─── 606/809 2.1it/s 4:58<1:37[K       4/10      10.6G     0.7266     0.4851    0.06358        616        640: 75% ━━━━━━━━━─── 607/809 2.0it/s 4:59<1:42[K       4/10      10.6G     0.7266     0.4852    0.06358        282        640: 75% ━━━━━━━━━─── 608/809 2.1it/s 4:59<1:37[K       4/10      10.6G     0.7264     0.4852    0.06356        238        640: 75% ━━━━━━━━━─── 609/809 2.2it/s 4:60<1:31[K       4/10      10.6G     0.7265     0.4853    0.06355        308        640: 75% ━━━━━━━━━─── 610/809 2.2it/s 4:60<1:30[K       4/10      10.6G     0.7266     0.4852    0.06358        367        640: 75% ━━━━━━━━━─── 611/809 2.2it/s 5:00<1:31[K       4/10      10.6G     0.7266     0.4853    0.06357        375        640: 75% ━━━━━━━━━─── 612/809 2.1it/s 5:01<1:32[K       4/10      10.6G     0.7261     0.4853    0.06353        164        640: 75% ━━━━━━━━━─── 613/809 2.3it/s 5:01<1:24[K       4/10      10.6G     0.7259     0.4854    0.06352        454        640: 75% ━━━━━━━━━─── 614/809 2.2it/s 5:02<1:28[K       4/10      10.6G     0.7262     0.4853    0.06354        470        640: 76% ━━━━━━━━━─── 615/809 2.1it/s 5:02<1:32[K       4/10      10.6G     0.7265     0.4852    0.06355        520        640: 76% ━━━━━━━━━─── 616/809 2.0it/s 5:03<1:37[K       4/10      10.6G     0.7265     0.4852    0.06354        286        640: 76% ━━━━━━━━━─── 617/809 2.1it/s 5:03<1:32[K       4/10      10.6G     0.7265     0.4852    0.06356        417        640: 76% ━━━━━━━━━─── 618/809 2.1it/s 5:04<1:33[K       4/10      10.6G     0.7262     0.4851    0.06357        274        640: 76% ━━━━━━━━━─── 619/809 2.1it/s 5:04<1:29[K       4/10      10.6G     0.7259     0.4851    0.06357        274        640: 76% ━━━━━━━━━─── 620/809 2.2it/s 5:05<1:26[K       4/10      10.6G     0.7258     0.4851    0.06353        220        640: 76% ━━━━━━━━━─── 621/809 2.3it/s 5:05<1:23[K       4/10      10.6G     0.7257     0.4851    0.06351        276        640: 76% ━━━━━━━━━─── 622/809 2.2it/s 5:06<1:25[K       4/10      10.6G     0.7258     0.4851     0.0635        382        640: 77% ━━━━━━━━━─── 623/809 2.2it/s 5:06<1:26[K       4/10      10.6G     0.7258     0.4851     0.0635        494        640: 77% ━━━━━━━━━─── 624/809 2.1it/s 5:07<1:28[K       4/10      10.6G      0.726     0.4851     0.0635        369        640: 77% ━━━━━━━━━─── 625/809 2.1it/s 5:07<1:28[K       4/10      10.6G      0.726     0.4851    0.06349        374        640: 77% ━━━━━━━━━─── 626/809 2.1it/s 5:08<1:28[K       4/10      10.6G     0.7257     0.4851    0.06346        315        640: 77% ━━━━━━━━━─── 627/809 2.1it/s 5:08<1:25[K       4/10      10.6G     0.7259     0.4851    0.06349        593        640: 77% ━━━━━━━━━─── 628/809 2.0it/s 5:09<1:31[K       4/10      10.6G     0.7258     0.4851    0.06349        353        640: 77% ━━━━━━━━━─── 629/809 2.0it/s 5:09<1:29[K       4/10      10.6G     0.7258     0.4851    0.06347        346        640: 77% ━━━━━━━━━─── 630/809 2.0it/s 5:10<1:30[K       4/10      10.6G     0.7258     0.4851    0.06347        364        640: 77% ━━━━━━━━━─── 631/809 2.1it/s 5:10<1:27[K       4/10      10.6G     0.7262      0.485    0.06346        348        640: 78% ━━━━━━━━━─── 632/809 2.0it/s 5:11<1:27[K       4/10      10.6G     0.7265      0.485    0.06347        551        640: 78% ━━━━━━━━━─── 633/809 1.9it/s 5:11<1:34[K       4/10      10.6G     0.7266      0.485    0.06345        302        640: 78% ━━━━━━━━━─── 634/809 2.0it/s 5:12<1:26[K       4/10      10.6G     0.7266      0.485    0.06344        330        640: 78% ━━━━━━━━━─── 635/809 2.0it/s 5:12<1:26[K       4/10      10.6G     0.7264      0.485     0.0634        231        640: 78% ━━━━━━━━━─── 636/809 2.2it/s 5:13<1:20[K       4/10      10.6G     0.7268     0.4849    0.06341        531        640: 78% ━━━━━━━━━─── 637/809 2.0it/s 5:13<1:28[K       4/10      10.6G      0.727     0.4849    0.06341        555        640: 78% ━━━━━━━━━─── 638/809 1.8it/s 5:14<1:34[K       4/10      10.6G     0.7272      0.485    0.06344        409        640: 78% ━━━━━━━━━─── 639/809 1.8it/s 5:15<1:34[K       4/10      10.6G     0.7273     0.4849    0.06343        287        640: 79% ━━━━━━━━━─── 640/809 2.0it/s 5:15<1:26[K       4/10      10.6G     0.7269     0.4849    0.06341        269        640: 79% ━━━━━━━━━╸── 641/809 2.1it/s 5:15<1:20[K       4/10      10.6G     0.7269     0.4849     0.0634        342        640: 79% ━━━━━━━━━╸── 642/809 2.2it/s 5:16<1:18[K       4/10      10.6G     0.7269     0.4849     0.0634        518        640: 79% ━━━━━━━━━╸── 643/809 2.1it/s 5:16<1:20[K       4/10      10.6G     0.7267     0.4849    0.06338        336        640: 79% ━━━━━━━━━╸── 644/809 2.1it/s 5:17<1:18[K       4/10      10.6G     0.7266     0.4849    0.06337        323        640: 79% ━━━━━━━━━╸── 645/809 2.2it/s 5:17<1:15[K       4/10      10.6G     0.7266     0.4849    0.06338        400        640: 79% ━━━━━━━━━╸── 646/809 2.1it/s 5:18<1:18[K       4/10      10.6G     0.7268     0.4848    0.06336        449        640: 79% ━━━━━━━━━╸── 647/809 1.8it/s 5:19<1:29[K       4/10      10.6G     0.7265     0.4848    0.06333        288        640: 80% ━━━━━━━━━╸── 648/809 2.0it/s 5:19<1:22[K       4/10      10.6G     0.7263     0.4849    0.06332        212        640: 80% ━━━━━━━━━╸── 649/809 2.1it/s 5:19<1:15[K       4/10      10.6G     0.7262      0.485    0.06329        212        640: 80% ━━━━━━━━━╸── 650/809 2.2it/s 5:20<1:11[K       4/10      10.6G     0.7262     0.4849    0.06327        413        640: 80% ━━━━━━━━━╸── 651/809 2.2it/s 5:20<1:12[K       4/10      10.6G     0.7263     0.4849    0.06327        401        640: 80% ━━━━━━━━━╸── 652/809 2.2it/s 5:21<1:12[K       4/10      10.6G     0.7261     0.4849    0.06326        275        640: 80% ━━━━━━━━━╸── 653/809 2.3it/s 5:21<1:08[K       4/10      10.6G     0.7263     0.4849    0.06327        655        640: 80% ━━━━━━━━━╸── 654/809 2.1it/s 5:22<1:16[K       4/10      10.6G     0.7262     0.4849    0.06326        379        640: 80% ━━━━━━━━━╸── 655/809 2.0it/s 5:22<1:17[K       4/10      10.6G     0.7262     0.4849    0.06325        295        640: 81% ━━━━━━━━━╸── 656/809 2.1it/s 5:23<1:12[K       4/10      10.6G     0.7265     0.4849    0.06326        464        640: 81% ━━━━━━━━━╸── 657/809 2.0it/s 5:23<1:14[K       4/10      10.6G     0.7267     0.4849    0.06327        261        640: 81% ━━━━━━━━━╸── 658/809 2.2it/s 5:24<1:10[K       4/10      10.6G     0.7266     0.4849    0.06327        240        640: 81% ━━━━━━━━━╸── 659/809 2.2it/s 5:24<1:07[K       4/10      10.6G     0.7268     0.4848    0.06327        358        640: 81% ━━━━━━━━━╸── 660/809 2.2it/s 5:25<1:07[K       4/10      10.6G      0.727     0.4848    0.06333        375        640: 81% ━━━━━━━━━╸── 661/809 2.2it/s 5:25<1:08[K       4/10      10.6G      0.727     0.4848    0.06331        479        640: 81% ━━━━━━━━━╸── 662/809 2.1it/s 5:26<1:10[K       4/10      10.6G     0.7272     0.4848    0.06331        350        640: 81% ━━━━━━━━━╸── 663/809 2.1it/s 5:26<1:09[K       4/10      10.6G     0.7278     0.4846    0.06336        472        640: 82% ━━━━━━━━━╸── 664/809 1.8it/s 5:27<1:20[K       4/10      10.6G     0.7278     0.4847    0.06335        368        640: 82% ━━━━━━━━━╸── 665/809 1.9it/s 5:27<1:15[K       4/10      10.6G     0.7279     0.4847    0.06336        431        640: 82% ━━━━━━━━━╸── 666/809 2.0it/s 5:28<1:13[K       4/10      10.6G     0.7278     0.4848    0.06338        284        640: 82% ━━━━━━━━━╸── 667/809 2.1it/s 5:28<1:07[K       4/10      10.6G     0.7277     0.4849    0.06335        313        640: 82% ━━━━━━━━━╸── 668/809 2.2it/s 5:29<1:05[K       4/10      10.6G     0.7276     0.4849    0.06334        327        640: 82% ━━━━━━━━━╸── 669/809 2.2it/s 5:29<1:04[K       4/10      10.6G     0.7277     0.4849    0.06335        609        640: 82% ━━━━━━━━━╸── 670/809 1.9it/s 5:30<1:11[K       4/10      10.6G     0.7277     0.4849    0.06336        298        640: 82% ━━━━━━━━━╸── 671/809 2.0it/s 5:30<1:09[K       4/10      10.6G     0.7277     0.4849    0.06334        491        640: 83% ━━━━━━━━━╸── 672/809 2.0it/s 5:31<1:09[K       4/10      10.6G     0.7279     0.4849    0.06336        564        640: 83% ━━━━━━━━━╸── 673/809 1.9it/s 5:31<1:11[K       4/10      10.6G     0.7278     0.4849    0.06334        221        640: 83% ━━━━━━━━━╸── 674/809 2.0it/s 5:32<1:08[K       4/10      20.7G     0.7285     0.4847    0.06337       1023        640: 83% ━━━━━━━━━━── 675/809 1.8it/s 5:33<1:13[K       4/10      20.7G     0.7285     0.4847    0.06337        265        640: 83% ━━━━━━━━━━── 676/809 2.0it/s 5:33<1:07[K       4/10      20.7G     0.7287     0.4847    0.06334        302        640: 83% ━━━━━━━━━━── 677/809 2.1it/s 5:33<1:03[K       4/10      20.7G     0.7286     0.4848    0.06334        325        640: 83% ━━━━━━━━━━── 678/809 2.1it/s 5:34<1:03[K       4/10      20.7G      0.729     0.4847     0.0634        569        640: 83% ━━━━━━━━━━── 679/809 1.6it/s 5:36<1:20[K       4/10      20.7G      0.729     0.4847    0.06339        372        640: 84% ━━━━━━━━━━── 680/809 1.7it/s 5:36<1:15[K       4/10      20.7G     0.7289     0.4847    0.06338        351        640: 84% ━━━━━━━━━━── 681/809 1.9it/s 5:37<1:08[K       4/10      20.7G     0.7288     0.4848    0.06336        293        640: 84% ━━━━━━━━━━── 682/809 2.0it/s 5:37<1:04[K       4/10      20.7G     0.7289     0.4848    0.06335        370        640: 84% ━━━━━━━━━━── 683/809 2.0it/s 5:38<1:02[K       4/10      20.7G      0.729     0.4847    0.06335        477        640: 84% ━━━━━━━━━━── 684/809 2.0it/s 5:38<1:03[K       4/10      20.7G      0.729     0.4847    0.06334        377        640: 84% ━━━━━━━━━━── 685/809 2.0it/s 5:39<1:02[K       4/10      20.7G      0.729     0.4848    0.06334        327        640: 84% ━━━━━━━━━━── 686/809 2.0it/s 5:39<1:03[K       4/10      20.7G     0.7292     0.4847    0.06334        424        640: 84% ━━━━━━━━━━── 687/809 1.9it/s 5:40<1:04[K       4/10      20.7G     0.7292     0.4847     0.0633        290        640: 85% ━━━━━━━━━━── 688/809 2.1it/s 5:40<58.9s[K       4/10      20.7G     0.7289     0.4848    0.06329        236        640: 85% ━━━━━━━━━━── 689/809 2.2it/s 5:41<55.7s[K       4/10      20.7G     0.7292     0.4847    0.06333        653        640: 85% ━━━━━━━━━━── 690/809 1.9it/s 5:41<1:02[K       4/10      20.7G     0.7291     0.4847    0.06331        330        640: 85% ━━━━━━━━━━── 691/809 2.0it/s 5:42<59.1s[K       4/10      20.7G     0.7289     0.4846     0.0633        380        640: 85% ━━━━━━━━━━── 692/809 2.0it/s 5:42<57.2s[K       4/10      20.7G     0.7288     0.4847    0.06327        337        640: 85% ━━━━━━━━━━── 693/809 2.1it/s 5:43<55.2s[K       4/10      20.7G     0.7286     0.4847    0.06326        232        640: 85% ━━━━━━━━━━── 694/809 2.2it/s 5:43<53.4s[K       4/10      20.7G     0.7286     0.4847    0.06326        243        640: 85% ━━━━━━━━━━── 695/809 2.2it/s 5:44<50.9s[K       4/10      20.7G     0.7286     0.4847    0.06324        313        640: 86% ━━━━━━━━━━── 696/809 2.2it/s 5:44<50.5s[K       4/10      20.7G     0.7285     0.4847    0.06322        595        640: 86% ━━━━━━━━━━── 697/809 2.0it/s 5:45<55.1s[K       4/10      20.7G     0.7283     0.4847     0.0632        346        640: 86% ━━━━━━━━━━── 698/809 2.1it/s 5:45<53.0s[K       4/10      20.7G     0.7283     0.4846    0.06319        488        640: 86% ━━━━━━━━━━── 699/809 2.1it/s 5:46<53.4s[K       4/10      20.7G     0.7283     0.4847    0.06319        237        640: 86% ━━━━━━━━━━── 700/809 2.2it/s 5:46<49.8s[K       4/10      20.7G     0.7281     0.4847    0.06316        363        640: 86% ━━━━━━━━━━── 701/809 2.2it/s 5:46<49.6s[K       4/10      20.7G      0.728     0.4847    0.06318        375        640: 86% ━━━━━━━━━━── 702/809 2.1it/s 5:47<51.0s[K       4/10      20.7G     0.7281     0.4847    0.06321        346        640: 86% ━━━━━━━━━━── 703/809 2.1it/s 5:47<50.4s[K       4/10      20.7G     0.7279     0.4847    0.06317        307        640: 87% ━━━━━━━━━━── 704/809 2.2it/s 5:48<47.5s[K       4/10      20.7G     0.7278     0.4847    0.06317        422        640: 87% ━━━━━━━━━━── 705/809 2.2it/s 5:48<47.7s[K       4/10      20.7G     0.7278     0.4847     0.0632        331        640: 87% ━━━━━━━━━━── 706/809 2.2it/s 5:49<46.6s[K       4/10      20.7G      0.728     0.4847    0.06319        361        640: 87% ━━━━━━━━━━── 707/809 2.2it/s 5:49<46.9s[K       4/10      20.7G     0.7282     0.4846    0.06328        379        640: 87% ━━━━━━━━━━╸─ 708/809 2.1it/s 5:50<48.0s[K       4/10      20.7G     0.7282     0.4846    0.06326        377        640: 87% ━━━━━━━━━━╸─ 709/809 2.1it/s 5:50<47.6s[K       4/10      20.7G      0.728     0.4846    0.06327        199        640: 87% ━━━━━━━━━━╸─ 710/809 2.1it/s 5:51<46.4s[K       4/10      20.7G     0.7282     0.4845    0.06325        404        640: 87% ━━━━━━━━━━╸─ 711/809 2.1it/s 5:51<46.6s[K       4/10      20.7G     0.7284     0.4844    0.06323        448        640: 88% ━━━━━━━━━━╸─ 712/809 2.0it/s 5:52<47.5s[K       4/10      20.7G     0.7284     0.4844    0.06323        372        640: 88% ━━━━━━━━━━╸─ 713/809 2.1it/s 5:52<46.3s[K       4/10      20.7G     0.7285     0.4844    0.06321        370        640: 88% ━━━━━━━━━━╸─ 714/809 2.1it/s 5:53<45.7s[K       4/10      20.7G     0.7289     0.4844    0.06326        515        640: 88% ━━━━━━━━━━╸─ 715/809 1.8it/s 5:53<51.9s[K       4/10      20.7G     0.7287     0.4844    0.06324        276        640: 88% ━━━━━━━━━━╸─ 716/809 2.0it/s 5:54<46.6s[K       4/10      20.7G     0.7286     0.4844    0.06324        420        640: 88% ━━━━━━━━━━╸─ 717/809 2.0it/s 5:54<45.4s[K       4/10      20.7G     0.7284     0.4844    0.06323        194        640: 88% ━━━━━━━━━━╸─ 718/809 2.2it/s 5:55<42.2s[K       4/10      20.7G     0.7283     0.4845    0.06323        323        640: 88% ━━━━━━━━━━╸─ 719/809 2.2it/s 5:55<41.1s[K       4/10      20.7G     0.7281     0.4845    0.06321        321        640: 88% ━━━━━━━━━━╸─ 720/809 2.2it/s 5:56<40.3s[K       4/10      20.7G     0.7282     0.4845    0.06331        510        640: 89% ━━━━━━━━━━╸─ 721/809 1.8it/s 5:57<49.5s[K       4/10      20.7G     0.7283     0.4845    0.06333        469        640: 89% ━━━━━━━━━━╸─ 722/809 1.7it/s 5:58<50.1s[K       4/10      20.7G     0.7283     0.4845     0.0633        360        640: 89% ━━━━━━━━━━╸─ 723/809 1.9it/s 5:58<46.4s[K       4/10      20.7G     0.7284     0.4846    0.06333        373        640: 89% ━━━━━━━━━━╸─ 724/809 1.9it/s 5:59<43.9s[K       4/10      20.7G     0.7284     0.4846    0.06332        388        640: 89% ━━━━━━━━━━╸─ 725/809 2.0it/s 5:59<41.6s[K       4/10      20.7G     0.7284     0.4846     0.0633        524        640: 89% ━━━━━━━━━━╸─ 726/809 1.9it/s 5:60<43.0s[K       4/10      20.7G     0.7282     0.4847    0.06331        321        640: 89% ━━━━━━━━━━╸─ 727/809 2.1it/s 5:60<39.8s[K       4/10      20.7G     0.7284     0.4846    0.06329        411        640: 89% ━━━━━━━━━━╸─ 728/809 2.1it/s 6:00<39.3s[K       4/10      20.7G     0.7282     0.4846    0.06327        265        640: 90% ━━━━━━━━━━╸─ 729/809 2.2it/s 6:01<37.0s[K       4/10      20.7G     0.7281     0.4846    0.06328        397        640: 90% ━━━━━━━━━━╸─ 730/809 2.1it/s 6:01<37.8s[K       4/10      20.7G     0.7281     0.4847    0.06326        367        640: 90% ━━━━━━━━━━╸─ 731/809 2.1it/s 6:02<37.1s[K       4/10      20.7G     0.7282     0.4846    0.06326        324        640: 90% ━━━━━━━━━━╸─ 732/809 2.1it/s 6:02<36.3s[K       4/10      20.7G     0.7282     0.4846    0.06326        344        640: 90% ━━━━━━━━━━╸─ 733/809 2.1it/s 6:03<35.7s[K       4/10      20.7G     0.7283     0.4846    0.06326        540        640: 90% ━━━━━━━━━━╸─ 734/809 1.9it/s 6:04<39.7s[K       4/10      20.7G     0.7284     0.4846    0.06328        367        640: 90% ━━━━━━━━━━╸─ 735/809 1.9it/s 6:04<39.0s[K       4/10      20.7G     0.7286     0.4845    0.06326        364        640: 90% ━━━━━━━━━━╸─ 736/809 2.0it/s 6:05<37.1s[K       4/10      20.7G     0.7284     0.4845    0.06325        292        640: 91% ━━━━━━━━━━╸─ 737/809 2.1it/s 6:05<34.5s[K       4/10      20.7G     0.7282     0.4845    0.06325        341        640: 91% ━━━━━━━━━━╸─ 738/809 2.1it/s 6:05<33.3s[K       4/10      20.7G     0.7283     0.4845    0.06323        434        640: 91% ━━━━━━━━━━╸─ 739/809 2.1it/s 6:06<33.1s[K       4/10      20.7G     0.7283     0.4845    0.06324        412        640: 91% ━━━━━━━━━━╸─ 740/809 2.1it/s 6:06<33.2s[K       4/10      20.7G     0.7287     0.4844    0.06327        427        640: 91% ━━━━━━━━━━╸─ 741/809 2.0it/s 6:07<33.7s[K       4/10      20.7G     0.7284     0.4845    0.06325        309        640: 91% ━━━━━━━━━━━─ 742/809 2.0it/s 6:07<32.8s[K       4/10      20.7G     0.7282     0.4845    0.06323        328        640: 91% ━━━━━━━━━━━─ 743/809 2.1it/s 6:08<31.7s[K       4/10      20.7G     0.7284     0.4845    0.06321        309        640: 91% ━━━━━━━━━━━─ 744/809 2.1it/s 6:08<30.6s[K       4/10      20.7G     0.7287     0.4844    0.06329        381        640: 92% ━━━━━━━━━━━─ 745/809 1.9it/s 6:09<33.1s[K       4/10      20.7G     0.7285     0.4845    0.06329        293        640: 92% ━━━━━━━━━━━─ 746/809 2.1it/s 6:09<30.6s[K       4/10      20.7G     0.7286     0.4845    0.06331        257        640: 92% ━━━━━━━━━━━─ 747/809 2.1it/s 6:10<28.9s[K       4/10      20.7G     0.7283     0.4845    0.06329        442        640: 92% ━━━━━━━━━━━─ 748/809 2.1it/s 6:10<28.9s[K       4/10      20.7G     0.7283     0.4845    0.06332        262        640: 92% ━━━━━━━━━━━─ 749/809 2.2it/s 6:11<26.9s[K       4/10      20.7G     0.7285     0.4845    0.06333        366        640: 92% ━━━━━━━━━━━─ 750/809 2.2it/s 6:11<27.2s[K       4/10      20.7G     0.7284     0.4845    0.06335        325        640: 92% ━━━━━━━━━━━─ 751/809 2.2it/s 6:12<26.4s[K       4/10      20.7G     0.7286     0.4845    0.06334        313        640: 92% ━━━━━━━━━━━─ 752/809 2.1it/s 6:12<26.8s[K       4/10      20.7G     0.7285     0.4845    0.06335        365        640: 93% ━━━━━━━━━━━─ 753/809 2.2it/s 6:13<26.0s[K       4/10      20.7G     0.7284     0.4846    0.06334        333        640: 93% ━━━━━━━━━━━─ 754/809 2.2it/s 6:13<24.6s[K       4/10      20.7G     0.7281     0.4846    0.06333        414        640: 93% ━━━━━━━━━━━─ 755/809 2.2it/s 6:13<24.1s[K       4/10      20.7G      0.728     0.4846     0.0633        358        640: 93% ━━━━━━━━━━━─ 756/809 2.2it/s 6:14<23.8s[K       4/10      20.7G     0.7281     0.4846     0.0633        314        640: 93% ━━━━━━━━━━━─ 757/809 2.2it/s 6:14<23.9s[K       4/10      20.7G     0.7279     0.4846    0.06328        266        640: 93% ━━━━━━━━━━━─ 758/809 2.2it/s 6:15<23.5s[K       4/10      20.7G     0.7278     0.4846    0.06328        397        640: 93% ━━━━━━━━━━━─ 759/809 2.1it/s 6:15<23.3s[K       4/10      20.7G     0.7276     0.4847    0.06329        401        640: 93% ━━━━━━━━━━━─ 760/809 2.2it/s 6:16<22.4s[K       4/10      20.7G     0.7277     0.4847    0.06329        254        640: 94% ━━━━━━━━━━━─ 761/809 2.2it/s 6:16<21.6s[K       4/10      20.7G     0.7278     0.4847    0.06329        386        640: 94% ━━━━━━━━━━━─ 762/809 2.2it/s 6:17<21.2s[K       4/10      20.7G     0.7278     0.4847    0.06329        544        640: 94% ━━━━━━━━━━━─ 763/809 2.1it/s 6:17<21.7s[K       4/10      20.7G     0.7277     0.4847    0.06329        367        640: 94% ━━━━━━━━━━━─ 764/809 2.2it/s 6:18<20.8s[K       4/10      20.7G     0.7277     0.4848    0.06327        376        640: 94% ━━━━━━━━━━━─ 765/809 2.2it/s 6:18<20.0s[K       4/10      20.7G     0.7276     0.4848    0.06327        312        640: 94% ━━━━━━━━━━━─ 766/809 2.2it/s 6:19<19.9s[K       4/10      20.7G     0.7275     0.4848    0.06324        335        640: 94% ━━━━━━━━━━━─ 767/809 2.2it/s 6:19<19.2s[K       4/10      20.7G     0.7272     0.4848    0.06323        221        640: 94% ━━━━━━━━━━━─ 768/809 2.3it/s 6:19<17.9s[K       4/10      20.7G     0.7271     0.4848    0.06322        466        640: 95% ━━━━━━━━━━━─ 769/809 2.2it/s 6:20<18.3s[K       4/10      20.7G     0.7271     0.4848    0.06324        250        640: 95% ━━━━━━━━━━━─ 770/809 2.2it/s 6:20<17.3s[K       4/10      20.7G     0.7272     0.4848    0.06324        376        640: 95% ━━━━━━━━━━━─ 771/809 2.2it/s 6:21<17.0s[K       4/10      20.7G     0.7272     0.4848    0.06323        327        640: 95% ━━━━━━━━━━━─ 772/809 2.3it/s 6:21<16.4s[K       4/10      20.7G     0.7273     0.4848    0.06323        341        640: 95% ━━━━━━━━━━━─ 773/809 2.2it/s 6:22<16.1s[K       4/10      20.7G     0.7272     0.4849    0.06321        277        640: 95% ━━━━━━━━━━━─ 774/809 2.3it/s 6:22<15.5s[K       4/10      20.7G      0.727     0.4849     0.0632        484        640: 95% ━━━━━━━━━━━─ 775/809 2.2it/s 6:23<15.5s[K       4/10      20.7G     0.7271     0.4849    0.06321        317        640: 95% ━━━━━━━━━━━╸ 776/809 2.2it/s 6:23<14.9s[K       4/10      20.7G     0.7271     0.4849     0.0632        351        640: 96% ━━━━━━━━━━━╸ 777/809 2.2it/s 6:23<14.3s[K       4/10      20.7G     0.7271     0.4849    0.06322        314        640: 96% ━━━━━━━━━━━╸ 778/809 2.2it/s 6:24<13.8s[K       4/10      20.7G     0.7271      0.485     0.0632        282        640: 96% ━━━━━━━━━━━╸ 779/809 2.3it/s 6:24<12.8s[K       4/10      20.7G     0.7273     0.4849     0.0632        335        640: 96% ━━━━━━━━━━━╸ 780/809 2.3it/s 6:25<12.7s[K       4/10      20.7G     0.7275     0.4849    0.06323        524        640: 96% ━━━━━━━━━━━╸ 781/809 2.1it/s 6:25<13.4s[K       4/10      20.7G     0.7274     0.4849    0.06321        404        640: 96% ━━━━━━━━━━━╸ 782/809 2.1it/s 6:26<13.1s[K       4/10      20.7G     0.7274     0.4849    0.06321        303        640: 96% ━━━━━━━━━━━╸ 783/809 2.1it/s 6:26<12.3s[K       4/10      20.7G     0.7277     0.4848    0.06322        284        640: 96% ━━━━━━━━━━━╸ 784/809 2.2it/s 6:27<11.5s[K       4/10      20.7G     0.7276     0.4848    0.06322        436        640: 97% ━━━━━━━━━━━╸ 785/809 2.1it/s 6:27<11.2s[K       4/10      20.7G     0.7276     0.4848     0.0632        195        640: 97% ━━━━━━━━━━━╸ 786/809 2.3it/s 6:28<10.0s[K       4/10      20.7G      0.728     0.4848    0.06329        657        640: 97% ━━━━━━━━━━━╸ 787/809 1.7it/s 6:30<12.8s[K       4/10      20.7G     0.7279     0.4848    0.06327        252        640: 97% ━━━━━━━━━━━╸ 788/809 1.9it/s 6:31<10.9s[K       4/10      20.7G     0.7277     0.4848    0.06326        353        640: 97% ━━━━━━━━━━━╸ 789/809 2.0it/s 6:31<9.8s[K       4/10      20.7G     0.7281     0.4848    0.06328        321        640: 97% ━━━━━━━━━━━╸ 790/809 2.0it/s 6:32<9.4s[K       4/10      20.7G     0.7282     0.4848    0.06327        330        640: 97% ━━━━━━━━━━━╸ 791/809 2.1it/s 6:32<8.5s[K       4/10      20.7G      0.728     0.4848    0.06325        357        640: 97% ━━━━━━━━━━━╸ 792/809 2.1it/s 6:33<8.0s[K       4/10      20.7G     0.7281     0.4848    0.06325        386        640: 98% ━━━━━━━━━━━╸ 793/809 2.1it/s 6:33<7.6s[K       4/10      20.7G     0.7279     0.4849    0.06324        340        640: 98% ━━━━━━━━━━━╸ 794/809 2.2it/s 6:34<6.8s[K       4/10      20.7G     0.7281     0.4848    0.06325        320        640: 98% ━━━━━━━━━━━╸ 795/809 2.2it/s 6:34<6.4s[K       4/10      20.7G      0.728     0.4848    0.06327        428        640: 98% ━━━━━━━━━━━╸ 796/809 2.2it/s 6:35<6.0s[K       4/10      20.7G     0.7283     0.4847    0.06328        439        640: 98% ━━━━━━━━━━━╸ 797/809 2.0it/s 6:35<5.9s[K       4/10      20.7G     0.7285     0.4847    0.06327        329        640: 98% ━━━━━━━━━━━╸ 798/809 2.0it/s 6:36<5.4s[K       4/10      20.7G     0.7288     0.4847     0.0633        526        640: 98% ━━━━━━━━━━━╸ 799/809 1.9it/s 6:36<5.2s[K       4/10      20.7G     0.7288     0.4847    0.06332        296        640: 98% ━━━━━━━━━━━╸ 800/809 2.0it/s 6:37<4.5s[K       4/10      20.7G     0.7288     0.4847    0.06332        552        640: 99% ━━━━━━━━━━━╸ 801/809 2.0it/s 6:37<4.1s[K       4/10      20.7G     0.7288     0.4847    0.06332        347        640: 99% ━━━━━━━━━━━╸ 802/809 2.0it/s 6:38<3.4s[K       4/10      20.7G     0.7288     0.4847    0.06331        359        640: 99% ━━━━━━━━━━━╸ 803/809 2.1it/s 6:38<2.8s[K       4/10      20.7G     0.7288     0.4847    0.06331        298        640: 99% ━━━━━━━━━━━╸ 804/809 2.2it/s 6:38<2.3s[K       4/10      20.7G     0.7288     0.4847     0.0633        330        640: 99% ━━━━━━━━━━━╸ 805/809 2.2it/s 6:39<1.8s[K       4/10      20.7G     0.7286     0.4848    0.06329        248        640: 99% ━━━━━━━━━━━╸ 806/809 2.2it/s 6:39<1.3s[K       4/10      20.7G     0.7288     0.4847    0.06329        408        640: 99% ━━━━━━━━━━━╸ 807/809 2.1it/s 6:40<0.9s[K       4/10      20.7G     0.7292     0.4846     0.0633        257        640: 99% ━━━━━━━━━━━╸ 808/809 2.1it/s 6:40<0.5s[K       4/10      20.7G     0.7292     0.4846     0.0633        257        640: 100% ━━━━━━━━━━━━ 809/809 2.0it/s 6:40
[K                 Class     Images  Instances      Box(P          R      mAP50  mAP50-95): 2% ──────────── 1/35 1.1s/it 0.3s<36.5s[K                 Class     Images  Instances      Box(P          R      mAP50  mAP50-95): 5% ╸─────────── 2/35 2.3it/s 0.5s<14.1s[K                 Class     Images  Instances      Box(P          R      mAP50  mAP50-95): 8% ━─────────── 3/35 2.8it/s 0.8s<11.4s[K                 Class     Images  Instances      Box(P          R      mAP50  mAP50-95): 11% ━─────────── 4/35 3.1it/s 1.0s<10.0s[K                 Class     Images  Instances      Box(P          R      mAP50  mAP50-95): 14% ━╸────────── 5/35 3.2it/s 1.3s<9.5s[K                 Class     Images  Instances      Box(P          R      mAP50  mAP50-95): 17% ━━────────── 6/35 3.2it/s 1.6s<9.0s[K                 Class     Images  Instances      Box(P          R      mAP50  mAP50-95): 20% ━━────────── 7/35 3.3it/s 1.9s<8.6s[K                 Class     Images  Instances      Box(P          R      mAP50  mAP50-95): 22% ━━╸───────── 8/35 3.0it/s 2.4s<9.1s[K                 Class     Images  Instances      Box(P          R      mAP50  mAP50-95): 25% ━━━───────── 9/35 3.3it/s 2.6s<8.0s[K                 Class     Images  Instances      Box(P          R      mAP50  mAP50-95): 28% ━━━───────── 10/35 3.7it/s 2.8s<6.7s[K                 Class     Images  Instances      Box(P          R      mAP50  mAP50-95): 31% ━━━╸──────── 11/35 3.4it/s 3.2s<7.0s[K                 Class     Images  Instances      Box(P          R      mAP50  mAP50-95): 34% ━━━━──────── 12/35 3.4it/s 3.5s<6.8s[K                 Class     Images  Instances      Box(P          R      mAP50  mAP50-95): 37% ━━━━──────── 13/35 3.5it/s 3.7s<6.3s[K                 Class     Images  Instances      Box(P          R      mAP50  mAP50-95): 40% ━━━━╸─────── 14/35 3.4it/s 4.1s<6.2s[K                 Class     Images  Instances      Box(P          R      mAP50  mAP50-95): 42% ━━━━━─────── 15/35 3.5it/s 4.3s<5.8s[K                 Class     Images  Instances      Box(P          R      mAP50  mAP50-95): 45% ━━━━━─────── 16/35 3.4it/s 4.6s<5.6s[K                 Class     Images  Instances      Box(P          R      mAP50  mAP50-95): 48% ━━━━━╸────── 17/35 3.2it/s 5.0s<5.6s[K                 Class     Images  Instances      Box(P          R      mAP50  mAP50-95): 51% ━━━━━━────── 18/35 3.5it/s 5.3s<4.9s[K                 Class     Images  Instances      Box(P          R      mAP50  mAP50-95): 54% ━━━━━━╸───── 19/35 3.6it/s 5.5s<4.4s[K                 Class     Images  Instances      Box(P          R      mAP50  mAP50-95): 57% ━━━━━━╸───── 20/35 3.8it/s 5.7s<3.9s[K                 Class     Images  Instances      Box(P          R      mAP50  mAP50-95): 60% ━━━━━━━───── 21/35 3.7it/s 6.0s<3.8s[K                 Class     Images  Instances      Box(P          R      mAP50  mAP50-95): 62% ━━━━━━━╸──── 22/35 3.2it/s 6.6s<4.1s[K                 Class     Images  Instances      Box(P          R      mAP50  mAP50-95): 65% ━━━━━━━╸──── 23/35 2.5it/s 7.6s<4.8s[K                 Class     Images  Instances      Box(P          R      mAP50  mAP50-95): 68% ━━━━━━━━──── 24/35 1.9it/s 9.6s<5.8s[K                 Class     Images  Instances      Box(P          R      mAP50  mAP50-95): 71% ━━━━━━━━╸─── 25/35 2.2it/s 9.9s<4.5s[K                 Class     Images  Instances      Box(P          R      mAP50  mAP50-95): 74% ━━━━━━━━╸─── 26/35 2.8it/s 10.2s<3.2s[K                 Class     Images  Instances      Box(P          R      mAP50  mAP50-95): 77% ━━━━━━━━━─── 27/35 2.8it/s 10.6s<2.9s[K                 Class     Images  Instances      Box(P          R      mAP50  mAP50-95): 80% ━━━━━━━━━╸── 28/35 2.8it/s 10.9s<2.5s[K                 Class     Images  Instances      Box(P          R      mAP50  mAP50-95): 82% ━━━━━━━━━╸── 29/35 3.1it/s 11.2s<1.9s[K                 Class     Images  Instances      Box(P          R      mAP50  mAP50-95): 85% ━━━━━━━━━━── 30/35 3.4it/s 11.4s<1.5s[K                 Class     Images  Instances      Box(P          R      mAP50  mAP50-95): 88% ━━━━━━━━━━╸─ 31/35 3.3it/s 11.7s<1.2s[K                 Class     Images  Instances      Box(P          R      mAP50  mAP50-95): 91% ━━━━━━━━━━╸─ 32/35 3.2it/s 12.1s<0.9s[K                 Class     Images  Instances      Box(P          R      mAP50  mAP50-95): 94% ━━━━━━━━━━━─ 33/35 3.5it/s 12.3s<0.6s[K                 Class     Images  Instances      Box(P          R      mAP50  mAP50-95): 97% ━━━━━━━━━━━╸ 34/35 3.8it/s 12.5s<0.3s[K                 Class     Images  Instances      Box(P          R      mAP50  mAP50-95): 100% ━━━━━━━━━━━━ 35/35 2.8it/s 12.7s
                   all        548      38759      0.511      0.435      0.414      0.242

      Epoch    GPU_mem  giou_loss   cls_loss    l1_loss  Instances       Size
/root/data/uav/venv/lib/python3.10/site-packages/torch/autograd/graph.py:825: UserWarning: grid_sampler_2d_backward_cuda does not have a deterministic implementation, but you set 'torch.use_deterministic_algorithms(True, warn_only=True)'. You can file an issue at https://github.com/pytorch/pytorch/issues to help us prioritize adding deterministic support for this operation. (Triggered internally at ../aten/src/ATen/Context.cpp:91.)
  return Variable._execution_engine.run_backward(  # Calls into the C++ engine to run the backward pass
[K       5/10      2.67G     0.8124     0.4208    0.05532        416        640: 0% ──────────── 0/809  0.5s[K       5/10      2.67G     0.6922     0.4587    0.05244        321        640: 0% ──────────── 1/809 1.4s/it 0.9s<18:49[K       5/10      3.59G     0.7752     0.4504    0.05934        546        640: 0% ──────────── 2/809 1.1s/it 1.7s<14:38[K       5/10      3.59G     0.8296     0.4529    0.06805        352        640: 0% ──────────── 3/809 1.2it/s 2.2s<11:31[K       5/10      3.59G      0.862     0.4429    0.06685        447        640: 0% ──────────── 4/809 1.4it/s 2.8s<9:41[K       5/10      3.59G     0.8162     0.4535    0.06593        302        640: 0% ──────────── 5/809 1.6it/s 3.2s<8:25[K       5/10      4.93G     0.8583     0.4431    0.07715        631        640: 0% ──────────── 6/809 1.4it/s 4.4s<9:44[K       5/10      4.93G      0.823     0.4515    0.07391        342        640: 0% ──────────── 7/809 1.7it/s 4.8s<8:05[K       5/10      4.93G     0.8049     0.4557    0.07179        349        640: 0% ──────────── 8/809 1.8it/s 5.3s<7:22[K       5/10      4.93G     0.8204     0.4534    0.07177        477        640: 1% ──────────── 9/809 1.8it/s 5.9s<7:30[K       5/10      4.93G     0.7967     0.4621    0.06996        275        640: 1% ──────────── 10/809 2.0it/s 6.3s<6:48[K       5/10      4.93G     0.7815     0.4657    0.06988        289        640: 1% ──────────── 11/809 2.1it/s 6.7s<6:20[K       5/10      4.93G     0.7706      0.467    0.06879        226        640: 1% ──────────── 12/809 2.2it/s 7.1s<6:01[K       5/10      4.93G     0.7716     0.4698    0.06754        247        640: 1% ──────────── 13/809 2.2it/s 7.6s<6:05[K       5/10      4.93G     0.7587     0.4744    0.06818        203        640: 1% ──────────── 14/809 2.4it/s 7.9s<5:36[K       5/10      4.93G     0.7456     0.4773    0.06682        304        640: 1% ──────────── 15/809 2.4it/s 8.4s<5:36[K       5/10      4.93G     0.7592     0.4771    0.06823        296        640: 1% ──────────── 16/809 2.3it/s 8.8s<5:42[K       5/10      4.93G     0.7714     0.4761     0.0691        508        640: 2% ──────────── 17/809 2.1it/s 9.5s<6:19[K       5/10      4.93G     0.7676      0.477    0.06925        355        640: 2% ──────────── 18/809 2.1it/s 9.9s<6:11[K       5/10      4.93G     0.7636       0.48     0.0681        232        640: 2% ──────────── 19/809 2.2it/s 10.3s<5:54[K       5/10      4.93G     0.7646     0.4803     0.0677        446        640: 2% ──────────── 20/809 2.2it/s 10.8s<6:05[K       5/10      4.93G      0.774     0.4794    0.06779        423        640: 2% ──────────── 21/809 2.0it/s 11.4s<6:30[K       5/10      4.93G     0.7692     0.4795    0.06723        261        640: 2% ──────────── 22/809 2.1it/s 11.8s<6:11[K       5/10      4.93G     0.7759     0.4792     0.0674        344        640: 2% ──────────── 23/809 2.1it/s 12.3s<6:17[K       5/10      4.93G     0.7733     0.4813    0.06659        331        640: 2% ──────────── 24/809 2.1it/s 12.8s<6:06[K       5/10      4.93G     0.7792     0.4807    0.06646        488        640: 3% ──────────── 25/809 2.0it/s 13.3s<6:28[K       5/10      4.93G     0.7784      0.482    0.06589        249        640: 3% ──────────── 26/809 2.1it/s 13.8s<6:11[K       5/10      4.93G     0.7777     0.4827    0.06557        282        640: 3% ──────────── 27/809 2.2it/s 14.2s<5:60[K       5/10      4.93G     0.7763     0.4835    0.06547        309        640: 3% ──────────── 28/809 2.2it/s 14.7s<5:58[K       5/10      4.93G     0.7813     0.4841    0.06545        421        640: 3% ──────────── 29/809 2.1it/s 15.2s<6:20[K       5/10      4.93G      0.784     0.4839    0.06644        360        640: 3% ──────────── 30/809 2.0it/s 15.7s<6:22[K       5/10      4.93G     0.7782     0.4855    0.06575        204        640: 3% ──────────── 31/809 2.2it/s 16.1s<5:49[K       5/10      4.93G      0.778     0.4855    0.06526        376        640: 3% ──────────── 32/809 2.2it/s 16.6s<5:50[K       5/10      4.93G     0.7832     0.4841    0.06541        291        640: 4% ──────────── 33/809 2.1it/s 17.1s<6:03[K       5/10      4.93G     0.7827     0.4845    0.06627        397        640: 4% ╸─────────── 34/809 2.1it/s 17.5s<6:05[K       5/10      4.93G     0.7795     0.4844    0.06581        307        640: 4% ╸─────────── 35/809 2.2it/s 18.0s<5:56[K       5/10      4.93G     0.7744     0.4854    0.06547        217        640: 4% ╸─────────── 36/809 2.3it/s 18.4s<5:37[K       5/10      4.93G     0.7716     0.4861     0.0654        314        640: 4% ╸─────────── 37/809 2.2it/s 18.8s<5:45[K       5/10      4.93G     0.7672      0.487    0.06497        329        640: 4% ╸─────────── 38/809 2.3it/s 19.3s<5:38[K       5/10      4.93G     0.7638     0.4884    0.06453        254        640: 4% ╸─────────── 39/809 2.4it/s 19.7s<5:26[K       5/10      4.93G     0.7615     0.4895    0.06455        392        640: 4% ╸─────────── 40/809 2.3it/s 20.1s<5:32[K       5/10      4.93G     0.7556     0.4906    0.06441        197        640: 5% ╸─────────── 41/809 2.4it/s 20.5s<5:19[K       5/10      4.93G     0.7546     0.4908    0.06414        506        640: 5% ╸─────────── 42/809 2.3it/s 21.0s<5:38[K       5/10      4.93G     0.7595     0.4895    0.06565        455        640: 5% ╸─────────── 43/809 2.1it/s 21.6s<6:11[K       5/10      4.93G     0.7608     0.4894    0.06556        289        640: 5% ╸─────────── 44/809 2.2it/s 22.0s<5:52[K       5/10      4.93G     0.7599     0.4886    0.06564        290        640: 5% ╸─────────── 45/809 2.2it/s 22.5s<5:47[K       5/10      4.93G     0.7584     0.4887    0.06542        420        640: 5% ╸─────────── 46/809 2.2it/s 22.9s<5:44[K       5/10      4.93G     0.7579     0.4882    0.06511        335        640: 5% ╸─────────── 47/809 2.2it/s 23.4s<5:42[K       5/10      4.93G     0.7551     0.4883    0.06505        263        640: 5% ╸─────────── 48/809 2.3it/s 23.8s<5:33[K       5/10      4.93G      0.752     0.4887    0.06486        308        640: 6% ╸─────────── 49/809 2.3it/s 24.2s<5:29[K       5/10      4.93G     0.7492     0.4893    0.06478        317        640: 6% ╸─────────── 50/809 2.3it/s 24.6s<5:28[K       5/10      4.93G     0.7471     0.4896    0.06484        298        640: 6% ╸─────────── 51/809 2.3it/s 25.1s<5:31[K       5/10      4.93G     0.7473     0.4888    0.06505        595        640: 6% ╸─────────── 52/809 2.1it/s 25.7s<5:59[K       5/10      4.93G     0.7476     0.4901     0.0655        318        640: 6% ╸─────────── 53/809 2.1it/s 26.2s<6:01[K       5/10      4.93G     0.7534     0.4884    0.06675        776        640: 6% ╸─────────── 54/809 1.7it/s 27.4s<7:21[K       5/10      4.93G     0.7547     0.4876    0.06658        290        640: 6% ╸─────────── 55/809 1.8it/s 27.9s<6:54[K       5/10      4.93G     0.7539     0.4879    0.06639        387        640: 6% ╸─────────── 56/809 1.9it/s 28.3s<6:31[K       5/10      4.93G      0.755     0.4877    0.06656        324        640: 7% ╸─────────── 57/809 2.0it/s 28.8s<6:10[K       5/10      4.93G      0.755     0.4882    0.06681        312        640: 7% ╸─────────── 58/809 2.1it/s 29.2s<5:55[K       5/10      4.93G     0.7549     0.4876    0.06703        525        640: 7% ╸─────────── 59/809 2.0it/s 29.8s<6:14[K       5/10      4.93G     0.7552     0.4871    0.06728        516        640: 7% ╸─────────── 60/809 1.9it/s 30.4s<6:42[K       5/10      4.93G     0.7563     0.4872     0.0672        395        640: 7% ╸─────────── 61/809 1.9it/s 31.0s<6:41[K       5/10      4.93G     0.7535     0.4868    0.06679        268        640: 7% ╸─────────── 62/809 2.0it/s 31.4s<6:12[K       5/10      4.93G     0.7523     0.4863    0.06649        450        640: 7% ╸─────────── 63/809 2.0it/s 31.9s<6:11[K       5/10      4.93G     0.7512     0.4871    0.06657        252        640: 7% ╸─────────── 64/809 2.1it/s 32.3s<5:47[K       5/10      4.93G     0.7507     0.4875    0.06634        377        640: 8% ╸─────────── 65/809 2.2it/s 32.8s<5:45[K       5/10      4.93G     0.7505     0.4883    0.06626        399        640: 8% ╸─────────── 66/809 2.1it/s 33.2s<5:48[K       5/10      4.93G     0.7482      0.489    0.06646        297        640: 8% ╸─────────── 67/809 2.2it/s 33.7s<5:38[K       5/10      4.93G     0.7487     0.4878    0.06653        343        640: 8% ━─────────── 68/809 2.2it/s 34.1s<5:42[K       5/10      4.93G     0.7516     0.4868    0.06751        541        640: 8% ━─────────── 69/809 1.8it/s 35.1s<6:46[K       5/10      4.93G     0.7508      0.487    0.06783        210        640: 8% ━─────────── 70/809 2.0it/s 35.5s<6:08[K       5/10      4.93G     0.7543     0.4858    0.06818        540        640: 8% ━─────────── 71/809 1.8it/s 36.4s<6:56[K       5/10      4.93G     0.7529     0.4865    0.06809        290        640: 8% ━─────────── 72/809 1.9it/s 36.8s<6:18[K       5/10      4.93G     0.7496     0.4877    0.06788        247        640: 9% ━─────────── 73/809 2.2it/s 37.2s<5:40[K       5/10      4.93G     0.7517     0.4869    0.06808        427        640: 9% ━─────────── 74/809 2.0it/s 37.8s<6:14[K       5/10      4.93G     0.7484      0.487    0.06813        281        640: 9% ━─────────── 75/809 2.1it/s 38.2s<5:44[K       5/10      4.93G     0.7491     0.4866    0.06821        560        640: 9% ━─────────── 76/809 1.9it/s 38.9s<6:19[K       5/10      4.93G     0.7488     0.4865    0.06831        349        640: 9% ━─────────── 77/809 1.9it/s 39.5s<6:32[K       5/10      4.93G     0.7499     0.4865    0.06851        350        640: 9% ━─────────── 78/809 1.9it/s 40.0s<6:20[K       5/10      4.93G      0.753     0.4858    0.06841        495        640: 9% ━─────────── 79/809 1.8it/s 40.6s<6:39[K       5/10      4.93G     0.7523      0.486    0.06836        336        640: 9% ━─────────── 80/809 2.0it/s 41.0s<6:13[K       5/10      4.93G     0.7514     0.4859    0.06837        298        640: 10% ━─────────── 81/809 2.1it/s 41.5s<5:49[K       5/10      4.93G     0.7518     0.4861    0.06838        329        640: 10% ━─────────── 82/809 2.1it/s 41.9s<5:45[K       5/10      4.93G      0.752      0.486    0.06831        235        640: 10% ━─────────── 83/809 2.2it/s 42.3s<5:30[K       5/10      10.5G     0.7572     0.4845    0.06867        957        640: 10% ━─────────── 84/809 1.9it/s 43.1s<6:15[K       5/10      10.5G     0.7571     0.4851    0.06861        291        640: 10% ━─────────── 85/809 2.0it/s 43.6s<6:08[K       5/10      10.5G     0.7562     0.4849    0.06845        286        640: 10% ━─────────── 86/809 2.1it/s 44.0s<5:46[K       5/10      10.5G     0.7553     0.4851    0.06833        249        640: 10% ━─────────── 87/809 2.2it/s 44.4s<5:24[K       5/10      10.5G     0.7533      0.486    0.06811        230        640: 10% ━─────────── 88/809 2.3it/s 44.8s<5:08[K       5/10      10.5G     0.7528      0.486    0.06799        389        640: 11% ━─────────── 89/809 2.3it/s 45.2s<5:12[K       5/10      10.5G     0.7526     0.4858    0.06787        346        640: 11% ━─────────── 90/809 2.3it/s 45.7s<5:16[K       5/10      10.5G      0.752     0.4852    0.06762        369        640: 11% ━─────────── 91/809 2.3it/s 46.1s<5:18[K       5/10      10.5G     0.7531     0.4849    0.06761        483        640: 11% ━─────────── 92/809 2.2it/s 46.6s<5:31[K       5/10      10.5G     0.7527     0.4851    0.06747        459        640: 11% ━─────────── 93/809 2.1it/s 47.2s<5:46[K       5/10      10.5G     0.7531     0.4854    0.06755        314        640: 11% ━─────────── 94/809 2.1it/s 47.6s<5:40[K       5/10      10.5G     0.7557     0.4853    0.06764        350        640: 11% ━─────────── 95/809 2.1it/s 48.1s<5:37[K       5/10      10.5G     0.7556     0.4854    0.06753        386        640: 11% ━─────────── 96/809 2.2it/s 48.6s<5:31[K       5/10      10.5G     0.7573     0.4847    0.06753        457        640: 11% ━─────────── 97/809 2.0it/s 49.2s<5:60[K       5/10      10.5G     0.7565      0.485    0.06724        347        640: 12% ━─────────── 98/809 2.1it/s 49.6s<5:42[K       5/10      10.5G     0.7545     0.4851    0.06705        295        640: 12% ━─────────── 99/809 2.2it/s 50.0s<5:26[K       5/10      10.5G     0.7568     0.4842    0.06748        543        640: 12% ━─────────── 100/809 1.6it/s 52.6s<7:12[K       5/10      10.5G     0.7564     0.4841    0.06748        329        640: 12% ━─────────── 101/809 1.7it/s 53.2s<6:51[K       5/10      10.5G     0.7577     0.4837    0.06751        500        640: 12% ━╸────────── 102/809 1.7it/s 53.7s<6:45[K       5/10      10.5G     0.7575     0.4839    0.06758        337        640: 12% ━╸────────── 103/809 1.9it/s 54.2s<6:11[K       5/10      10.5G     0.7574     0.4843    0.06762        335        640: 12% ━╸────────── 104/809 2.0it/s 54.6s<5:52[K       5/10      10.5G     0.7569     0.4842    0.06745        456        640: 12% ━╸────────── 105/809 2.0it/s 55.1s<5:45[K       5/10      10.5G     0.7563     0.4845    0.06729        355        640: 13% ━╸────────── 106/809 2.1it/s 55.5s<5:32[K       5/10      10.5G      0.756     0.4847    0.06742        323        640: 13% ━╸────────── 107/809 2.2it/s 55.9s<5:23[K       5/10      10.5G     0.7564     0.4847    0.06741        426        640: 13% ━╸────────── 108/809 2.1it/s 56.4s<5:28[K       5/10      10.5G     0.7555      0.485     0.0673        228        640: 13% ━╸────────── 109/809 2.2it/s 56.9s<5:20[K       5/10      10.5G     0.7557      0.485    0.06728        525        640: 13% ━╸────────── 110/809 2.1it/s 57.4s<5:29[K       5/10      10.5G     0.7561     0.4843    0.06719        631        640: 13% ━╸────────── 111/809 1.8it/s 58.3s<6:29[K       5/10      10.5G     0.7557     0.4843    0.06714        582        640: 13% ━╸────────── 112/809 1.8it/s 58.9s<6:35[K       5/10      10.5G     0.7541     0.4845    0.06707        238        640: 13% ━╸────────── 113/809 2.0it/s 59.3s<5:50[K       5/10      10.5G     0.7549     0.4843    0.06707        296        640: 14% ━╸────────── 114/809 2.0it/s 59.8s<5:48[K       5/10      10.5G      0.754     0.4849    0.06706        415        640: 14% ━╸────────── 115/809 2.0it/s 1:00<5:39[K       5/10      10.5G     0.7531     0.4851    0.06684        359        640: 14% ━╸────────── 116/809 2.1it/s 1:01<5:29[K       5/10      10.5G     0.7527     0.4849    0.06667        458        640: 14% ━╸────────── 117/809 2.0it/s 1:01<5:42[K       5/10      10.5G     0.7515      0.485    0.06659        188        640: 14% ━╸────────── 118/809 2.2it/s 1:02<5:10[K       5/10      10.5G     0.7504     0.4849    0.06642        354        640: 14% ━╸────────── 119/809 2.3it/s 1:02<5:04[K       5/10      10.5G     0.7498     0.4851    0.06634        473        640: 14% ━╸────────── 120/809 2.2it/s 1:03<5:09[K       5/10      10.5G     0.7501     0.4854    0.06638        329        640: 14% ━╸────────── 121/809 2.2it/s 1:03<5:06[K       5/10      10.5G     0.7488     0.4852    0.06617        273        640: 15% ━╸────────── 122/809 2.3it/s 1:03<5:04[K       5/10      10.5G     0.7485     0.4856    0.06603        265        640: 15% ━╸────────── 123/809 2.3it/s 1:04<4:54[K       5/10      10.5G     0.7478      0.486    0.06601        311        640: 15% ━╸────────── 124/809 2.4it/s 1:04<4:48[K       5/10      10.5G     0.7465     0.4858    0.06582        336        640: 15% ━╸────────── 125/809 2.3it/s 1:05<5:01[K       5/10      10.5G     0.7451     0.4857    0.06576        248        640: 15% ━╸────────── 126/809 2.3it/s 1:05<4:51[K       5/10      10.5G     0.7447     0.4859     0.0657        347        640: 15% ━╸────────── 127/809 2.3it/s 1:06<4:55[K       5/10      10.5G     0.7431      0.486    0.06557        235        640: 15% ━╸────────── 128/809 2.3it/s 1:06<4:52[K       5/10      10.5G      0.744     0.4858    0.06552        380        640: 15% ━╸────────── 129/809 2.2it/s 1:06<5:06[K       5/10      10.5G     0.7431     0.4857    0.06542        258        640: 16% ━╸────────── 130/809 2.3it/s 1:07<5:00[K       5/10      10.5G     0.7455     0.4851     0.0658        746        640: 16% ━╸────────── 131/809 1.9it/s 1:08<5:57[K       5/10      10.5G     0.7468     0.4846    0.06615        538        640: 16% ━╸────────── 132/809 1.7it/s 1:09<6:45[K       5/10      10.5G     0.7465     0.4846    0.06605        326        640: 16% ━╸────────── 133/809 1.7it/s 1:09<6:30[K       5/10      10.5G     0.7469     0.4845    0.06597        348        640: 16% ━╸────────── 134/809 1.9it/s 1:10<6:01[K       5/10      10.5G     0.7459     0.4842    0.06584        281        640: 16% ━━────────── 135/809 2.0it/s 1:10<5:34[K       5/10      10.5G     0.7476     0.4839     0.0659        407        640: 16% ━━────────── 136/809 2.0it/s 1:11<5:37[K       5/10      10.5G     0.7473     0.4836    0.06584        525        640: 16% ━━────────── 137/809 2.0it/s 1:11<5:40[K       5/10      10.5G     0.7462     0.4837    0.06584        293        640: 17% ━━────────── 138/809 2.1it/s 1:12<5:19[K       5/10      10.5G      0.745     0.4839    0.06587        224        640: 17% ━━────────── 139/809 2.3it/s 1:12<4:57[K       5/10      10.5G     0.7446     0.4841    0.06585        323        640: 17% ━━────────── 140/809 2.3it/s 1:12<4:52[K       5/10      10.5G     0.7446     0.4843    0.06589        335        640: 17% ━━────────── 141/809 2.2it/s 1:13<5:04[K       5/10      10.5G     0.7439     0.4842    0.06573        426        640: 17% ━━────────── 142/809 2.2it/s 1:13<5:06[K       5/10      10.5G     0.7426     0.4847    0.06562        305        640: 17% ━━────────── 143/809 2.2it/s 1:14<4:59[K       5/10      10.5G      0.743     0.4847    0.06558        339        640: 17% ━━────────── 144/809 2.3it/s 1:14<4:54[K       5/10      10.5G     0.7431     0.4847    0.06561        438        640: 17% ━━────────── 145/809 2.2it/s 1:15<4:59[K       5/10      10.5G     0.7429     0.4847    0.06552        398        640: 18% ━━────────── 146/809 2.2it/s 1:15<5:04[K       5/10      10.5G     0.7443     0.4844    0.06558        494        640: 18% ━━────────── 147/809 2.1it/s 1:16<5:23[K       5/10      10.5G     0.7453     0.4841    0.06567        462        640: 18% ━━────────── 148/809 2.0it/s 1:16<5:31[K       5/10      10.5G     0.7447     0.4844    0.06567        428        640: 18% ━━────────── 149/809 2.0it/s 1:17<5:33[K       5/10      10.5G     0.7449     0.4842    0.06557        384        640: 18% ━━────────── 150/809 2.0it/s 1:17<5:33[K       5/10      10.5G     0.7434     0.4845    0.06544        263        640: 18% ━━────────── 151/809 2.1it/s 1:18<5:11[K       5/10      10.5G     0.7431     0.4843    0.06534        385        640: 18% ━━────────── 152/809 2.2it/s 1:18<5:05[K       5/10      10.5G     0.7433     0.4843    0.06523        340        640: 18% ━━────────── 153/809 2.2it/s 1:19<5:01[K       5/10      10.5G     0.7428     0.4843    0.06523        342        640: 19% ━━────────── 154/809 2.2it/s 1:19<5:02[K       5/10      10.5G     0.7421     0.4843    0.06514        499        640: 19% ━━────────── 155/809 2.1it/s 1:20<5:11[K       5/10      10.5G     0.7429     0.4843    0.06511        358        640: 19% ━━────────── 156/809 2.1it/s 1:20<5:05[K       5/10      10.5G     0.7421     0.4844    0.06513        257        640: 19% ━━────────── 157/809 2.1it/s 1:21<5:04[K       5/10      10.5G     0.7419     0.4845    0.06515        499        640: 19% ━━────────── 158/809 2.1it/s 1:21<5:17[K       5/10      10.5G     0.7421     0.4842    0.06517        483        640: 19% ━━────────── 159/809 2.0it/s 1:22<5:25[K       5/10      10.5G     0.7428      0.484    0.06518        440        640: 19% ━━────────── 160/809 2.0it/s 1:22<5:23[K       5/10      10.5G     0.7416      0.484    0.06512        242        640: 19% ━━────────── 161/809 2.2it/s 1:22<4:55[K       5/10      10.5G     0.7422     0.4839    0.06511        337        640: 20% ━━────────── 162/809 2.2it/s 1:23<4:57[K       5/10      10.5G      0.741     0.4842    0.06508        192        640: 20% ━━────────── 163/809 2.3it/s 1:23<4:40[K       5/10      10.5G     0.7401     0.4842    0.06502        221        640: 20% ━━────────── 164/809 2.4it/s 1:24<4:30[K       5/10      10.5G     0.7396     0.4844    0.06497        281        640: 20% ━━────────── 165/809 2.3it/s 1:24<4:38[K       5/10      10.5G       0.74     0.4845    0.06511        448        640: 20% ━━────────── 166/809 2.2it/s 1:25<4:52[K       5/10      10.5G     0.7394     0.4846    0.06519        343        640: 20% ━━────────── 167/809 2.2it/s 1:25<4:49[K       5/10      10.5G      0.739     0.4847    0.06508        430        640: 20% ━━────────── 168/809 2.2it/s 1:26<4:56[K       5/10      10.5G     0.7386     0.4849    0.06505        341        640: 20% ━━╸───────── 169/809 2.2it/s 1:26<4:50[K       5/10      10.5G     0.7392     0.4847      0.065        512        640: 21% ━━╸───────── 170/809 2.1it/s 1:27<5:05[K       5/10      10.5G     0.7392     0.4849    0.06503        469        640: 21% ━━╸───────── 171/809 2.1it/s 1:27<5:11[K       5/10      10.5G     0.7392     0.4847    0.06503        277        640: 21% ━━╸───────── 172/809 2.1it/s 1:28<4:57[K       5/10      10.5G     0.7391     0.4851    0.06498        346        640: 21% ━━╸───────── 173/809 2.1it/s 1:28<4:58[K       5/10      10.5G     0.7396      0.485     0.0649        498        640: 21% ━━╸───────── 174/809 2.1it/s 1:29<5:10[K       5/10      10.5G     0.7394     0.4851    0.06486        273        640: 21% ━━╸───────── 175/809 2.2it/s 1:29<4:51[K       5/10      10.5G      0.739     0.4849    0.06478        448        640: 21% ━━╸───────── 176/809 2.1it/s 1:29<4:57[K       5/10      10.5G     0.7384      0.485    0.06473        399        640: 21% ━━╸───────── 177/809 2.1it/s 1:30<4:57[K       5/10      10.5G     0.7375     0.4851    0.06463        265        640: 22% ━━╸───────── 178/809 2.2it/s 1:30<4:47[K       5/10      10.5G     0.7371     0.4853    0.06453        219        640: 22% ━━╸───────── 179/809 2.3it/s 1:31<4:32[K       5/10      10.5G     0.7362     0.4854    0.06452        395        640: 22% ━━╸───────── 180/809 2.3it/s 1:31<4:36[K       5/10      10.5G     0.7376     0.4851    0.06465        348        640: 22% ━━╸───────── 181/809 2.1it/s 1:32<5:05[K       5/10      10.5G     0.7377      0.485    0.06457        425        640: 22% ━━╸───────── 182/809 2.0it/s 1:32<5:14[K       5/10      10.5G     0.7372     0.4851     0.0645        329        640: 22% ━━╸───────── 183/809 2.1it/s 1:33<5:01[K       5/10      10.5G     0.7367     0.4851    0.06452        438        640: 22% ━━╸───────── 184/809 2.1it/s 1:33<4:58[K       5/10      10.5G     0.7363     0.4853    0.06452        396        640: 22% ━━╸───────── 185/809 2.1it/s 1:34<4:60[K       5/10      10.5G     0.7356     0.4855    0.06456        344        640: 22% ━━╸───────── 186/809 2.1it/s 1:34<4:53[K       5/10      10.5G     0.7349     0.4855    0.06446        384        640: 23% ━━╸───────── 187/809 2.1it/s 1:35<4:58[K       5/10      10.5G     0.7353     0.4857     0.0644        209        640: 23% ━━╸───────── 188/809 2.3it/s 1:35<4:34[K       5/10      10.5G     0.7349     0.4857     0.0644        396        640: 23% ━━╸───────── 189/809 2.1it/s 1:36<4:52[K       5/10      10.5G     0.7352     0.4855    0.06442        398        640: 23% ━━╸───────── 190/809 2.1it/s 1:36<4:50[K       5/10      10.5G     0.7348     0.4855     0.0644        419        640: 23% ━━╸───────── 191/809 2.1it/s 1:37<4:52[K       5/10      10.5G     0.7354     0.4854    0.06442        478        640: 23% ━━╸───────── 192/809 2.1it/s 1:37<4:56[K       5/10      10.5G      0.735     0.4856    0.06443        241        640: 23% ━━╸───────── 193/809 2.2it/s 1:37<4:42[K       5/10      10.5G     0.7349     0.4856     0.0644        260        640: 23% ━━╸───────── 194/809 2.3it/s 1:38<4:29[K       5/10      10.5G     0.7347     0.4856    0.06436        276        640: 24% ━━╸───────── 195/809 2.3it/s 1:38<4:24[K       5/10      10.5G     0.7342     0.4857    0.06436        322        640: 24% ━━╸───────── 196/809 2.4it/s 1:39<4:16[K       5/10      10.5G     0.7335     0.4857    0.06434        302        640: 24% ━━╸───────── 197/809 2.3it/s 1:39<4:25[K       5/10      10.5G     0.7328     0.4858    0.06433        347        640: 24% ━━╸───────── 198/809 2.3it/s 1:40<4:21[K       5/10      10.5G     0.7334     0.4854    0.06443        292        640: 24% ━━╸───────── 199/809 2.2it/s 1:40<4:34[K       5/10      10.5G     0.7348     0.4852    0.06447        410        640: 24% ━━╸───────── 200/809 2.2it/s 1:41<4:43[K       5/10      10.5G     0.7343     0.4851    0.06442        274        640: 24% ━━╸───────── 201/809 2.2it/s 1:41<4:34[K       5/10      10.5G     0.7341     0.4853    0.06438        269        640: 24% ━━╸───────── 202/809 2.2it/s 1:41<4:38[K       5/10      10.5G     0.7338     0.4852    0.06429        293        640: 25% ━━━───────── 203/809 2.2it/s 1:42<4:38[K       5/10      10.5G      0.733     0.4855    0.06427        253        640: 25% ━━━───────── 204/809 2.3it/s 1:42<4:25[K       5/10      10.5G      0.734     0.4853    0.06428        430        640: 25% ━━━───────── 205/809 2.1it/s 1:43<4:47[K       5/10      10.5G     0.7355     0.4848    0.06446        653        640: 25% ━━━───────── 206/809 1.8it/s 1:44<5:40[K       5/10      10.5G     0.7355     0.4846    0.06458        421        640: 25% ━━━───────── 207/809 1.8it/s 1:44<5:29[K       5/10      10.5G     0.7351     0.4847     0.0645        286        640: 25% ━━━───────── 208/809 2.0it/s 1:45<4:53[K       5/10      10.5G     0.7362     0.4843    0.06464        406        640: 25% ━━━───────── 209/809 1.9it/s 1:45<5:15[K       5/10      10.5G     0.7356     0.4843    0.06459        356        640: 25% ━━━───────── 210/809 2.0it/s 1:46<4:55[K       5/10      10.5G     0.7357     0.4844    0.06458        441        640: 26% ━━━───────── 211/809 2.0it/s 1:46<4:54[K       5/10      10.5G     0.7355     0.4844     0.0646        459        640: 26% ━━━───────── 212/809 2.0it/s 1:47<4:55[K       5/10      10.5G     0.7356     0.4841    0.06452        228        640: 26% ━━━───────── 213/809 2.0it/s 1:47<4:56[K       5/10      10.5G     0.7354     0.4842    0.06455        367        640: 26% ━━━───────── 214/809 2.1it/s 1:48<4:43[K       5/10      10.5G     0.7371     0.4839    0.06467        620        640: 26% ━━━───────── 215/809 1.9it/s 1:49<5:14[K       5/10      10.5G     0.7378     0.4839    0.06465        467        640: 26% ━━━───────── 216/809 1.9it/s 1:49<5:12[K       5/10      10.5G     0.7376      0.484    0.06461        354        640: 26% ━━━───────── 217/809 2.0it/s 1:50<4:54[K       5/10      10.5G     0.7369     0.4841    0.06454        381        640: 26% ━━━───────── 218/809 2.1it/s 1:50<4:43[K       5/10      10.5G     0.7371      0.484    0.06449        375        640: 27% ━━━───────── 219/809 2.1it/s 1:50<4:43[K       5/10      10.5G     0.7376     0.4838    0.06455        286        640: 27% ━━━───────── 220/809 2.1it/s 1:51<4:38[K       5/10      10.5G     0.7375      0.484    0.06456        386        640: 27% ━━━───────── 221/809 2.1it/s 1:51<4:41[K       5/10      10.5G     0.7378     0.4841    0.06461        305        640: 27% ━━━───────── 222/809 2.2it/s 1:52<4:31[K       5/10      10.5G     0.7381     0.4842    0.06453        288        640: 27% ━━━───────── 223/809 2.2it/s 1:52<4:25[K       5/10      10.5G     0.7381     0.4841    0.06465        491        640: 27% ━━━───────── 224/809 2.1it/s 1:53<4:40[K       5/10      10.5G     0.7383     0.4842    0.06468        489        640: 27% ━━━───────── 225/809 2.1it/s 1:53<4:40[K       5/10      10.5G     0.7382     0.4843    0.06471        325        640: 27% ━━━───────── 226/809 2.2it/s 1:54<4:28[K       5/10      10.5G     0.7378     0.4844    0.06467        275        640: 28% ━━━───────── 227/809 2.3it/s 1:54<4:11[K       5/10      10.5G     0.7378     0.4845    0.06459        319        640: 28% ━━━───────── 228/809 2.3it/s 1:54<4:08[K       5/10      10.5G     0.7376     0.4846    0.06459        264        640: 28% ━━━───────── 229/809 2.3it/s 1:55<4:15[K       5/10      10.5G     0.7385     0.4843    0.06461        494        640: 28% ━━━───────── 230/809 2.1it/s 1:56<4:36[K       5/10      10.5G     0.7386      0.484    0.06461        305        640: 28% ━━━───────── 231/809 2.1it/s 1:56<4:39[K       5/10      10.5G     0.7385     0.4842    0.06455        341        640: 28% ━━━───────── 232/809 2.1it/s 1:56<4:31[K       5/10      10.5G     0.7391      0.484    0.06457        451        640: 28% ━━━───────── 233/809 2.1it/s 1:57<4:38[K       5/10      10.5G      0.739     0.4841    0.06452        315        640: 28% ━━━───────── 234/809 2.1it/s 1:57<4:30[K       5/10      10.5G     0.7401     0.4838    0.06476        645        640: 29% ━━━───────── 235/809 1.8it/s 1:59<5:28[K       5/10      10.5G     0.7396     0.4838    0.06467        252        640: 29% ━━━╸──────── 236/809 1.9it/s 1:59<4:58[K       5/10      10.5G     0.7392     0.4839    0.06465        302        640: 29% ━━━╸──────── 237/809 2.0it/s 1:59<4:49[K       5/10      10.5G     0.7401     0.4837    0.06486        425        640: 29% ━━━╸──────── 238/809 1.9it/s 2:00<5:06[K       5/10      10.5G     0.7398     0.4835    0.06481        330        640: 29% ━━━╸──────── 239/809 2.0it/s 2:01<4:45[K       5/10      10.5G     0.7402     0.4833    0.06482        544        640: 29% ━━━╸──────── 240/809 1.9it/s 2:01<4:57[K       5/10      10.5G     0.7402     0.4833    0.06483        414        640: 29% ━━━╸──────── 241/809 1.9it/s 2:02<4:56[K       5/10      10.5G     0.7405     0.4833    0.06482        476        640: 29% ━━━╸──────── 242/809 1.9it/s 2:02<5:01[K       5/10      10.5G     0.7397     0.4833    0.06475        298        640: 30% ━━━╸──────── 243/809 2.1it/s 2:03<4:32[K       5/10      10.5G     0.7392     0.4836    0.06475        398        640: 30% ━━━╸──────── 244/809 2.1it/s 2:03<4:25[K       5/10      10.5G     0.7397     0.4837    0.06483        409        640: 30% ━━━╸──────── 245/809 2.0it/s 2:04<4:39[K       5/10      10.5G       0.74     0.4837    0.06483        390        640: 30% ━━━╸──────── 246/809 2.0it/s 2:04<4:39[K       5/10      10.5G     0.7399     0.4836    0.06484        448        640: 30% ━━━╸──────── 247/809 2.0it/s 2:05<4:35[K       5/10      10.5G     0.7387     0.4838    0.06486        221        640: 30% ━━━╸──────── 248/809 2.3it/s 2:05<4:06[K       5/10      10.5G     0.7389     0.4837    0.06485        366        640: 30% ━━━╸──────── 249/809 2.1it/s 2:06<4:28[K       5/10      10.5G     0.7382     0.4838    0.06481        301        640: 30% ━━━╸──────── 250/809 2.2it/s 2:06<4:14[K       5/10      10.5G     0.7386     0.4837     0.0648        415        640: 31% ━━━╸──────── 251/809 2.1it/s 2:06<4:20[K       5/10      10.5G     0.7391     0.4836    0.06481        401        640: 31% ━━━╸──────── 252/809 2.0it/s 2:07<4:33[K       5/10      10.5G     0.7384     0.4838    0.06476        275        640: 31% ━━━╸──────── 253/809 2.1it/s 2:07<4:29[K       5/10      10.5G     0.7378      0.484    0.06475        269        640: 31% ━━━╸──────── 254/809 2.2it/s 2:08<4:14[K       5/10      10.5G     0.7377     0.4839    0.06473        359        640: 31% ━━━╸──────── 255/809 2.2it/s 2:08<4:17[K       5/10      10.5G     0.7373     0.4839     0.0647        198        640: 31% ━━━╸──────── 256/809 2.3it/s 2:09<4:04[K       5/10      10.5G     0.7366      0.484    0.06467        315        640: 31% ━━━╸──────── 257/809 2.3it/s 2:09<3:57[K       5/10      10.5G     0.7368      0.484    0.06465        477        640: 31% ━━━╸──────── 258/809 2.2it/s 2:10<4:05[K       5/10      10.5G     0.7371      0.484     0.0647        567        640: 32% ━━━╸──────── 259/809 2.1it/s 2:10<4:20[K       5/10      10.5G     0.7371      0.484    0.06473        272        640: 32% ━━━╸──────── 260/809 2.2it/s 2:11<4:14[K       5/10      10.5G     0.7366     0.4842    0.06469        285        640: 32% ━━━╸──────── 261/809 2.2it/s 2:11<4:13[K       5/10      10.5G     0.7367     0.4842    0.06475        476        640: 32% ━━━╸──────── 262/809 2.1it/s 2:12<4:20[K       5/10      10.5G     0.7375     0.4841    0.06477        441        640: 32% ━━━╸──────── 263/809 2.0it/s 2:12<4:34[K       5/10      10.5G     0.7374     0.4842    0.06493        347        640: 32% ━━━╸──────── 264/809 2.1it/s 2:13<4:26[K       5/10      10.5G     0.7375     0.4841    0.06491        346        640: 32% ━━━╸──────── 265/809 2.1it/s 2:13<4:20[K       5/10      10.5G     0.7374     0.4843    0.06486        280        640: 32% ━━━╸──────── 266/809 2.2it/s 2:14<4:08[K       5/10      10.5G     0.7373     0.4842    0.06481        690        640: 33% ━━━╸──────── 267/809 2.0it/s 2:14<4:30[K       5/10      10.5G     0.7378      0.484    0.06484        398        640: 33% ━━━╸──────── 268/809 2.0it/s 2:15<4:26[K       5/10      10.5G     0.7381     0.4838    0.06482        410        640: 33% ━━━╸──────── 269/809 2.0it/s 2:15<4:27[K       5/10      10.5G      0.738      0.484    0.06476        410        640: 33% ━━━━──────── 270/809 2.0it/s 2:16<4:25[K       5/10      10.5G      0.739     0.4837    0.06491        786        640: 33% ━━━━──────── 271/809 1.6it/s 2:17<5:30[K       5/10      10.5G     0.7389     0.4838    0.06485        290        640: 33% ━━━━──────── 272/809 1.8it/s 2:17<4:53[K       5/10      10.5G     0.7385     0.4837    0.06481        321        640: 33% ━━━━──────── 273/809 1.9it/s 2:18<4:36[K       5/10      10.5G     0.7383     0.4837    0.06476        245        640: 33% ━━━━──────── 274/809 2.1it/s 2:18<4:12[K       5/10      10.5G     0.7385     0.4837    0.06481        262        640: 33% ━━━━──────── 275/809 2.2it/s 2:19<4:04[K       5/10      10.5G     0.7387     0.4837     0.0648        440        640: 34% ━━━━──────── 276/809 2.1it/s 2:19<4:08[K       5/10      10.5G     0.7393     0.4837    0.06489        443        640: 34% ━━━━──────── 277/809 2.0it/s 2:20<4:21[K       5/10      10.5G     0.7388     0.4838    0.06488        304        640: 34% ━━━━──────── 278/809 2.1it/s 2:20<4:10[K       5/10      10.5G     0.7386     0.4839    0.06487        361        640: 34% ━━━━──────── 279/809 2.2it/s 2:21<4:04[K       5/10      10.5G     0.7385     0.4837    0.06487        560        640: 34% ━━━━──────── 280/809 2.1it/s 2:21<4:10[K       5/10      10.5G     0.7384     0.4837    0.06483        194        640: 34% ━━━━──────── 281/809 2.3it/s 2:22<3:52[K       5/10      10.5G     0.7385     0.4838    0.06484        401        640: 34% ━━━━──────── 282/809 2.2it/s 2:22<3:55[K       5/10      10.5G     0.7387     0.4838    0.06486        577        640: 34% ━━━━──────── 283/809 2.1it/s 2:23<4:09[K       5/10      10.5G     0.7383     0.4837     0.0648        394        640: 35% ━━━━──────── 284/809 2.1it/s 2:23<4:11[K       5/10      10.5G     0.7381     0.4838    0.06481        338        640: 35% ━━━━──────── 285/809 2.1it/s 2:24<4:12[K       5/10      10.5G     0.7375     0.4838     0.0648        404        640: 35% ━━━━──────── 286/809 2.1it/s 2:24<4:06[K       5/10      10.5G     0.7371     0.4838    0.06482        389        640: 35% ━━━━──────── 287/809 2.1it/s 2:24<4:08[K       5/10      10.5G     0.7369     0.4839    0.06482        355        640: 35% ━━━━──────── 288/809 2.1it/s 2:25<4:07[K       5/10      10.5G     0.7364     0.4839    0.06474        301        640: 35% ━━━━──────── 289/809 2.2it/s 2:25<3:58[K       5/10      10.5G     0.7364     0.4839     0.0647        376        640: 35% ━━━━──────── 290/809 2.2it/s 2:26<3:56[K       5/10      10.5G     0.7367      0.484    0.06481        346        640: 35% ━━━━──────── 291/809 2.2it/s 2:26<3:53[K       5/10      10.5G     0.7362     0.4838    0.06475        275        640: 36% ━━━━──────── 292/809 2.3it/s 2:27<3:45[K       5/10      10.5G     0.7361     0.4839    0.06475        220        640: 36% ━━━━──────── 293/809 2.3it/s 2:27<3:43[K       5/10      10.5G     0.7369     0.4838    0.06477        408        640: 36% ━━━━──────── 294/809 2.1it/s 2:28<4:04[K       5/10      10.5G     0.7371     0.4838    0.06476        300        640: 36% ━━━━──────── 295/809 2.1it/s 2:28<4:04[K       5/10      10.5G     0.7369     0.4839    0.06476        370        640: 36% ━━━━──────── 296/809 2.1it/s 2:29<4:00[K       5/10      10.5G     0.7367     0.4838    0.06471        541        640: 36% ━━━━──────── 297/809 2.0it/s 2:29<4:11[K       5/10      10.5G     0.7367     0.4839     0.0647        305        640: 36% ━━━━──────── 298/809 2.1it/s 2:30<3:60[K       5/10      10.5G     0.7362     0.4839    0.06465        445        640: 36% ━━━━──────── 299/809 2.1it/s 2:30<3:59[K       5/10      10.5G     0.7364     0.4838    0.06463        581        640: 37% ━━━━──────── 300/809 2.0it/s 2:31<4:14[K       5/10      10.5G     0.7369     0.4837    0.06459        437        640: 37% ━━━━──────── 301/809 1.9it/s 2:31<4:22[K       5/10      10.5G     0.7366     0.4837    0.06457        373        640: 37% ━━━━──────── 302/809 2.0it/s 2:32<4:08[K       5/10      10.5G     0.7365     0.4839    0.06455        202        640: 37% ━━━━──────── 303/809 2.2it/s 2:32<3:48[K       5/10      10.5G     0.7364     0.4839    0.06458        433        640: 37% ━━━━╸─────── 304/809 2.2it/s 2:32<3:51[K       5/10      10.5G     0.7359     0.4838    0.06452        336        640: 37% ━━━━╸─────── 305/809 2.2it/s 2:33<3:51[K       5/10      10.5G     0.7366     0.4837    0.06459        488        640: 37% ━━━━╸─────── 306/809 2.1it/s 2:34<4:03[K       5/10      10.5G     0.7364     0.4837    0.06456        362        640: 37% ━━━━╸─────── 307/809 2.1it/s 2:34<3:59[K       5/10      10.5G     0.7359     0.4839     0.0646        154        640: 38% ━━━━╸─────── 308/809 2.2it/s 2:34<3:45[K       5/10      10.5G     0.7355      0.484    0.06464        205        640: 38% ━━━━╸─────── 309/809 2.3it/s 2:35<3:39[K       5/10      10.5G     0.7354     0.4841    0.06459        510        640: 38% ━━━━╸─────── 310/809 2.2it/s 2:35<3:47[K       5/10      10.5G     0.7354     0.4842    0.06453        283        640: 38% ━━━━╸─────── 311/809 2.2it/s 2:36<3:45[K       5/10      10.5G     0.7358     0.4842    0.06452        421        640: 38% ━━━━╸─────── 312/809 2.2it/s 2:36<3:51[K       5/10      10.5G     0.7355     0.4842    0.06451        199        640: 38% ━━━━╸─────── 313/809 2.2it/s 2:37<3:42[K       5/10      10.5G     0.7358     0.4843    0.06461        491        640: 38% ━━━━╸─────── 314/809 2.1it/s 2:37<3:55[K       5/10      10.5G     0.7361     0.4843    0.06465        480        640: 38% ━━━━╸─────── 315/809 2.0it/s 2:38<4:01[K       5/10      10.5G     0.7364     0.4841    0.06476        435        640: 39% ━━━━╸─────── 316/809 1.8it/s 2:39<4:33[K       5/10      10.5G      0.736     0.4841    0.06469        363        640: 39% ━━━━╸─────── 317/809 1.8it/s 2:39<4:29[K       5/10      10.5G     0.7361     0.4841    0.06464        358        640: 39% ━━━━╸─────── 318/809 1.9it/s 2:40<4:22[K       5/10      10.5G     0.7368     0.4839    0.06466        544        640: 39% ━━━━╸─────── 319/809 1.7it/s 2:40<4:43[K       5/10      10.5G     0.7365      0.484    0.06465        341        640: 39% ━━━━╸─────── 320/809 1.9it/s 2:41<4:19[K       5/10      10.5G     0.7373     0.4838    0.06469        455        640: 39% ━━━━╸─────── 321/809 1.7it/s 2:42<4:51[K       5/10      10.5G     0.7364     0.4838    0.06466        238        640: 39% ━━━━╸─────── 322/809 1.9it/s 2:42<4:16[K       5/10      10.5G     0.7363     0.4838    0.06463        312        640: 39% ━━━━╸─────── 323/809 2.0it/s 2:42<4:01[K       5/10      10.5G     0.7362     0.4838    0.06463        292        640: 40% ━━━━╸─────── 324/809 2.1it/s 2:43<3:50[K       5/10      10.5G     0.7364     0.4838    0.06462        369        640: 40% ━━━━╸─────── 325/809 2.1it/s 2:43<3:56[K       5/10      10.5G     0.7361     0.4839    0.06456        257        640: 40% ━━━━╸─────── 326/809 2.2it/s 2:44<3:44[K       5/10      10.5G     0.7361     0.4838    0.06453        312        640: 40% ━━━━╸─────── 327/809 2.2it/s 2:44<3:40[K       5/10      10.5G     0.7359     0.4839    0.06449        470        640: 40% ━━━━╸─────── 328/809 2.1it/s 2:45<3:46[K       5/10      10.5G     0.7355     0.4839    0.06446        239        640: 40% ━━━━╸─────── 329/809 2.2it/s 2:45<3:39[K       5/10      10.5G     0.7358     0.4838    0.06444        499        640: 40% ━━━━╸─────── 330/809 2.1it/s 2:46<3:50[K       5/10      10.5G     0.7363     0.4837    0.06444        351        640: 40% ━━━━╸─────── 331/809 2.0it/s 2:46<3:58[K       5/10      10.5G     0.7362     0.4838    0.06441        241        640: 41% ━━━━╸─────── 332/809 2.1it/s 2:47<3:42[K       5/10      10.5G     0.7359     0.4841    0.06446        256        640: 41% ━━━━╸─────── 333/809 2.1it/s 2:47<3:43[K       5/10      10.5G     0.7364     0.4842    0.06449        212        640: 41% ━━━━╸─────── 334/809 2.2it/s 2:48<3:34[K       5/10      10.5G     0.7364     0.4842    0.06447        412        640: 41% ━━━━╸─────── 335/809 2.2it/s 2:48<3:37[K       5/10      10.5G     0.7358     0.4842    0.06445        263        640: 41% ━━━━╸─────── 336/809 2.3it/s 2:48<3:28[K       5/10      10.5G      0.736     0.4842    0.06444        478        640: 41% ━━━━╸─────── 337/809 2.2it/s 2:49<3:34[K       5/10      10.5G     0.7355     0.4843    0.06443        333        640: 41% ━━━━━─────── 338/809 2.2it/s 2:49<3:30[K       5/10      10.5G     0.7352     0.4844    0.06439        280        640: 41% ━━━━━─────── 339/809 2.3it/s 2:50<3:26[K       5/10      10.5G     0.7355     0.4843    0.06443        433        640: 42% ━━━━━─────── 340/809 2.1it/s 2:50<3:38[K       5/10      10.5G     0.7355     0.4843    0.06442        314        640: 42% ━━━━━─────── 341/809 2.1it/s 2:51<3:40[K       5/10      10.5G     0.7352     0.4842     0.0644        310        640: 42% ━━━━━─────── 342/809 2.2it/s 2:51<3:32[K       5/10      10.5G     0.7354     0.4842    0.06437        513        640: 42% ━━━━━─────── 343/809 2.1it/s 2:52<3:40[K       5/10      10.5G     0.7358     0.4841    0.06442        506        640: 42% ━━━━━─────── 344/809 2.0it/s 2:52<3:53[K       5/10      10.5G     0.7355     0.4842    0.06436        316        640: 42% ━━━━━─────── 345/809 2.1it/s 2:53<3:41[K       5/10      10.5G     0.7351     0.4841    0.06433        257        640: 42% ━━━━━─────── 346/809 2.2it/s 2:53<3:28[K       5/10      10.5G     0.7347     0.4843    0.06428        368        640: 42% ━━━━━─────── 347/809 2.2it/s 2:54<3:28[K       5/10      10.5G     0.7346     0.4842    0.06423        426        640: 43% ━━━━━─────── 348/809 2.1it/s 2:54<3:35[K       5/10      10.5G     0.7341     0.4844    0.06422        392        640: 43% ━━━━━─────── 349/809 2.1it/s 2:55<3:39[K       5/10      10.5G     0.7344     0.4844    0.06424        429        640: 43% ━━━━━─────── 350/809 2.0it/s 2:55<3:49[K       5/10      10.5G     0.7343     0.4843    0.06421        299        640: 43% ━━━━━─────── 351/809 2.0it/s 2:56<3:44[K       5/10      10.5G     0.7345     0.4843    0.06418        382        640: 43% ━━━━━─────── 352/809 2.1it/s 2:56<3:43[K       5/10      10.5G     0.7344     0.4843    0.06412        290        640: 43% ━━━━━─────── 353/809 2.1it/s 2:57<3:35[K       5/10      10.5G     0.7339     0.4844    0.06412        268        640: 43% ━━━━━─────── 354/809 2.3it/s 2:57<3:21[K       5/10      10.5G     0.7342     0.4845    0.06418        371        640: 43% ━━━━━─────── 355/809 2.2it/s 2:57<3:28[K       5/10      10.5G     0.7345     0.4844    0.06416        338        640: 44% ━━━━━─────── 356/809 2.2it/s 2:58<3:24[K       5/10      10.5G     0.7343     0.4844    0.06413        352        640: 44% ━━━━━─────── 357/809 2.2it/s 2:58<3:28[K       5/10      10.5G     0.7338     0.4845    0.06406        312        640: 44% ━━━━━─────── 358/809 2.2it/s 2:59<3:23[K       5/10      10.5G     0.7339     0.4845    0.06405        395        640: 44% ━━━━━─────── 359/809 2.2it/s 2:59<3:23[K       5/10      10.5G     0.7341     0.4845    0.06408        522        640: 44% ━━━━━─────── 360/809 2.1it/s 2:60<3:35[K       5/10      10.5G     0.7336     0.4846    0.06405        249        640: 44% ━━━━━─────── 361/809 2.2it/s 3:00<3:20[K       5/10      10.5G     0.7339     0.4846    0.06407        298        640: 44% ━━━━━─────── 362/809 2.2it/s 3:01<3:20[K       5/10      10.5G     0.7337     0.4847    0.06402        374        640: 44% ━━━━━─────── 363/809 2.3it/s 3:01<3:17[K       5/10      10.5G     0.7332     0.4847    0.06399        255        640: 44% ━━━━━─────── 364/809 2.3it/s 3:01<3:11[K       5/10      10.5G     0.7339     0.4845    0.06413        665        640: 45% ━━━━━─────── 365/809 2.0it/s 3:02<3:44[K       5/10      10.5G     0.7336     0.4845    0.06412        307        640: 45% ━━━━━─────── 366/809 2.1it/s 3:03<3:35[K       5/10      10.5G     0.7337     0.4844    0.06409        489        640: 45% ━━━━━─────── 367/809 2.0it/s 3:03<3:39[K       5/10      10.5G     0.7336     0.4844    0.06409        299        640: 45% ━━━━━─────── 368/809 2.0it/s 3:04<3:36[K       5/10      10.5G     0.7332     0.4845    0.06403        193        640: 45% ━━━━━─────── 369/809 2.2it/s 3:04<3:17[K       5/10      10.5G     0.7328     0.4844    0.06415        218        640: 45% ━━━━━─────── 370/809 2.3it/s 3:05<3:11[K       5/10      10.5G     0.7325     0.4844    0.06411        464        640: 45% ━━━━━╸────── 371/809 2.2it/s 3:05<3:16[K       5/10      10.5G     0.7325     0.4844    0.06413        499        640: 45% ━━━━━╸────── 372/809 2.2it/s 3:05<3:21[K       5/10      10.5G     0.7325     0.4845    0.06415        279        640: 46% ━━━━━╸────── 373/809 2.2it/s 3:06<3:22[K       5/10      10.5G      0.732     0.4846     0.0641        292        640: 46% ━━━━━╸────── 374/809 2.2it/s 3:06<3:16[K       5/10      10.5G     0.7316     0.4845    0.06407        232        640: 46% ━━━━━╸────── 375/809 2.3it/s 3:07<3:10[K       5/10      10.5G     0.7316     0.4846    0.06403        336        640: 46% ━━━━━╸────── 376/809 2.3it/s 3:07<3:09[K       5/10      10.5G     0.7315     0.4846    0.06402        320        640: 46% ━━━━━╸────── 377/809 2.3it/s 3:08<3:10[K       5/10      10.5G     0.7318     0.4846      0.064        377        640: 46% ━━━━━╸────── 378/809 2.2it/s 3:08<3:18[K       5/10      10.5G     0.7318     0.4846    0.06399        437        640: 46% ━━━━━╸────── 379/809 2.2it/s 3:09<3:20[K       5/10      10.5G     0.7319     0.4847    0.06407        366        640: 46% ━━━━━╸────── 380/809 2.2it/s 3:09<3:19[K       5/10      10.5G      0.732     0.4847    0.06405        408        640: 47% ━━━━━╸────── 381/809 2.1it/s 3:10<3:24[K       5/10      10.5G     0.7321     0.4846    0.06404        318        640: 47% ━━━━━╸────── 382/809 2.1it/s 3:10<3:19[K       5/10      10.5G      0.732     0.4847    0.06406        349        640: 47% ━━━━━╸────── 383/809 2.1it/s 3:11<3:21[K       5/10      10.5G      0.732     0.4848    0.06407        407        640: 47% ━━━━━╸────── 384/809 2.1it/s 3:11<3:22[K       5/10      10.5G     0.7313     0.4849    0.06403        294        640: 47% ━━━━━╸────── 385/809 2.2it/s 3:11<3:16[K       5/10      10.5G     0.7309      0.485    0.06402        244        640: 47% ━━━━━╸────── 386/809 2.3it/s 3:12<3:07[K       5/10      10.5G     0.7313      0.485    0.06409        505        640: 47% ━━━━━╸────── 387/809 2.1it/s 3:12<3:20[K       5/10      10.5G     0.7311      0.485    0.06408        271        640: 47% ━━━━━╸────── 388/809 2.2it/s 3:13<3:13[K       5/10      10.5G     0.7311      0.485     0.0641        303        640: 48% ━━━━━╸────── 389/809 2.2it/s 3:13<3:14[K       5/10      10.5G     0.7308      0.485    0.06412        314        640: 48% ━━━━━╸────── 390/809 2.2it/s 3:14<3:09[K       5/10      10.5G     0.7304      0.485    0.06407        313        640: 48% ━━━━━╸────── 391/809 2.3it/s 3:14<3:06[K       5/10      10.5G     0.7305      0.485    0.06408        503        640: 48% ━━━━━╸────── 392/809 2.2it/s 3:15<3:12[K       5/10      10.5G     0.7306     0.4849    0.06405        386        640: 48% ━━━━━╸────── 393/809 2.2it/s 3:15<3:09[K       5/10      10.5G       0.73      0.485    0.06403        191        640: 48% ━━━━━╸────── 394/809 2.3it/s 3:16<3:01[K       5/10      10.5G     0.7296     0.4852    0.06401        359        640: 48% ━━━━━╸────── 395/809 2.3it/s 3:16<3:03[K       5/10      10.5G     0.7296     0.4852    0.06398        236        640: 48% ━━━━━╸────── 396/809 2.3it/s 3:16<3:00[K       5/10      10.5G     0.7294     0.4852    0.06394        309        640: 49% ━━━━━╸────── 397/809 2.2it/s 3:17<3:04[K       5/10      10.5G     0.7292     0.4855    0.06394        211        640: 49% ━━━━━╸────── 398/809 2.3it/s 3:17<2:58[K       5/10      10.5G     0.7291     0.4854     0.0639        322        640: 49% ━━━━━╸────── 399/809 2.3it/s 3:18<3:00[K       5/10      10.5G     0.7292     0.4853    0.06387        446        640: 49% ━━━━━╸────── 400/809 2.2it/s 3:18<3:07[K       5/10      10.5G     0.7293     0.4852    0.06386        432        640: 49% ━━━━━╸────── 401/809 2.1it/s 3:19<3:14[K       5/10      10.5G     0.7304     0.4849    0.06409        633        640: 49% ━━━━━╸────── 402/809 1.6it/s 3:21<4:11[K       5/10      10.5G     0.7305     0.4849    0.06413        506        640: 49% ━━━━━╸────── 403/809 1.7it/s 3:21<4:02[K       5/10      10.5G     0.7306     0.4848     0.0641        279        640: 49% ━━━━━╸────── 404/809 1.9it/s 3:22<3:36[K       5/10      10.5G     0.7304      0.485     0.0641        390        640: 50% ━━━━━━────── 405/809 1.9it/s 3:22<3:32[K       5/10      10.5G     0.7306     0.4849    0.06406        229        640: 50% ━━━━━━────── 406/809 2.0it/s 3:23<3:18[K       5/10      10.5G     0.7306     0.4849    0.06407        438        640: 50% ━━━━━━────── 407/809 2.0it/s 3:23<3:19[K       5/10      10.5G     0.7307      0.485    0.06413        372        640: 50% ━━━━━━────── 408/809 2.1it/s 3:24<3:13[K       5/10      10.5G     0.7307     0.4851    0.06409        265        640: 50% ━━━━━━────── 409/809 2.2it/s 3:24<3:03[K       5/10      10.5G      0.731      0.485    0.06414        432        640: 50% ━━━━━━────── 410/809 2.1it/s 3:25<3:11[K       5/10      10.5G     0.7309      0.485     0.0641        335        640: 50% ━━━━━━────── 411/809 2.1it/s 3:25<3:09[K       5/10      10.5G     0.7306      0.485    0.06408        303        640: 50% ━━━━━━────── 412/809 2.1it/s 3:26<3:05[K       5/10      10.5G     0.7309      0.485     0.0641        289        640: 51% ━━━━━━────── 413/809 2.1it/s 3:26<3:09[K       5/10      10.5G     0.7312     0.4849    0.06417        479        640: 51% ━━━━━━────── 414/809 2.0it/s 3:27<3:20[K       5/10      10.5G     0.7307     0.4849    0.06415        326        640: 51% ━━━━━━────── 415/809 2.1it/s 3:27<3:10[K       5/10      10.5G     0.7306     0.4849    0.06414        344        640: 51% ━━━━━━────── 416/809 2.1it/s 3:28<3:08[K       5/10      10.5G     0.7303      0.485     0.0641        333        640: 51% ━━━━━━────── 417/809 2.2it/s 3:28<3:01[K       5/10      10.5G       0.73     0.4851     0.0641        237        640: 51% ━━━━━━────── 418/809 2.2it/s 3:28<2:54[K       5/10      10.5G     0.7303     0.4851     0.0641        364        640: 51% ━━━━━━────── 419/809 2.2it/s 3:29<2:55[K       5/10      10.5G     0.7301     0.4852    0.06408        278        640: 51% ━━━━━━────── 420/809 2.3it/s 3:29<2:52[K       5/10      10.5G     0.7299     0.4851    0.06406        290        640: 52% ━━━━━━────── 421/809 2.2it/s 3:30<2:54[K       5/10      10.5G       0.73     0.4851    0.06405        395        640: 52% ━━━━━━────── 422/809 2.2it/s 3:30<2:55[K       5/10      10.5G     0.7303      0.485    0.06405        364        640: 52% ━━━━━━────── 423/809 2.1it/s 3:31<2:60[K       5/10      10.5G     0.7301      0.485    0.06401        468        640: 52% ━━━━━━────── 424/809 2.1it/s 3:31<3:04[K       5/10      10.5G     0.7298      0.485    0.06401        361        640: 52% ━━━━━━────── 425/809 2.1it/s 3:32<3:03[K       5/10      10.5G     0.7297     0.4849    0.06401        338        640: 52% ━━━━━━────── 426/809 2.1it/s 3:32<2:59[K       5/10      10.5G     0.7296     0.4849    0.06398        502        640: 52% ━━━━━━────── 427/809 2.1it/s 3:33<3:01[K       5/10      10.5G     0.7295     0.4849    0.06397        150        640: 52% ━━━━━━────── 428/809 2.3it/s 3:33<2:47[K       5/10      10.5G     0.7295      0.485    0.06402        369        640: 53% ━━━━━━────── 429/809 2.2it/s 3:33<2:54[K       5/10      10.5G     0.7296     0.4849    0.06402        319        640: 53% ━━━━━━────── 430/809 2.2it/s 3:34<2:54[K       5/10      10.5G     0.7294     0.4849      0.064        264        640: 53% ━━━━━━────── 431/809 2.3it/s 3:34<2:47[K       5/10      10.5G     0.7297     0.4848    0.06401        362        640: 53% ━━━━━━────── 432/809 2.2it/s 3:35<2:49[K       5/10      10.5G     0.7298     0.4848    0.06402        608        640: 53% ━━━━━━────── 433/809 1.9it/s 3:36<3:16[K       5/10      10.5G     0.7299     0.4848    0.06408        279        640: 53% ━━━━━━────── 434/809 2.0it/s 3:36<3:12[K       5/10      10.5G     0.7295     0.4847    0.06406        306        640: 53% ━━━━━━────── 435/809 2.1it/s 3:37<3:02[K       5/10      10.5G     0.7301     0.4846     0.0641        435        640: 53% ━━━━━━────── 436/809 2.0it/s 3:37<3:10[K       5/10      10.5G     0.7305     0.4845    0.06409        350        640: 54% ━━━━━━────── 437/809 1.9it/s 3:38<3:11[K       5/10      10.5G     0.7304     0.4846    0.06406        239        640: 54% ━━━━━━────── 438/809 2.1it/s 3:38<2:56[K       5/10      10.5G     0.7305     0.4845    0.06406        459        640: 54% ━━━━━━╸───── 439/809 2.0it/s 3:39<3:04[K       5/10      10.5G     0.7305     0.4846    0.06406        451        640: 54% ━━━━━━╸───── 440/809 2.0it/s 3:39<3:04[K       5/10      10.5G     0.7303     0.4846    0.06402        477        640: 54% ━━━━━━╸───── 441/809 2.0it/s 3:40<3:03[K       5/10      10.5G     0.7302     0.4846      0.064        329        640: 54% ━━━━━━╸───── 442/809 2.1it/s 3:40<2:52[K       5/10      10.5G     0.7308     0.4846    0.06407        706        640: 54% ━━━━━━╸───── 443/809 1.9it/s 3:41<3:17[K       5/10      10.5G     0.7311     0.4845    0.06404        276        640: 54% ━━━━━━╸───── 444/809 2.0it/s 3:41<3:07[K       5/10      10.5G     0.7311     0.4846    0.06403        360        640: 55% ━━━━━━╸───── 445/809 2.0it/s 3:42<3:05[K       5/10      10.5G     0.7312     0.4847    0.06403        228        640: 55% ━━━━━━╸───── 446/809 2.1it/s 3:42<2:53[K       5/10      10.5G     0.7307     0.4847    0.06398        216        640: 55% ━━━━━━╸───── 447/809 2.2it/s 3:43<2:42[K       5/10      10.5G     0.7304     0.4847    0.06397        247        640: 55% ━━━━━━╸───── 448/809 2.3it/s 3:43<2:38[K       5/10      10.5G     0.7305     0.4847    0.06396        316        640: 55% ━━━━━━╸───── 449/809 2.3it/s 3:43<2:38[K       5/10      10.5G     0.7308     0.4846      0.064        504        640: 55% ━━━━━━╸───── 450/809 2.1it/s 3:44<2:50[K       5/10      10.5G     0.7313     0.4845    0.06401        566        640: 55% ━━━━━━╸───── 451/809 2.0it/s 3:45<3:02[K       5/10      10.5G     0.7309     0.4845    0.06403        378        640: 55% ━━━━━━╸───── 452/809 2.0it/s 3:45<2:56[K       5/10      10.5G     0.7306     0.4845    0.06402        269        640: 55% ━━━━━━╸───── 453/809 2.1it/s 3:46<2:51[K       5/10      10.5G     0.7304     0.4844    0.06403        321        640: 56% ━━━━━━╸───── 454/809 2.2it/s 3:46<2:42[K       5/10      10.5G     0.7304     0.4843    0.06399        343        640: 56% ━━━━━━╸───── 455/809 2.2it/s 3:46<2:41[K       5/10      10.5G       0.73     0.4843    0.06395        452        640: 56% ━━━━━━╸───── 456/809 2.2it/s 3:47<2:44[K       5/10      10.5G     0.7299     0.4844    0.06392        245        640: 56% ━━━━━━╸───── 457/809 2.3it/s 3:47<2:36[K       5/10      10.5G     0.7302     0.4843    0.06392        658        640: 56% ━━━━━━╸───── 458/809 2.1it/s 3:48<2:51[K       5/10      10.5G     0.7302     0.4843    0.06391        398        640: 56% ━━━━━━╸───── 459/809 2.1it/s 3:48<2:48[K       5/10      10.5G     0.7296     0.4844    0.06385        213        640: 56% ━━━━━━╸───── 460/809 2.3it/s 3:49<2:35[K       5/10      10.5G     0.7294     0.4844    0.06381        336        640: 56% ━━━━━━╸───── 461/809 2.2it/s 3:49<2:38[K       5/10      10.5G     0.7298     0.4843    0.06384        498        640: 57% ━━━━━━╸───── 462/809 2.0it/s 3:50<2:50[K       5/10      10.5G       0.73     0.4843    0.06387        481        640: 57% ━━━━━━╸───── 463/809 2.0it/s 3:50<2:55[K       5/10      10.5G     0.7299     0.4844    0.06387        200        640: 57% ━━━━━━╸───── 464/809 2.2it/s 3:51<2:39[K       5/10      10.5G     0.7299     0.4844    0.06387        326        640: 57% ━━━━━━╸───── 465/809 2.2it/s 3:51<2:35[K       5/10      10.5G     0.7297     0.4843    0.06385        287        640: 57% ━━━━━━╸───── 466/809 2.3it/s 3:52<2:29[K       5/10      10.5G     0.7295     0.4844    0.06381        273        640: 57% ━━━━━━╸───── 467/809 2.3it/s 3:52<2:26[K       5/10      10.5G     0.7293     0.4845    0.06379        502        640: 57% ━━━━━━╸───── 468/809 2.2it/s 3:53<2:35[K       5/10      10.5G     0.7293     0.4845    0.06377        466        640: 57% ━━━━━━╸───── 469/809 2.1it/s 3:53<2:44[K       5/10      10.5G     0.7298     0.4844     0.0638        419        640: 58% ━━━━━━╸───── 470/809 2.0it/s 3:54<2:51[K       5/10      10.5G     0.7303     0.4843     0.0638        471        640: 58% ━━━━━━╸───── 471/809 1.8it/s 3:55<3:12[K       5/10      10.5G     0.7306     0.4842     0.0638        248        640: 58% ━━━━━━━───── 472/809 1.9it/s 3:55<2:54[K       5/10      10.5G     0.7305     0.4842    0.06379        494        640: 58% ━━━━━━━───── 473/809 2.0it/s 3:55<2:52[K       5/10      10.5G     0.7306     0.4843    0.06382        224        640: 58% ━━━━━━━───── 474/809 2.1it/s 3:56<2:38[K       5/10      10.5G      0.731     0.4842    0.06384        459        640: 58% ━━━━━━━───── 475/809 2.0it/s 3:56<2:45[K       5/10      10.5G     0.7314     0.4841    0.06384        477        640: 58% ━━━━━━━───── 476/809 1.9it/s 3:57<2:52[K       5/10      10.5G     0.7311     0.4841    0.06384        439        640: 58% ━━━━━━━───── 477/809 1.9it/s 3:58<2:56[K       5/10      10.5G     0.7314     0.4841     0.0639        470        640: 59% ━━━━━━━───── 478/809 1.8it/s 3:58<3:02[K       5/10      10.5G     0.7313     0.4841    0.06387        490        640: 59% ━━━━━━━───── 479/809 1.8it/s 3:59<2:59[K       5/10      10.5G     0.7311     0.4841    0.06388        222        640: 59% ━━━━━━━───── 480/809 2.0it/s 3:59<2:43[K       5/10      10.5G     0.7307     0.4842    0.06385        212        640: 59% ━━━━━━━───── 481/809 2.2it/s 3:59<2:30[K       5/10      10.5G      0.731     0.4841    0.06383        393        640: 59% ━━━━━━━───── 482/809 2.1it/s 4:00<2:38[K       5/10      10.5G     0.7311     0.4841    0.06395        465        640: 59% ━━━━━━━───── 483/809 2.0it/s 4:01<2:44[K       5/10      10.5G     0.7314      0.484    0.06393        338        640: 59% ━━━━━━━───── 484/809 2.0it/s 4:01<2:43[K       5/10      10.5G     0.7313      0.484     0.0639        461        640: 59% ━━━━━━━───── 485/809 1.9it/s 4:02<2:50[K       5/10      10.5G     0.7312      0.484    0.06389        421        640: 60% ━━━━━━━───── 486/809 2.0it/s 4:02<2:44[K       5/10      10.5G     0.7316      0.484    0.06388        500        640: 60% ━━━━━━━───── 487/809 1.9it/s 4:03<2:45[K       5/10      10.5G     0.7314      0.484    0.06384        296        640: 60% ━━━━━━━───── 488/809 2.1it/s 4:03<2:34[K       5/10      10.5G      0.731      0.484    0.06384        352        640: 60% ━━━━━━━───── 489/809 2.1it/s 4:04<2:30[K       5/10      10.5G     0.7314     0.4838    0.06383        615        640: 60% ━━━━━━━───── 490/809 2.0it/s 4:04<2:43[K       5/10      10.5G     0.7319     0.4837    0.06393        555        640: 60% ━━━━━━━───── 491/809 1.8it/s 4:05<2:56[K       5/10      10.5G     0.7315     0.4837    0.06389        249        640: 60% ━━━━━━━───── 492/809 2.0it/s 4:05<2:40[K       5/10      10.5G     0.7313     0.4838    0.06386        455        640: 60% ━━━━━━━───── 493/809 1.9it/s 4:06<2:43[K       5/10      10.5G     0.7317     0.4837    0.06385        516        640: 61% ━━━━━━━───── 494/809 1.9it/s 4:06<2:46[K       5/10      10.5G     0.7319     0.4837    0.06384        491        640: 61% ━━━━━━━───── 495/809 1.9it/s 4:07<2:48[K       5/10      10.5G     0.7316     0.4838    0.06383        372        640: 61% ━━━━━━━───── 496/809 2.0it/s 4:07<2:40[K       5/10      10.5G     0.7317     0.4838    0.06385        242        640: 61% ━━━━━━━───── 497/809 2.1it/s 4:08<2:29[K       5/10      10.5G     0.7319     0.4837    0.06383        399        640: 61% ━━━━━━━───── 498/809 2.1it/s 4:08<2:29[K       5/10      10.5G     0.7321     0.4837    0.06384        330        640: 61% ━━━━━━━───── 499/809 2.1it/s 4:09<2:26[K       5/10      10.5G     0.7321     0.4837    0.06381        324        640: 61% ━━━━━━━───── 500/809 2.2it/s 4:09<2:20[K       5/10      10.5G      0.732     0.4837    0.06378        317        640: 61% ━━━━━━━───── 501/809 2.2it/s 4:10<2:22[K       5/10      10.5G     0.7321     0.4837    0.06379        400        640: 62% ━━━━━━━───── 502/809 2.1it/s 4:10<2:24[K       5/10      10.5G      0.732     0.4837    0.06376        320        640: 62% ━━━━━━━───── 503/809 2.2it/s 4:11<2:21[K       5/10      10.5G     0.7321     0.4837    0.06373        437        640: 62% ━━━━━━━───── 504/809 2.1it/s 4:11<2:23[K       5/10      10.5G     0.7321     0.4837    0.06371        397        640: 62% ━━━━━━━───── 505/809 2.1it/s 4:12<2:22[K       5/10      10.5G     0.7325     0.4835    0.06376        662        640: 62% ━━━━━━━╸──── 506/809 1.8it/s 4:12<2:47[K       5/10      10.5G     0.7323     0.4836    0.06374        264        640: 62% ━━━━━━━╸──── 507/809 2.0it/s 4:13<2:32[K       5/10      10.5G     0.7319     0.4836    0.06371        349        640: 62% ━━━━━━━╸──── 508/809 2.1it/s 4:13<2:26[K       5/10      10.5G     0.7318     0.4836    0.06368        353        640: 62% ━━━━━━━╸──── 509/809 2.0it/s 4:14<2:28[K       5/10      10.5G     0.7319     0.4836    0.06371        396        640: 63% ━━━━━━━╸──── 510/809 2.0it/s 4:14<2:28[K       5/10      10.5G     0.7317     0.4836    0.06369        329        640: 63% ━━━━━━━╸──── 511/809 2.1it/s 4:15<2:23[K       5/10      10.5G     0.7317     0.4836    0.06367        340        640: 63% ━━━━━━━╸──── 512/809 2.1it/s 4:15<2:19[K       5/10      10.5G     0.7318     0.4835    0.06365        537        640: 63% ━━━━━━━╸──── 513/809 2.1it/s 4:16<2:23[K       5/10      10.5G     0.7319     0.4835    0.06365        226        640: 63% ━━━━━━━╸──── 514/809 2.2it/s 4:16<2:14[K       5/10      10.5G     0.7321     0.4835    0.06369        429        640: 63% ━━━━━━━╸──── 515/809 2.1it/s 4:17<2:17[K       5/10      10.5G     0.7322     0.4835    0.06372        487        640: 63% ━━━━━━━╸──── 516/809 2.0it/s 4:17<2:28[K       5/10      10.5G      0.732     0.4836    0.06371        246        640: 63% ━━━━━━━╸──── 517/809 2.0it/s 4:18<2:25[K       5/10      10.5G     0.7319     0.4836    0.06369        370        640: 64% ━━━━━━━╸──── 518/809 2.1it/s 4:18<2:18[K       5/10      10.5G     0.7315     0.4837    0.06368        269        640: 64% ━━━━━━━╸──── 519/809 2.2it/s 4:19<2:11[K       5/10      10.5G     0.7316     0.4837    0.06366        276        640: 64% ━━━━━━━╸──── 520/809 2.3it/s 4:19<2:07[K       5/10      10.5G     0.7316     0.4837    0.06365        410        640: 64% ━━━━━━━╸──── 521/809 2.2it/s 4:19<2:10[K       5/10      10.5G     0.7317     0.4837    0.06367        364        640: 64% ━━━━━━━╸──── 522/809 2.2it/s 4:20<2:10[K       5/10      10.5G     0.7315     0.4838    0.06365        402        640: 64% ━━━━━━━╸──── 523/809 2.2it/s 4:20<2:10[K       5/10      10.5G     0.7311     0.4838    0.06364        213        640: 64% ━━━━━━━╸──── 524/809 2.4it/s 4:21<2:01[K       5/10      10.5G     0.7309     0.4838    0.06359        334        640: 64% ━━━━━━━╸──── 525/809 2.3it/s 4:21<2:04[K       5/10      10.5G     0.7309     0.4839    0.06358        441        640: 65% ━━━━━━━╸──── 526/809 2.2it/s 4:22<2:08[K       5/10      10.5G     0.7311     0.4838    0.06361        346        640: 65% ━━━━━━━╸──── 527/809 2.2it/s 4:22<2:07[K       5/10      10.5G      0.731     0.4838    0.06359        437        640: 65% ━━━━━━━╸──── 528/809 2.2it/s 4:23<2:10[K       5/10      10.5G      0.731     0.4839    0.06359        388        640: 65% ━━━━━━━╸──── 529/809 2.1it/s 4:23<2:12[K       5/10      10.5G     0.7311     0.4839     0.0636        263        640: 65% ━━━━━━━╸──── 530/809 2.2it/s 4:24<2:10[K       5/10      10.5G     0.7311     0.4839    0.06357        431        640: 65% ━━━━━━━╸──── 531/809 2.1it/s 4:24<2:12[K       5/10      10.5G     0.7312     0.4839    0.06357        366        640: 65% ━━━━━━━╸──── 532/809 2.1it/s 4:25<2:12[K       5/10      10.5G     0.7316     0.4838    0.06363        549        640: 65% ━━━━━━━╸──── 533/809 1.9it/s 4:25<2:23[K       5/10      10.5G     0.7313     0.4838    0.06361        445        640: 66% ━━━━━━━╸──── 534/809 2.0it/s 4:26<2:19[K       5/10      10.5G     0.7314     0.4838    0.06361        450        640: 66% ━━━━━━━╸──── 535/809 2.0it/s 4:26<2:18[K       5/10      10.5G     0.7318     0.4838    0.06359        393        640: 66% ━━━━━━━╸──── 536/809 2.0it/s 4:27<2:15[K       5/10      10.5G     0.7316     0.4837    0.06361        266        640: 66% ━━━━━━━╸──── 537/809 2.1it/s 4:27<2:08[K       5/10      10.5G     0.7315     0.4837    0.06357        335        640: 66% ━━━━━━━╸──── 538/809 2.1it/s 4:28<2:06[K       5/10      10.5G     0.7316     0.4837    0.06355        425        640: 66% ━━━━━━━╸──── 539/809 2.1it/s 4:28<2:07[K       5/10      10.5G      0.732     0.4836    0.06359        386        640: 66% ━━━━━━━━──── 540/809 2.1it/s 4:29<2:09[K       5/10      10.5G     0.7323     0.4836    0.06359        501        640: 66% ━━━━━━━━──── 541/809 1.9it/s 4:29<2:18[K       5/10      10.5G     0.7326     0.4836    0.06365        550        640: 66% ━━━━━━━━──── 542/809 1.8it/s 4:30<2:26[K       5/10      10.5G     0.7327     0.4835    0.06364        634        640: 67% ━━━━━━━━──── 543/809 1.8it/s 4:30<2:29[K       5/10      10.5G      0.733     0.4834    0.06366        606        640: 67% ━━━━━━━━──── 544/809 1.6it/s 4:31<2:46[K       5/10      10.5G     0.7332     0.4833    0.06364        346        640: 67% ━━━━━━━━──── 545/809 1.7it/s 4:32<2:37[K       5/10      10.5G     0.7334     0.4833    0.06364        455        640: 67% ━━━━━━━━──── 546/809 1.8it/s 4:32<2:30[K       5/10      10.5G     0.7333     0.4833    0.06363        283        640: 67% ━━━━━━━━──── 547/809 1.9it/s 4:33<2:18[K       5/10      10.5G     0.7333     0.4835    0.06368        372        640: 67% ━━━━━━━━──── 548/809 1.9it/s 4:33<2:18[K       5/10      10.5G      0.734     0.4834    0.06378        493        640: 67% ━━━━━━━━──── 549/809 1.6it/s 4:34<2:41[K       5/10      10.5G     0.7338     0.4834    0.06378        463        640: 67% ━━━━━━━━──── 550/809 1.7it/s 4:35<2:31[K       5/10      10.5G     0.7342     0.4833    0.06377        489        640: 68% ━━━━━━━━──── 551/809 1.8it/s 4:35<2:27[K       5/10      10.5G     0.7341     0.4833    0.06376        387        640: 68% ━━━━━━━━──── 552/809 1.7it/s 4:36<2:28[K       5/10      10.5G     0.7341     0.4833    0.06373        476        640: 68% ━━━━━━━━──── 553/809 1.8it/s 4:36<2:21[K       5/10      10.5G     0.7339     0.4833    0.06373        173        640: 68% ━━━━━━━━──── 554/809 2.0it/s 4:37<2:05[K       5/10      10.5G     0.7338     0.4834    0.06371        359        640: 68% ━━━━━━━━──── 555/809 2.1it/s 4:37<2:02[K       5/10      10.5G     0.7339     0.4834    0.06373        402        640: 68% ━━━━━━━━──── 556/809 2.1it/s 4:38<2:02[K       5/10      10.5G     0.7336     0.4834    0.06376        196        640: 68% ━━━━━━━━──── 557/809 2.1it/s 4:38<1:59[K       5/10      10.5G     0.7334     0.4835    0.06373        232        640: 68% ━━━━━━━━──── 558/809 2.3it/s 4:39<1:49[K       5/10      10.5G     0.7338     0.4835    0.06373        438        640: 69% ━━━━━━━━──── 559/809 2.2it/s 4:39<1:53[K       5/10      10.5G     0.7339     0.4835    0.06374        362        640: 69% ━━━━━━━━──── 560/809 2.2it/s 4:40<1:53[K       5/10      10.5G     0.7341     0.4835    0.06376        537        640: 69% ━━━━━━━━──── 561/809 2.1it/s 4:40<2:01[K       5/10      10.5G     0.7337     0.4836    0.06378        259        640: 69% ━━━━━━━━──── 562/809 2.1it/s 4:41<1:56[K       5/10      10.5G     0.7335     0.4836    0.06378        339        640: 69% ━━━━━━━━──── 563/809 2.2it/s 4:41<1:54[K       5/10      10.5G     0.7333     0.4836    0.06378        321        640: 69% ━━━━━━━━──── 564/809 2.2it/s 4:42<1:51[K       5/10      10.5G     0.7333     0.4836    0.06377        310        640: 69% ━━━━━━━━──── 565/809 2.2it/s 4:42<1:53[K       5/10      10.5G     0.7333     0.4835    0.06377        447        640: 69% ━━━━━━━━──── 566/809 2.1it/s 4:42<1:54[K       5/10      10.5G     0.7333     0.4835    0.06374        396        640: 70% ━━━━━━━━──── 567/809 2.1it/s 4:43<1:53[K       5/10      10.5G     0.7332     0.4835    0.06373        294        640: 70% ━━━━━━━━──── 568/809 2.2it/s 4:43<1:50[K       5/10      10.5G     0.7332     0.4835    0.06371        340        640: 70% ━━━━━━━━──── 569/809 2.2it/s 4:44<1:49[K       5/10      10.5G     0.7336     0.4834    0.06373        364        640: 70% ━━━━━━━━──── 570/809 2.2it/s 4:44<1:51[K       5/10      10.5G     0.7335     0.4834    0.06378        246        640: 70% ━━━━━━━━──── 571/809 2.3it/s 4:45<1:45[K       5/10      10.5G     0.7333     0.4834    0.06376        221        640: 70% ━━━━━━━━──── 572/809 2.4it/s 4:45<1:40[K       5/10      10.5G     0.7329     0.4835    0.06371        212        640: 70% ━━━━━━━━──── 573/809 2.4it/s 4:46<1:40[K       5/10      10.5G     0.7333     0.4834    0.06373        347        640: 70% ━━━━━━━━╸─── 574/809 2.3it/s 4:46<1:43[K       5/10      10.5G     0.7335     0.4834    0.06371        250        640: 71% ━━━━━━━━╸─── 575/809 2.3it/s 4:46<1:42[K       5/10      10.5G     0.7336     0.4834    0.06371        392        640: 71% ━━━━━━━━╸─── 576/809 2.2it/s 4:47<1:45[K       5/10      10.5G     0.7342     0.4833    0.06383        507        640: 71% ━━━━━━━━╸─── 577/809 1.9it/s 4:48<1:59[K       5/10      10.5G     0.7342     0.4833     0.0638        362        640: 71% ━━━━━━━━╸─── 578/809 2.0it/s 4:48<1:54[K       5/10      10.5G      0.734     0.4833    0.06378        275        640: 71% ━━━━━━━━╸─── 579/809 2.1it/s 4:49<1:50[K       5/10      10.5G     0.7343     0.4832    0.06382        562        640: 71% ━━━━━━━━╸─── 580/809 1.8it/s 4:49<2:06[K       5/10      10.5G     0.7344     0.4832     0.0638        386        640: 71% ━━━━━━━━╸─── 581/809 1.9it/s 4:50<2:03[K       5/10      10.5G     0.7345     0.4832    0.06382        376        640: 71% ━━━━━━━━╸─── 582/809 2.0it/s 4:50<1:56[K       5/10      10.5G     0.7345     0.4832    0.06381        356        640: 72% ━━━━━━━━╸─── 583/809 2.1it/s 4:51<1:49[K       5/10      10.5G     0.7345     0.4832    0.06385        401        640: 72% ━━━━━━━━╸─── 584/809 2.1it/s 4:51<1:50[K       5/10      10.5G     0.7342     0.4833    0.06385        290        640: 72% ━━━━━━━━╸─── 585/809 2.1it/s 4:52<1:44[K       5/10      10.5G     0.7341     0.4833    0.06384        278        640: 72% ━━━━━━━━╸─── 586/809 2.2it/s 4:52<1:41[K       5/10      10.5G     0.7339     0.4833    0.06382        549        640: 72% ━━━━━━━━╸─── 587/809 2.1it/s 4:53<1:44[K       5/10      10.5G     0.7343     0.4832    0.06384        579        640: 72% ━━━━━━━━╸─── 588/809 1.9it/s 4:53<1:57[K       5/10      10.5G      0.734     0.4833    0.06382        392        640: 72% ━━━━━━━━╸─── 589/809 1.9it/s 4:54<1:56[K       5/10      10.5G     0.7344     0.4833    0.06388        479        640: 72% ━━━━━━━━╸─── 590/809 1.6it/s 4:55<2:16[K       5/10      10.5G     0.7344     0.4832    0.06388        351        640: 73% ━━━━━━━━╸─── 591/809 1.7it/s 4:56<2:08[K       5/10      10.5G     0.7349     0.4831     0.0639        419        640: 73% ━━━━━━━━╸─── 592/809 1.7it/s 4:56<2:09[K       5/10      10.5G     0.7347     0.4831    0.06389        330        640: 73% ━━━━━━━━╸─── 593/809 1.8it/s 4:57<1:58[K       5/10      10.5G     0.7345     0.4831    0.06388        272        640: 73% ━━━━━━━━╸─── 594/809 2.0it/s 4:57<1:47[K       5/10      10.5G     0.7342     0.4832    0.06386        180        640: 73% ━━━━━━━━╸─── 595/809 2.2it/s 4:57<1:36[K       5/10      10.5G     0.7339     0.4832    0.06386        420        640: 73% ━━━━━━━━╸─── 596/809 2.2it/s 4:58<1:36[K       5/10      10.5G     0.7336     0.4834    0.06386        204        640: 73% ━━━━━━━━╸─── 597/809 2.2it/s 4:58<1:35[K       5/10      10.5G     0.7337     0.4833    0.06386        455        640: 73% ━━━━━━━━╸─── 598/809 2.1it/s 4:59<1:39[K       5/10      10.5G     0.7337     0.4833    0.06388        438        640: 74% ━━━━━━━━╸─── 599/809 2.0it/s 4:59<1:43[K       5/10      10.5G     0.7334     0.4834    0.06388        273        640: 74% ━━━━━━━━╸─── 600/809 2.1it/s 4:60<1:39[K       5/10      10.5G     0.7333     0.4834    0.06387        382        640: 74% ━━━━━━━━╸─── 601/809 2.1it/s 5:00<1:37[K       5/10      10.5G      0.733     0.4834    0.06383        311        640: 74% ━━━━━━━━╸─── 602/809 2.2it/s 5:01<1:34[K       5/10      10.5G      0.733     0.4834    0.06385        316        640: 74% ━━━━━━━━╸─── 603/809 2.2it/s 5:01<1:32[K       5/10      10.5G     0.7335     0.4833     0.0639        594        640: 74% ━━━━━━━━╸─── 604/809 1.9it/s 5:02<1:47[K       5/10      10.5G     0.7334     0.4834    0.06389        285        640: 74% ━━━━━━━━╸─── 605/809 2.0it/s 5:02<1:44[K       5/10      10.5G     0.7338     0.4833    0.06391        466        640: 74% ━━━━━━━━╸─── 606/809 1.9it/s 5:03<1:47[K       5/10      10.5G     0.7336     0.4833    0.06389        387        640: 75% ━━━━━━━━━─── 607/809 1.9it/s 5:03<1:44[K       5/10      10.5G     0.7335     0.4833    0.06389        359        640: 75% ━━━━━━━━━─── 608/809 2.0it/s 5:04<1:42[K       5/10      10.5G     0.7333     0.4834    0.06387        227        640: 75% ━━━━━━━━━─── 609/809 2.1it/s 5:04<1:35[K       5/10      10.5G     0.7333     0.4835    0.06387        284        640: 75% ━━━━━━━━━─── 610/809 2.2it/s 5:05<1:32[K       5/10      10.5G     0.7336     0.4834    0.06389        727        640: 75% ━━━━━━━━━─── 611/809 2.0it/s 5:05<1:39[K       5/10      10.5G      0.734     0.4834    0.06391        499        640: 75% ━━━━━━━━━─── 612/809 1.8it/s 5:06<1:47[K       5/10      10.5G      0.734     0.4834     0.0639        364        640: 75% ━━━━━━━━━─── 613/809 1.9it/s 5:07<1:44[K       5/10      10.5G     0.7337     0.4833    0.06387        308        640: 75% ━━━━━━━━━─── 614/809 2.0it/s 5:07<1:37[K       5/10      10.5G     0.7337     0.4833    0.06386        349        640: 76% ━━━━━━━━━─── 615/809 2.1it/s 5:08<1:34[K       5/10      10.5G     0.7336     0.4834    0.06384        214        640: 76% ━━━━━━━━━─── 616/809 2.2it/s 5:08<1:27[K       5/10      10.5G     0.7336     0.4834    0.06386        350        640: 76% ━━━━━━━━━─── 617/809 2.2it/s 5:08<1:26[K       5/10      10.5G     0.7335     0.4835    0.06385        406        640: 76% ━━━━━━━━━─── 618/809 2.2it/s 5:09<1:27[K       5/10      10.5G     0.7332     0.4835    0.06384        214        640: 76% ━━━━━━━━━─── 619/809 2.3it/s 5:09<1:21[K       5/10      10.5G     0.7331     0.4835    0.06382        429        640: 76% ━━━━━━━━━─── 620/809 2.3it/s 5:10<1:22[K       5/10      10.5G     0.7329     0.4835    0.06381        285        640: 76% ━━━━━━━━━─── 621/809 2.3it/s 5:10<1:23[K       5/10      10.5G     0.7328     0.4836     0.0638        359        640: 76% ━━━━━━━━━─── 622/809 2.2it/s 5:11<1:25[K       5/10      10.5G     0.7324     0.4836    0.06377        302        640: 77% ━━━━━━━━━─── 623/809 2.2it/s 5:11<1:23[K       5/10      10.5G     0.7326     0.4835    0.06375        497        640: 77% ━━━━━━━━━─── 624/809 2.1it/s 5:12<1:27[K       5/10      10.5G     0.7325     0.4835    0.06372        287        640: 77% ━━━━━━━━━─── 625/809 2.2it/s 5:12<1:23[K       5/10      10.5G     0.7325     0.4835    0.06371        449        640: 77% ━━━━━━━━━─── 626/809 2.1it/s 5:12<1:25[K       5/10      10.5G     0.7325     0.4835    0.06374        193        640: 77% ━━━━━━━━━─── 627/809 2.2it/s 5:13<1:21[K       5/10      10.5G     0.7325     0.4835    0.06374        515        640: 77% ━━━━━━━━━─── 628/809 2.1it/s 5:13<1:24[K       5/10      10.5G     0.7324     0.4835    0.06372        363        640: 77% ━━━━━━━━━─── 629/809 2.1it/s 5:14<1:26[K       5/10      10.5G     0.7327     0.4835    0.06372        542        640: 77% ━━━━━━━━━─── 630/809 2.0it/s 5:14<1:30[K       5/10      10.5G     0.7325     0.4835    0.06376        303        640: 77% ━━━━━━━━━─── 631/809 2.1it/s 5:15<1:25[K       5/10      10.5G     0.7325     0.4835    0.06374        340        640: 78% ━━━━━━━━━─── 632/809 2.2it/s 5:15<1:22[K       5/10      10.5G     0.7324     0.4835    0.06375        486        640: 78% ━━━━━━━━━─── 633/809 2.1it/s 5:16<1:23[K       5/10      10.5G     0.7322     0.4836    0.06373        335        640: 78% ━━━━━━━━━─── 634/809 2.1it/s 5:16<1:22[K       5/10      10.5G     0.7321     0.4835    0.06371        435        640: 78% ━━━━━━━━━─── 635/809 2.1it/s 5:17<1:21[K       5/10      10.5G     0.7322     0.4835    0.06369        329        640: 78% ━━━━━━━━━─── 636/809 2.0it/s 5:17<1:25[K       5/10      10.5G     0.7325     0.4835     0.0638        581        640: 78% ━━━━━━━━━─── 637/809 1.8it/s 5:18<1:36[K       5/10      10.5G     0.7325     0.4835    0.06378        350        640: 78% ━━━━━━━━━─── 638/809 1.9it/s 5:19<1:30[K       5/10      10.5G     0.7325     0.4834    0.06377        352        640: 78% ━━━━━━━━━─── 639/809 2.0it/s 5:19<1:25[K       5/10      10.5G     0.7322     0.4835    0.06375        247        640: 79% ━━━━━━━━━─── 640/809 2.2it/s 5:19<1:17[K       5/10      10.5G     0.7321     0.4835    0.06374        308        640: 79% ━━━━━━━━━╸── 641/809 2.2it/s 5:20<1:15[K       5/10      10.5G     0.7322     0.4834    0.06375        379        640: 79% ━━━━━━━━━╸── 642/809 2.2it/s 5:20<1:17[K       5/10      10.5G     0.7323     0.4835    0.06373        256        640: 79% ━━━━━━━━━╸── 643/809 2.3it/s 5:21<1:14[K       5/10      10.5G     0.7321     0.4836    0.06371        214        640: 79% ━━━━━━━━━╸── 644/809 2.3it/s 5:21<1:10[K       5/10      10.5G     0.7321     0.4836    0.06371        250        640: 79% ━━━━━━━━━╸── 645/809 2.2it/s 5:22<1:15[K       5/10      10.5G     0.7319     0.4837    0.06369        504        640: 79% ━━━━━━━━━╸── 646/809 2.1it/s 5:22<1:16[K       5/10      10.5G     0.7318     0.4837    0.06367        323        640: 79% ━━━━━━━━━╸── 647/809 2.2it/s 5:23<1:14[K       5/10      10.5G     0.7315     0.4837    0.06365        291        640: 80% ━━━━━━━━━╸── 648/809 2.2it/s 5:23<1:12[K       5/10      10.5G     0.7316     0.4837    0.06366        608        640: 80% ━━━━━━━━━╸── 649/809 2.1it/s 5:24<1:17[K       5/10      10.5G     0.7317     0.4838    0.06367        346        640: 80% ━━━━━━━━━╸── 650/809 2.1it/s 5:24<1:15[K       5/10      10.5G     0.7316     0.4838    0.06367        435        640: 80% ━━━━━━━━━╸── 651/809 2.1it/s 5:25<1:16[K       5/10      10.5G     0.7316     0.4838    0.06365        379        640: 80% ━━━━━━━━━╸── 652/809 2.1it/s 5:25<1:15[K       5/10      10.5G     0.7313     0.4838    0.06364        342        640: 80% ━━━━━━━━━╸── 653/809 2.1it/s 5:26<1:15[K       5/10      10.5G     0.7311     0.4838    0.06363        206        640: 80% ━━━━━━━━━╸── 654/809 2.2it/s 5:26<1:11[K       5/10      10.5G      0.731     0.4838    0.06363        315        640: 80% ━━━━━━━━━╸── 655/809 2.2it/s 5:26<1:10[K       5/10      10.5G     0.7311     0.4838     0.0636        460        640: 81% ━━━━━━━━━╸── 656/809 2.1it/s 5:27<1:11[K       5/10      10.5G     0.7312     0.4838     0.0636        390        640: 81% ━━━━━━━━━╸── 657/809 2.1it/s 5:27<1:13[K       5/10      10.5G      0.731     0.4838    0.06361        257        640: 81% ━━━━━━━━━╸── 658/809 2.1it/s 5:28<1:11[K       5/10      10.5G     0.7309     0.4839    0.06358        249        640: 81% ━━━━━━━━━╸── 659/809 2.2it/s 5:28<1:08[K       5/10      10.5G     0.7308     0.4839    0.06356        240        640: 81% ━━━━━━━━━╸── 660/809 2.2it/s 5:29<1:06[K       5/10      10.5G     0.7308     0.4839    0.06352        294        640: 81% ━━━━━━━━━╸── 661/809 2.2it/s 5:29<1:07[K       5/10      10.5G     0.7311     0.4839    0.06353        314        640: 81% ━━━━━━━━━╸── 662/809 2.3it/s 5:30<1:05[K       5/10      10.5G     0.7311     0.4839    0.06357        218        640: 81% ━━━━━━━━━╸── 663/809 2.3it/s 5:30<1:03[K       5/10      10.5G     0.7312     0.4839    0.06357        426        640: 82% ━━━━━━━━━╸── 664/809 2.3it/s 5:30<1:04[K       5/10      10.5G     0.7311     0.4839    0.06356        406        640: 82% ━━━━━━━━━╸── 665/809 2.2it/s 5:31<1:05[K       5/10      10.5G     0.7313     0.4838    0.06362        535        640: 82% ━━━━━━━━━╸── 666/809 2.1it/s 5:32<1:09[K       5/10      10.5G     0.7313     0.4839    0.06362        483        640: 82% ━━━━━━━━━╸── 667/809 2.0it/s 5:32<1:10[K       5/10      10.5G     0.7314     0.4839    0.06366        425        640: 82% ━━━━━━━━━╸── 668/809 2.0it/s 5:33<1:09[K       5/10      10.5G     0.7316     0.4839    0.06365        453        640: 82% ━━━━━━━━━╸── 669/809 2.0it/s 5:33<1:10[K       5/10      10.5G     0.7314      0.484    0.06364        276        640: 82% ━━━━━━━━━╸── 670/809 2.1it/s 5:33<1:06[K       5/10      10.5G     0.7312      0.484    0.06364        345        640: 82% ━━━━━━━━━╸── 671/809 2.1it/s 5:34<1:04[K       5/10      10.5G     0.7311      0.484    0.06363        343        640: 83% ━━━━━━━━━╸── 672/809 2.2it/s 5:34<1:03[K       5/10      10.5G      0.731      0.484    0.06366        384        640: 83% ━━━━━━━━━╸── 673/809 2.2it/s 5:35<1:03[K       5/10      10.5G     0.7309     0.4841    0.06363        231        640: 83% ━━━━━━━━━╸── 674/809 2.3it/s 5:35<60.0s[K       5/10      10.5G     0.7307     0.4842    0.06363        338        640: 83% ━━━━━━━━━━── 675/809 2.3it/s 5:36<59.1s[K       5/10      10.5G     0.7306     0.4843    0.06362        349        640: 83% ━━━━━━━━━━── 676/809 2.3it/s 5:36<58.8s[K       5/10      10.5G     0.7306     0.4842    0.06363        387        640: 83% ━━━━━━━━━━── 677/809 2.1it/s 5:37<1:01[K       5/10      10.5G     0.7305     0.4842    0.06364        311        640: 83% ━━━━━━━━━━── 678/809 2.1it/s 5:37<1:01[K       5/10      10.5G     0.7305     0.4843    0.06362        397        640: 83% ━━━━━━━━━━── 679/809 2.1it/s 5:38<1:02[K       5/10      10.5G     0.7303     0.4843    0.06361        216        640: 84% ━━━━━━━━━━── 680/809 2.2it/s 5:38<57.9s[K       5/10      10.5G     0.7304     0.4842     0.0636        435        640: 84% ━━━━━━━━━━── 681/809 2.1it/s 5:39<59.9s[K       5/10      10.5G       0.73     0.4843    0.06358        190        640: 84% ━━━━━━━━━━── 682/809 2.3it/s 5:39<55.5s[K       5/10      10.5G       0.73     0.4842    0.06356        457        640: 84% ━━━━━━━━━━── 683/809 2.2it/s 5:39<58.2s[K       5/10      10.5G       0.73     0.4842    0.06358        471        640: 84% ━━━━━━━━━━── 684/809 2.1it/s 5:40<1:00[K       5/10      10.5G     0.7301     0.4842    0.06357        319        640: 84% ━━━━━━━━━━── 685/809 2.1it/s 5:41<1:00[K       5/10      10.5G     0.7304     0.4842    0.06359        396        640: 84% ━━━━━━━━━━── 686/809 1.9it/s 5:41<1:06[K       5/10      10.5G     0.7306     0.4842    0.06361        352        640: 84% ━━━━━━━━━━── 687/809 1.9it/s 5:42<1:04[K       5/10      10.5G     0.7306     0.4842    0.06359        346        640: 85% ━━━━━━━━━━── 688/809 2.0it/s 5:42<59.9s[K       5/10      10.5G     0.7304     0.4842    0.06357        161        640: 85% ━━━━━━━━━━── 689/809 2.2it/s 5:42<53.4s[K       5/10      10.5G     0.7305     0.4842    0.06357        344        640: 85% ━━━━━━━━━━── 690/809 2.3it/s 5:43<52.8s[K       5/10      10.5G     0.7302     0.4842    0.06356        351        640: 85% ━━━━━━━━━━── 691/809 2.3it/s 5:43<52.0s[K       5/10      10.5G     0.7304     0.4842    0.06356        439        640: 85% ━━━━━━━━━━── 692/809 2.1it/s 5:44<54.5s[K       5/10      10.5G     0.7302     0.4843    0.06354        305        640: 85% ━━━━━━━━━━── 693/809 2.1it/s 5:44<54.5s[K       5/10      10.5G     0.7301     0.4843    0.06354        236        640: 85% ━━━━━━━━━━── 694/809 2.2it/s 5:45<51.9s[K       5/10      10.5G     0.7302     0.4843    0.06355        303        640: 85% ━━━━━━━━━━── 695/809 2.2it/s 5:45<50.7s[K       5/10      10.5G     0.7301     0.4844    0.06355        329        640: 86% ━━━━━━━━━━── 696/809 2.2it/s 5:46<51.0s[K       5/10      10.5G     0.7301     0.4844    0.06354        298        640: 86% ━━━━━━━━━━── 697/809 2.2it/s 5:46<50.0s[K       5/10      10.5G       0.73     0.4844    0.06353        428        640: 86% ━━━━━━━━━━── 698/809 2.1it/s 5:47<51.7s[K       5/10      10.5G     0.7299     0.4844    0.06353        257        640: 86% ━━━━━━━━━━── 699/809 2.2it/s 5:47<49.5s[K       5/10      10.5G     0.7299     0.4844    0.06352        448        640: 86% ━━━━━━━━━━── 700/809 2.2it/s 5:48<50.4s[K       5/10      10.5G     0.7299     0.4844    0.06353        320        640: 86% ━━━━━━━━━━── 701/809 2.1it/s 5:48<50.3s[K       5/10      10.5G     0.7296     0.4844    0.06352        275        640: 86% ━━━━━━━━━━── 702/809 2.3it/s 5:48<47.5s[K       5/10      10.5G     0.7295     0.4844    0.06352        396        640: 86% ━━━━━━━━━━── 703/809 2.2it/s 5:49<48.2s[K       5/10      10.5G     0.7294     0.4844    0.06353        247        640: 87% ━━━━━━━━━━── 704/809 2.2it/s 5:49<46.9s[K       5/10      10.5G     0.7292     0.4845    0.06352        396        640: 87% ━━━━━━━━━━── 705/809 2.2it/s 5:50<46.6s[K       5/10      10.5G     0.7295     0.4844    0.06353        422        640: 87% ━━━━━━━━━━── 706/809 2.1it/s 5:50<48.3s[K       5/10      10.5G     0.7295     0.4845    0.06352        270        640: 87% ━━━━━━━━━━── 707/809 2.2it/s 5:51<46.5s[K       5/10      10.5G     0.7294     0.4845    0.06351        317        640: 87% ━━━━━━━━━━╸─ 708/809 2.2it/s 5:51<45.5s[K       5/10      10.5G     0.7293     0.4845     0.0635        300        640: 87% ━━━━━━━━━━╸─ 709/809 2.2it/s 5:52<45.9s[K       5/10      10.5G     0.7293     0.4846    0.06349        423        640: 87% ━━━━━━━━━━╸─ 710/809 2.2it/s 5:52<45.3s[K       5/10      10.5G     0.7293     0.4847    0.06348        236        640: 87% ━━━━━━━━━━╸─ 711/809 2.3it/s 5:53<43.2s[K       5/10      10.5G      0.729     0.4847    0.06347        396        640: 88% ━━━━━━━━━━╸─ 712/809 2.2it/s 5:53<43.8s[K       5/10      10.5G      0.729     0.4847    0.06345        229        640: 88% ━━━━━━━━━━╸─ 713/809 2.3it/s 5:53<42.2s[K       5/10      10.5G     0.7288     0.4847    0.06342        327        640: 88% ━━━━━━━━━━╸─ 714/809 2.3it/s 5:54<41.4s[K       5/10      10.5G     0.7287     0.4848    0.06339        265        640: 88% ━━━━━━━━━━╸─ 715/809 2.3it/s 5:54<40.5s[K       5/10      10.5G     0.7286     0.4848    0.06339        273        640: 88% ━━━━━━━━━━╸─ 716/809 2.3it/s 5:55<39.8s[K       5/10      10.5G     0.7284     0.4849    0.06338        195        640: 88% ━━━━━━━━━━╸─ 717/809 2.3it/s 5:55<39.9s[K       5/10      10.5G     0.7284     0.4849    0.06339        314        640: 88% ━━━━━━━━━━╸─ 718/809 2.3it/s 5:56<39.9s[K       5/10      10.5G     0.7284      0.485    0.06339        258        640: 88% ━━━━━━━━━━╸─ 719/809 2.3it/s 5:56<38.6s[K       5/10      10.5G     0.7285     0.4849     0.0634        437        640: 88% ━━━━━━━━━━╸─ 720/809 2.2it/s 5:57<40.5s[K       5/10      10.5G     0.7288     0.4849    0.06339        552        640: 89% ━━━━━━━━━━╸─ 721/809 2.1it/s 5:57<42.8s[K       5/10      10.5G     0.7286     0.4849    0.06338        270        640: 89% ━━━━━━━━━━╸─ 722/809 2.1it/s 5:58<40.5s[K       5/10      10.5G     0.7284     0.4849    0.06337        347        640: 89% ━━━━━━━━━━╸─ 723/809 2.2it/s 5:58<39.6s[K       5/10      10.5G     0.7281      0.485    0.06336        276        640: 89% ━━━━━━━━━━╸─ 724/809 2.2it/s 5:58<38.0s[K       5/10      10.5G     0.7282     0.4849    0.06338        391        640: 89% ━━━━━━━━━━╸─ 725/809 2.0it/s 5:59<41.7s[K       5/10      10.5G     0.7281      0.485    0.06336        391        640: 89% ━━━━━━━━━━╸─ 726/809 2.1it/s 5:60<40.1s[K       5/10      10.5G      0.728      0.485    0.06336        393        640: 89% ━━━━━━━━━━╸─ 727/809 2.1it/s 5:60<39.1s[K       5/10      10.5G     0.7281      0.485    0.06338        265        640: 89% ━━━━━━━━━━╸─ 728/809 2.1it/s 6:00<37.8s[K       5/10      10.5G     0.7282      0.485    0.06338        405        640: 90% ━━━━━━━━━━╸─ 729/809 2.1it/s 6:01<37.5s[K       5/10      10.5G     0.7283      0.485    0.06337        458        640: 90% ━━━━━━━━━━╸─ 730/809 2.1it/s 6:01<37.6s[K       5/10      10.5G     0.7283     0.4851    0.06336        449        640: 90% ━━━━━━━━━━╸─ 731/809 2.1it/s 6:02<37.4s[K       5/10      10.5G     0.7283     0.4851    0.06336        407        640: 90% ━━━━━━━━━━╸─ 732/809 2.1it/s 6:02<36.9s[K       5/10      10.5G     0.7286     0.4851     0.0634        466        640: 90% ━━━━━━━━━━╸─ 733/809 2.0it/s 6:03<38.4s[K       5/10      10.5G     0.7289      0.485     0.0634        544        640: 90% ━━━━━━━━━━╸─ 734/809 1.9it/s 6:04<40.2s[K       5/10      10.5G     0.7291      0.485     0.0634        367        640: 90% ━━━━━━━━━━╸─ 735/809 1.9it/s 6:04<38.3s[K       5/10      10.5G     0.7291      0.485     0.0634        330        640: 90% ━━━━━━━━━━╸─ 736/809 2.0it/s 6:05<36.5s[K       5/10      10.5G     0.7291      0.485    0.06338        341        640: 91% ━━━━━━━━━━╸─ 737/809 2.1it/s 6:05<35.0s[K       5/10      10.5G      0.729      0.485    0.06337        310        640: 91% ━━━━━━━━━━╸─ 738/809 2.1it/s 6:05<33.8s[K       5/10      10.5G     0.7291      0.485    0.06338        426        640: 91% ━━━━━━━━━━╸─ 739/809 2.1it/s 6:06<33.5s[K       5/10      10.5G      0.729      0.485    0.06337        404        640: 91% ━━━━━━━━━━╸─ 740/809 2.1it/s 6:06<33.1s[K       5/10      10.5G     0.7289     0.4851    0.06338        353        640: 91% ━━━━━━━━━━╸─ 741/809 2.0it/s 6:07<33.2s[K       5/10      10.5G     0.7288     0.4851    0.06336        252        640: 91% ━━━━━━━━━━━─ 742/809 2.2it/s 6:07<30.8s[K       5/10      10.5G      0.729     0.4851    0.06336        387        640: 91% ━━━━━━━━━━━─ 743/809 2.1it/s 6:08<31.5s[K       5/10      10.5G     0.7288     0.4851    0.06338        311        640: 91% ━━━━━━━━━━━─ 744/809 2.1it/s 6:08<30.4s[K       5/10      10.5G     0.7285     0.4852    0.06336        234        640: 92% ━━━━━━━━━━━─ 745/809 2.2it/s 6:09<28.6s[K       5/10      10.5G     0.7286     0.4852    0.06336        450        640: 92% ━━━━━━━━━━━─ 746/809 2.1it/s 6:09<29.7s[K       5/10      10.5G     0.7286     0.4852    0.06335        365        640: 92% ━━━━━━━━━━━─ 747/809 2.1it/s 6:10<29.2s[K       5/10      10.5G     0.7284     0.4852    0.06335        198        640: 92% ━━━━━━━━━━━─ 748/809 2.2it/s 6:10<27.3s[K       5/10      10.5G     0.7286     0.4852    0.06336        489        640: 92% ━━━━━━━━━━━─ 749/809 2.1it/s 6:11<28.7s[K       5/10      10.5G     0.7284     0.4853    0.06334        213        640: 92% ━━━━━━━━━━━─ 750/809 2.2it/s 6:11<26.5s[K       5/10      10.5G     0.7286     0.4852    0.06334        507        640: 92% ━━━━━━━━━━━─ 751/809 2.1it/s 6:12<27.6s[K       5/10      10.5G     0.7284     0.4852    0.06333        255        640: 92% ━━━━━━━━━━━─ 752/809 2.2it/s 6:12<25.9s[K       5/10      10.5G     0.7286     0.4852    0.06332        414        640: 93% ━━━━━━━━━━━─ 753/809 2.1it/s 6:13<26.3s[K       5/10      10.5G     0.7285     0.4852     0.0633        315        640: 93% ━━━━━━━━━━━─ 754/809 2.1it/s 6:13<25.8s[K       5/10      10.5G     0.7286     0.4853    0.06328        350        640: 93% ━━━━━━━━━━━─ 755/809 2.1it/s 6:13<25.7s[K       5/10      10.5G     0.7286     0.4853    0.06327        341        640: 93% ━━━━━━━━━━━─ 756/809 2.2it/s 6:14<24.5s[K       5/10      10.5G     0.7285     0.4854    0.06324        305        640: 93% ━━━━━━━━━━━─ 757/809 2.1it/s 6:14<24.4s[K       5/10      10.5G     0.7286     0.4854    0.06324        312        640: 93% ━━━━━━━━━━━─ 758/809 2.1it/s 6:15<24.1s[K       5/10      10.5G     0.7283     0.4854    0.06324        355        640: 93% ━━━━━━━━━━━─ 759/809 2.2it/s 6:15<23.1s[K       5/10      10.5G     0.7285     0.4854    0.06324        452        640: 93% ━━━━━━━━━━━─ 760/809 2.0it/s 6:16<24.1s[K       5/10      10.5G     0.7284     0.4854    0.06324        306        640: 94% ━━━━━━━━━━━─ 761/809 2.1it/s 6:16<22.9s[K       5/10      10.5G     0.7283     0.4854    0.06323        343        640: 94% ━━━━━━━━━━━─ 762/809 2.1it/s 6:17<22.1s[K       5/10      10.5G     0.7285     0.4855    0.06325        230        640: 94% ━━━━━━━━━━━─ 763/809 2.3it/s 6:17<20.4s[K       5/10      10.5G     0.7283     0.4855    0.06323        305        640: 94% ━━━━━━━━━━━─ 764/809 2.3it/s 6:18<19.5s[K       5/10      10.5G     0.7283     0.4855    0.06323        388        640: 94% ━━━━━━━━━━━─ 765/809 2.2it/s 6:18<20.0s[K       5/10      10.5G     0.7285     0.4855    0.06328        452        640: 94% ━━━━━━━━━━━─ 766/809 2.0it/s 6:19<21.4s[K       5/10      10.5G     0.7286     0.4855    0.06327        484        640: 94% ━━━━━━━━━━━─ 767/809 2.0it/s 6:19<21.1s[K       5/10      10.5G     0.7289     0.4854    0.06327        345        640: 94% ━━━━━━━━━━━─ 768/809 2.0it/s 6:20<20.2s[K       5/10      10.5G     0.7289     0.4854    0.06325        297        640: 95% ━━━━━━━━━━━─ 769/809 2.1it/s 6:20<18.8s[K       5/10      10.5G     0.7289     0.4854    0.06327        445        640: 95% ━━━━━━━━━━━─ 770/809 2.1it/s 6:21<18.4s[K       5/10      10.5G     0.7287     0.4854    0.06325        273        640: 95% ━━━━━━━━━━━─ 771/809 2.2it/s 6:21<17.1s[K       5/10      10.5G     0.7286     0.4855    0.06325        321        640: 95% ━━━━━━━━━━━─ 772/809 2.2it/s 6:21<16.5s[K       5/10      10.5G     0.7287     0.4855    0.06325        337        640: 95% ━━━━━━━━━━━─ 773/809 2.1it/s 6:22<16.7s[K       5/10      10.5G     0.7289     0.4855    0.06323        467        640: 95% ━━━━━━━━━━━─ 774/809 2.1it/s 6:23<16.8s[K       5/10      10.5G     0.7289     0.4855    0.06322        279        640: 95% ━━━━━━━━━━━─ 775/809 2.2it/s 6:23<15.8s[K       5/10      10.5G     0.7289     0.4855    0.06321        341        640: 95% ━━━━━━━━━━━╸ 776/809 2.2it/s 6:23<15.2s[K       5/10      10.5G     0.7291     0.4855    0.06321        407        640: 96% ━━━━━━━━━━━╸ 777/809 2.1it/s 6:24<15.4s[K       5/10      10.5G      0.729     0.4855     0.0632        553        640: 96% ━━━━━━━━━━━╸ 778/809 2.0it/s 6:24<15.2s[K       5/10      10.5G     0.7292     0.4854    0.06318        514        640: 96% ━━━━━━━━━━━╸ 779/809 1.8it/s 6:25<16.3s[K       5/10      10.5G     0.7293     0.4854    0.06317        348        640: 96% ━━━━━━━━━━━╸ 780/809 1.9it/s 6:26<14.9s[K       5/10      10.5G     0.7293     0.4854    0.06316        325        640: 96% ━━━━━━━━━━━╸ 781/809 2.0it/s 6:26<14.3s[K       5/10      10.5G     0.7292     0.4854    0.06314        274        640: 96% ━━━━━━━━━━━╸ 782/809 2.1it/s 6:27<12.8s[K       5/10      10.5G     0.7292     0.4853    0.06312        563        640: 96% ━━━━━━━━━━━╸ 783/809 2.0it/s 6:27<12.7s[K       5/10      10.5G     0.7293     0.4853    0.06312        461        640: 96% ━━━━━━━━━━━╸ 784/809 2.0it/s 6:28<12.4s[K       5/10      10.5G     0.7293     0.4854    0.06314        337        640: 97% ━━━━━━━━━━━╸ 785/809 2.1it/s 6:28<11.4s[K       5/10      10.5G     0.7292     0.4854    0.06311        339        640: 97% ━━━━━━━━━━━╸ 786/809 2.2it/s 6:28<10.6s[K       5/10      10.5G     0.7293     0.4854    0.06314        281        640: 97% ━━━━━━━━━━━╸ 787/809 2.2it/s 6:29<9.9s[K       5/10      10.5G     0.7294     0.4854    0.06312        229        640: 97% ━━━━━━━━━━━╸ 788/809 2.3it/s 6:29<9.1s[K       5/10      10.5G     0.7294     0.4854     0.0631        342        640: 97% ━━━━━━━━━━━╸ 789/809 2.3it/s 6:30<8.9s[K       5/10      10.5G     0.7294     0.4854     0.0631        370        640: 97% ━━━━━━━━━━━╸ 790/809 2.3it/s 6:30<8.4s[K       5/10      10.5G     0.7291     0.4853    0.06309        255        640: 97% ━━━━━━━━━━━╸ 791/809 2.3it/s 6:31<7.7s[K       5/10      10.5G     0.7291     0.4854    0.06307        237        640: 97% ━━━━━━━━━━━╸ 792/809 2.4it/s 6:31<7.1s[K       5/10      10.5G      0.729     0.4854    0.06306        492        640: 98% ━━━━━━━━━━━╸ 793/809 2.3it/s 6:31<7.1s[K       5/10      10.5G     0.7292     0.4854    0.06307        207        640: 98% ━━━━━━━━━━━╸ 794/809 2.3it/s 6:32<6.5s[K       5/10      10.5G     0.7293     0.4855    0.06309        237        640: 98% ━━━━━━━━━━━╸ 795/809 2.3it/s 6:32<6.0s[K       5/10      10.5G     0.7292     0.4855    0.06308        343        640: 98% ━━━━━━━━━━━╸ 796/809 2.3it/s 6:33<5.6s[K       5/10      10.5G     0.7292     0.4855    0.06309        227        640: 98% ━━━━━━━━━━━╸ 797/809 2.3it/s 6:33<5.2s[K       5/10      10.5G     0.7291     0.4855    0.06307        346        640: 98% ━━━━━━━━━━━╸ 798/809 2.3it/s 6:34<4.8s[K       5/10      10.5G     0.7291     0.4855    0.06307        387        640: 98% ━━━━━━━━━━━╸ 799/809 2.3it/s 6:34<4.3s[K       5/10      10.5G      0.729     0.4856    0.06309        356        640: 98% ━━━━━━━━━━━╸ 800/809 2.3it/s 6:35<3.9s[K       5/10      10.5G     0.7292     0.4855    0.06312        291        640: 99% ━━━━━━━━━━━╸ 801/809 2.3it/s 6:35<3.5s[K       5/10      10.5G     0.7292     0.4856     0.0631        388        640: 99% ━━━━━━━━━━━╸ 802/809 2.3it/s 6:35<3.1s[K       5/10      10.5G     0.7291     0.4856    0.06311        246        640: 99% ━━━━━━━━━━━╸ 803/809 2.3it/s 6:36<2.6s[K       5/10      10.5G     0.7293     0.4855    0.06315        620        640: 99% ━━━━━━━━━━━╸ 804/809 2.0it/s 6:37<2.5s[K       5/10      10.5G     0.7294     0.4855    0.06318        568        640: 99% ━━━━━━━━━━━╸ 805/809 1.8it/s 6:37<2.2s[K       5/10      10.5G     0.7293     0.4855     0.0632        290        640: 99% ━━━━━━━━━━━╸ 806/809 2.0it/s 6:38<1.5s[K       5/10      10.5G     0.7293     0.4856    0.06319        335        640: 99% ━━━━━━━━━━━╸ 807/809 2.1it/s 6:38<1.0s[K       5/10      10.5G     0.7294     0.4855    0.06318        291        640: 99% ━━━━━━━━━━━╸ 808/809 2.1it/s 6:39<0.5s[K       5/10      10.5G     0.7294     0.4855    0.06318        291        640: 100% ━━━━━━━━━━━━ 809/809 2.0it/s 6:39
[K                 Class     Images  Instances      Box(P          R      mAP50  mAP50-95): 2% ──────────── 1/35 1.0s/it 0.3s<34.4s[K                 Class     Images  Instances      Box(P          R      mAP50  mAP50-95): 5% ╸─────────── 2/35 2.4it/s 0.5s<13.7s[K                 Class     Images  Instances      Box(P          R      mAP50  mAP50-95): 8% ━─────────── 3/35 2.9it/s 0.7s<10.9s[K                 Class     Images  Instances      Box(P          R      mAP50  mAP50-95): 11% ━─────────── 4/35 3.2it/s 1.0s<9.6s[K                 Class     Images  Instances      Box(P          R      mAP50  mAP50-95): 14% ━╸────────── 5/35 3.3it/s 1.3s<9.2s[K                 Class     Images  Instances      Box(P          R      mAP50  mAP50-95): 17% ━━────────── 6/35 3.3it/s 1.6s<8.7s[K                 Class     Images  Instances      Box(P          R      mAP50  mAP50-95): 20% ━━────────── 7/35 3.4it/s 1.8s<8.2s[K                 Class     Images  Instances      Box(P          R      mAP50  mAP50-95): 22% ━━╸───────── 8/35 3.2it/s 2.2s<8.5s[K                 Class     Images  Instances      Box(P          R      mAP50  mAP50-95): 25% ━━━───────── 9/35 3.4it/s 2.5s<7.6s[K                 Class     Images  Instances      Box(P          R      mAP50  mAP50-95): 28% ━━━───────── 10/35 3.8it/s 2.7s<6.5s[K                 Class     Images  Instances      Box(P          R      mAP50  mAP50-95): 31% ━━━╸──────── 11/35 3.5it/s 3.0s<6.8s[K                 Class     Images  Instances      Box(P          R      mAP50  mAP50-95): 34% ━━━━──────── 12/35 3.4it/s 3.4s<6.7s[K                 Class     Images  Instances      Box(P          R      mAP50  mAP50-95): 37% ━━━━──────── 13/35 3.5it/s 3.6s<6.3s[K                 Class     Images  Instances      Box(P          R      mAP50  mAP50-95): 40% ━━━━╸─────── 14/35 3.4it/s 3.9s<6.2s[K                 Class     Images  Instances      Box(P          R      mAP50  mAP50-95): 42% ━━━━━─────── 15/35 3.7it/s 4.2s<5.4s[K                 Class     Images  Instances      Box(P          R      mAP50  mAP50-95): 45% ━━━━━─────── 16/35 3.6it/s 4.5s<5.3s[K                 Class     Images  Instances      Box(P          R      mAP50  mAP50-95): 48% ━━━━━╸────── 17/35 3.3it/s 4.8s<5.4s[K                 Class     Images  Instances      Box(P          R      mAP50  mAP50-95): 51% ━━━━━━────── 18/35 3.5it/s 5.1s<4.9s[K                 Class     Images  Instances      Box(P          R      mAP50  mAP50-95): 54% ━━━━━━╸───── 19/35 3.6it/s 5.3s<4.4s[K                 Class     Images  Instances      Box(P          R      mAP50  mAP50-95): 57% ━━━━━━╸───── 20/35 3.8it/s 5.6s<3.9s[K                 Class     Images  Instances      Box(P          R      mAP50  mAP50-95): 60% ━━━━━━━───── 21/35 3.6it/s 5.9s<3.9s[K                 Class     Images  Instances      Box(P          R      mAP50  mAP50-95): 62% ━━━━━━━╸──── 22/35 3.1it/s 6.4s<4.2s[K                 Class     Images  Instances      Box(P          R      mAP50  mAP50-95): 65% ━━━━━━━╸──── 23/35 2.5it/s 7.5s<4.9s[K                 Class     Images  Instances      Box(P          R      mAP50  mAP50-95): 68% ━━━━━━━━──── 24/35 1.9it/s 9.4s<5.9s[K                 Class     Images  Instances      Box(P          R      mAP50  mAP50-95): 71% ━━━━━━━━╸─── 25/35 2.2it/s 9.8s<4.6s[K                 Class     Images  Instances      Box(P          R      mAP50  mAP50-95): 74% ━━━━━━━━╸─── 26/35 2.9it/s 10.0s<3.2s[K                 Class     Images  Instances      Box(P          R      mAP50  mAP50-95): 77% ━━━━━━━━━─── 27/35 2.8it/s 10.3s<2.8s[K                 Class     Images  Instances      Box(P          R      mAP50  mAP50-95): 80% ━━━━━━━━━╸── 28/35 2.9it/s 10.7s<2.4s[K                 Class     Images  Instances      Box(P          R      mAP50  mAP50-95): 82% ━━━━━━━━━╸── 29/35 3.1it/s 11.0s<1.9s[K                 Class     Images  Instances      Box(P          R      mAP50  mAP50-95): 85% ━━━━━━━━━━── 30/35 3.4it/s 11.2s<1.5s[K                 Class     Images  Instances      Box(P          R      mAP50  mAP50-95): 88% ━━━━━━━━━━╸─ 31/35 3.3it/s 11.5s<1.2s[K                 Class     Images  Instances      Box(P          R      mAP50  mAP50-95): 91% ━━━━━━━━━━╸─ 32/35 3.2it/s 11.9s<0.9s[K                 Class     Images  Instances      Box(P          R      mAP50  mAP50-95): 94% ━━━━━━━━━━━─ 33/35 3.5it/s 12.1s<0.6s[K                 Class     Images  Instances      Box(P          R      mAP50  mAP50-95): 97% ━━━━━━━━━━━╸ 34/35 3.8it/s 12.3s<0.3s[K                 Class     Images  Instances      Box(P          R      mAP50  mAP50-95): 100% ━━━━━━━━━━━━ 35/35 2.8it/s 12.5s
                   all        548      38759      0.512      0.436      0.414      0.242

      Epoch    GPU_mem  giou_loss   cls_loss    l1_loss  Instances       Size
/root/data/uav/venv/lib/python3.10/site-packages/torch/autograd/graph.py:825: UserWarning: grid_sampler_2d_backward_cuda does not have a deterministic implementation, but you set 'torch.use_deterministic_algorithms(True, warn_only=True)'. You can file an issue at https://github.com/pytorch/pytorch/issues to help us prioritize adding deterministic support for this operation. (Triggered internally at ../aten/src/ATen/Context.cpp:91.)
  return Variable._execution_engine.run_backward(  # Calls into the C++ engine to run the backward pass
[K       6/10      10.5G     0.5958     0.5355    0.05537        304        640: 0% ──────────── 0/809  0.4s[K       6/10      10.5G     0.5559     0.5038    0.05348        170        640: 0% ──────────── 1/809 1.3s/it 0.8s<17:13[K       6/10      10.5G     0.6619     0.4739    0.06627        286        640: 0% ──────────── 2/809 1.2it/s 1.3s<11:06[K       6/10      10.5G     0.6835     0.4795    0.06683        376        640: 0% ──────────── 3/809 1.5it/s 1.7s<9:00[K       6/10      10.5G     0.7361     0.4749    0.06645        459        640: 0% ──────────── 4/809 1.6it/s 2.3s<8:29[K       6/10      10.5G     0.7203     0.4832     0.0646        369        640: 0% ──────────── 5/809 1.8it/s 2.7s<7:32[K       6/10      10.5G     0.7816      0.472    0.07064        648        640: 0% ──────────── 6/809 1.6it/s 3.7s<8:32[K       6/10      10.5G     0.7774     0.4674    0.06961        469        640: 0% ──────────── 7/809 1.6it/s 4.2s<8:14[K       6/10      10.5G     0.7657      0.468      0.068        253        640: 0% ──────────── 8/809 1.8it/s 4.7s<7:15[K       6/10      10.5G     0.7693     0.4678    0.07209        460        640: 1% ──────────── 9/809 1.8it/s 5.2s<7:16[K       6/10      10.5G     0.7764     0.4692    0.07274        441        640: 1% ──────────── 10/809 1.9it/s 5.7s<7:03[K       6/10      10.5G      0.773     0.4708    0.07139        351        640: 1% ──────────── 11/809 2.0it/s 6.2s<6:46[K       6/10      10.5G     0.7624     0.4744    0.07071        304        640: 1% ──────────── 12/809 2.0it/s 6.6s<6:35[K       6/10      10.5G     0.7561     0.4757    0.06957        544        640: 1% ──────────── 13/809 2.0it/s 7.2s<6:44[K       6/10      10.5G     0.7543     0.4787    0.06864        299        640: 1% ──────────── 14/809 2.1it/s 7.6s<6:21[K       6/10      10.5G     0.7547      0.478    0.06732        319        640: 1% ──────────── 15/809 2.2it/s 8.0s<6:09[K       6/10      10.5G     0.7383     0.4755    0.06577        206        640: 1% ──────────── 16/809 2.3it/s 8.4s<5:49[K       6/10      10.5G     0.7403     0.4739    0.06626        360        640: 2% ──────────── 17/809 2.2it/s 8.9s<5:57[K       6/10      10.5G     0.7325     0.4768    0.06619        325        640: 2% ──────────── 18/809 2.2it/s 9.3s<5:53[K       6/10      10.5G     0.7308     0.4776    0.06599        375        640: 2% ──────────── 19/809 2.2it/s 9.8s<5:57[K       6/10      10.5G     0.7302     0.4766    0.06524        313        640: 2% ──────────── 20/809 2.2it/s 10.3s<6:05[K       6/10      10.5G     0.7249     0.4781     0.0653        349        640: 2% ──────────── 21/809 2.2it/s 10.7s<5:56[K       6/10      10.5G     0.7309     0.4761    0.06489        427        640: 2% ──────────── 22/809 2.1it/s 11.3s<6:10[K       6/10      10.5G     0.7342     0.4757    0.06508        545        640: 2% ──────────── 23/809 2.0it/s 11.8s<6:27[K       6/10      10.5G      0.739     0.4748    0.06513        363        640: 2% ──────────── 24/809 2.0it/s 12.3s<6:23[K       6/10      10.5G     0.7411      0.474    0.06455        361        640: 3% ──────────── 25/809 2.0it/s 12.8s<6:36[K       6/10      10.5G     0.7379      0.476    0.06412        237        640: 3% ──────────── 26/809 2.2it/s 13.2s<6:03[K       6/10      10.5G     0.7416     0.4748    0.06385        466        640: 3% ──────────── 27/809 2.1it/s 13.7s<6:11[K       6/10      10.5G      0.742     0.4748    0.06423        365        640: 3% ──────────── 28/809 2.0it/s 14.3s<6:23[K       6/10      10.5G     0.7449     0.4746    0.06554        463        640: 3% ──────────── 29/809 1.9it/s 14.9s<6:51[K       6/10      10.5G     0.7429     0.4745    0.06525        343        640: 3% ──────────── 30/809 2.0it/s 15.4s<6:34[K       6/10      10.5G     0.7402     0.4748    0.06489        413        640: 3% ──────────── 31/809 2.0it/s 15.8s<6:26[K       6/10      10.5G     0.7408     0.4758    0.06476        295        640: 3% ──────────── 32/809 2.1it/s 16.3s<6:11[K       6/10      10.5G     0.7409     0.4762    0.06502        368        640: 4% ──────────── 33/809 2.1it/s 16.7s<6:11[K       6/10      10.5G     0.7403     0.4755    0.06491        411        640: 4% ╸─────────── 34/809 2.1it/s 17.2s<6:15[K       6/10      10.5G      0.741     0.4753    0.06458        479        640: 4% ╸─────────── 35/809 2.0it/s 17.8s<6:25[K       6/10      10.5G     0.7415     0.4759    0.06422        341        640: 4% ╸─────────── 36/809 2.0it/s 18.3s<6:26[K       6/10      10.5G     0.7427     0.4761     0.0644        502        640: 4% ╸─────────── 37/809 1.9it/s 18.9s<6:52[K       6/10      10.5G     0.7408     0.4759     0.0638        317        640: 4% ╸─────────── 38/809 2.0it/s 19.4s<6:31[K       6/10      10.5G     0.7436     0.4758    0.06396        480        640: 4% ╸─────────── 39/809 1.9it/s 19.9s<6:42[K       6/10      10.5G      0.744      0.477    0.06367        361        640: 4% ╸─────────── 40/809 2.0it/s 20.4s<6:21[K       6/10      10.5G     0.7426     0.4782    0.06339        277        640: 5% ╸─────────── 41/809 2.1it/s 20.8s<6:02[K       6/10      10.5G     0.7487     0.4773    0.06382        833        640: 5% ╸─────────── 42/809 1.9it/s 21.5s<6:43[K       6/10      10.5G     0.7504     0.4774    0.06361        384        640: 5% ╸─────────── 43/809 1.9it/s 22.0s<6:36[K       6/10      10.5G     0.7524     0.4772    0.06345        335        640: 5% ╸─────────── 44/809 2.0it/s 22.5s<6:28[K       6/10      10.5G     0.7529     0.4764    0.06351        426        640: 5% ╸─────────── 45/809 2.0it/s 23.0s<6:21[K       6/10      10.5G     0.7487      0.477    0.06302        358        640: 5% ╸─────────── 46/809 2.1it/s 23.4s<6:08[K       6/10      10.5G     0.7459     0.4777    0.06281        360        640: 5% ╸─────────── 47/809 2.1it/s 23.9s<5:56[K       6/10      10.5G     0.7454     0.4779    0.06303        279        640: 5% ╸─────────── 48/809 2.2it/s 24.3s<5:39[K       6/10      10.5G     0.7526     0.4766    0.06429        677        640: 6% ╸─────────── 49/809 1.8it/s 25.6s<7:03[K       6/10      10.5G     0.7492      0.477    0.06394        374        640: 6% ╸─────────── 50/809 1.9it/s 26.1s<6:37[K       6/10      10.5G     0.7483     0.4781    0.06377        442        640: 6% ╸─────────── 51/809 2.0it/s 26.5s<6:24[K       6/10      10.5G       0.75      0.479    0.06378        338        640: 6% ╸─────────── 52/809 2.0it/s 27.0s<6:22[K       6/10      10.5G     0.7468     0.4796    0.06362        244        640: 6% ╸─────────── 53/809 2.1it/s 27.5s<6:03[K       6/10      10.5G     0.7468     0.4791    0.06349        372        640: 6% ╸─────────── 54/809 2.1it/s 27.9s<6:05[K       6/10      10.5G     0.7442     0.4791    0.06325        218        640: 6% ╸─────────── 55/809 2.2it/s 28.3s<5:42[K       6/10      10.5G     0.7421     0.4793    0.06288        372        640: 6% ╸─────────── 56/809 2.2it/s 28.8s<5:36[K       6/10      10.5G     0.7395       0.48    0.06323        347        640: 7% ╸─────────── 57/809 2.2it/s 29.2s<5:38[K       6/10      10.5G     0.7374     0.4802    0.06319        216        640: 7% ╸─────────── 58/809 2.3it/s 29.6s<5:25[K       6/10      10.5G     0.7361     0.4796    0.06291        325        640: 7% ╸─────────── 59/809 2.3it/s 30.1s<5:24[K       6/10      10.5G      0.743     0.4782     0.0648        576        640: 7% ╸─────────── 60/809 1.8it/s 32.1s<7:03[K       6/10      10.5G      0.743     0.4785    0.06477        325        640: 7% ╸─────────── 61/809 1.9it/s 32.6s<6:43[K       6/10      10.5G     0.7424     0.4788    0.06469        550        640: 7% ╸─────────── 62/809 1.9it/s 33.1s<6:39[K       6/10      10.5G     0.7416     0.4794     0.0648        375        640: 7% ╸─────────── 63/809 2.0it/s 33.6s<6:22[K       6/10      10.5G     0.7458     0.4791    0.06539        407        640: 7% ╸─────────── 64/809 1.9it/s 34.2s<6:43[K       6/10      10.5G     0.7498     0.4787    0.06558        463        640: 8% ╸─────────── 65/809 1.9it/s 34.7s<6:37[K       6/10      10.5G     0.7495     0.4782    0.06538        249        640: 8% ╸─────────── 66/809 2.0it/s 35.1s<6:03[K       6/10      10.5G     0.7466     0.4785     0.0652        245        640: 8% ╸─────────── 67/809 2.2it/s 35.5s<5:32[K       6/10      10.5G     0.7465     0.4788    0.06552        314        640: 8% ━─────────── 68/809 2.2it/s 36.0s<5:38[K       6/10      10.5G      0.746     0.4794     0.0653        439        640: 8% ━─────────── 69/809 2.2it/s 36.4s<5:43[K       6/10      10.5G     0.7458     0.4798    0.06513        300        640: 8% ━─────────── 70/809 2.2it/s 36.9s<5:36[K       6/10      10.5G     0.7474     0.4792    0.06493        433        640: 8% ━─────────── 71/809 2.0it/s 37.5s<6:00[K       6/10      10.5G     0.7492     0.4787    0.06622        584        640: 8% ━─────────── 72/809 1.9it/s 38.1s<6:30[K       6/10      10.5G     0.7498      0.478    0.06614        320        640: 9% ━─────────── 73/809 1.9it/s 38.6s<6:30[K       6/10      10.5G     0.7491     0.4783    0.06593        218        640: 9% ━─────────── 74/809 2.1it/s 39.1s<5:55[K       6/10      10.5G     0.7492     0.4783     0.0659        421        640: 9% ━─────────── 75/809 2.1it/s 39.5s<5:52[K       6/10      10.5G     0.7478     0.4786    0.06569        350        640: 9% ━─────────── 76/809 2.1it/s 40.0s<5:50[K       6/10      10.5G     0.7463     0.4789    0.06562        460        640: 9% ━─────────── 77/809 2.1it/s 40.5s<5:53[K       6/10      10.5G     0.7459     0.4788    0.06549        424        640: 9% ━─────────── 78/809 2.0it/s 41.0s<6:01[K       6/10      10.5G     0.7454     0.4789     0.0655        344        640: 9% ━─────────── 79/809 2.1it/s 41.5s<5:53[K       6/10      10.5G     0.7452      0.479    0.06545        405        640: 9% ━─────────── 80/809 2.1it/s 41.9s<5:48[K       6/10      10.5G     0.7467     0.4783    0.06595        625        640: 10% ━─────────── 81/809 1.8it/s 42.7s<6:34[K       6/10      10.5G     0.7449     0.4788    0.06562        298        640: 10% ━─────────── 82/809 2.0it/s 43.2s<6:07[K       6/10      10.5G     0.7431     0.4792    0.06538        394        640: 10% ━─────────── 83/809 2.0it/s 43.6s<5:55[K       6/10      10.5G     0.7415     0.4796    0.06527        318        640: 10% ━─────────── 84/809 2.1it/s 44.1s<5:52[K       6/10      10.5G     0.7457     0.4786    0.06571        532        640: 10% ━─────────── 85/809 1.8it/s 44.8s<6:33[K       6/10      10.5G     0.7461     0.4782    0.06601        359        640: 10% ━─────────── 86/809 1.8it/s 45.4s<6:35[K       6/10      10.5G     0.7464     0.4777    0.06598        382        640: 10% ━─────────── 87/809 1.9it/s 45.9s<6:29[K       6/10      10.5G     0.7461     0.4778    0.06603        411        640: 10% ━─────────── 88/809 1.9it/s 46.4s<6:16[K       6/10      10.5G     0.7444     0.4781    0.06601        418        640: 11% ━─────────── 89/809 2.0it/s 46.9s<6:04[K       6/10      10.5G      0.743     0.4784    0.06586        366        640: 11% ━─────────── 90/809 2.0it/s 47.3s<5:51[K       6/10      10.5G     0.7429     0.4787    0.06571        225        640: 11% ━─────────── 91/809 2.2it/s 47.7s<5:31[K       6/10      10.5G     0.7409     0.4788    0.06549        265        640: 11% ━─────────── 92/809 2.2it/s 48.2s<5:31[K       6/10      10.5G     0.7405     0.4792    0.06548        480        640: 11% ━─────────── 93/809 2.1it/s 48.7s<5:38[K       6/10      10.5G       0.74     0.4791    0.06537        437        640: 11% ━─────────── 94/809 2.1it/s 49.2s<5:43[K       6/10      10.5G     0.7374     0.4794    0.06543        162        640: 11% ━─────────── 95/809 2.3it/s 49.6s<5:17[K       6/10      10.5G     0.7365     0.4798    0.06548        289        640: 11% ━─────────── 96/809 2.3it/s 50.0s<5:09[K       6/10      10.5G      0.736     0.4801    0.06536        445        640: 11% ━─────────── 97/809 2.2it/s 50.5s<5:17[K       6/10      10.5G     0.7341     0.4805    0.06519        295        640: 12% ━─────────── 98/809 2.3it/s 50.9s<5:11[K       6/10      10.5G     0.7339     0.4808    0.06516        540        640: 12% ━─────────── 99/809 2.2it/s 51.4s<5:27[K       6/10      10.5G     0.7351     0.4805     0.0651        600        640: 12% ━─────────── 100/809 2.0it/s 52.1s<6:03[K       6/10      10.5G     0.7346     0.4808    0.06513        268        640: 12% ━─────────── 101/809 2.1it/s 52.5s<5:44[K       6/10      10.5G     0.7326      0.481    0.06495        258        640: 12% ━╸────────── 102/809 2.2it/s 52.9s<5:24[K       6/10      10.5G     0.7324     0.4812    0.06507        431        640: 12% ━╸────────── 103/809 2.1it/s 53.4s<5:30[K       6/10      10.5G     0.7333      0.481    0.06517        625        640: 12% ━╸────────── 104/809 2.0it/s 54.0s<5:50[K       6/10      10.5G     0.7335     0.4811     0.0652        223        640: 12% ━╸────────── 105/809 2.2it/s 54.4s<5:19[K       6/10      10.5G     0.7313     0.4815    0.06498        320        640: 13% ━╸────────── 106/809 2.2it/s 54.8s<5:14[K       6/10      10.5G     0.7304     0.4818    0.06499        340        640: 13% ━╸────────── 107/809 2.2it/s 55.3s<5:16[K       6/10      10.5G     0.7315     0.4816    0.06502        392        640: 13% ━╸────────── 108/809 2.1it/s 55.8s<5:36[K       6/10      10.5G     0.7309      0.482     0.0652        293        640: 13% ━╸────────── 109/809 2.2it/s 56.3s<5:22[K       6/10      10.5G      0.731      0.482    0.06526        368        640: 13% ━╸────────── 110/809 2.2it/s 56.7s<5:19[K       6/10      10.5G     0.7301     0.4821    0.06508        348        640: 13% ━╸────────── 111/809 2.2it/s 57.1s<5:13[K       6/10      10.5G     0.7303     0.4823    0.06499        446        640: 13% ━╸────────── 112/809 2.2it/s 57.6s<5:21[K       6/10      10.5G      0.731     0.4824    0.06493        400        640: 13% ━╸────────── 113/809 2.2it/s 58.1s<5:22[K       6/10      10.5G     0.7302     0.4824    0.06479        220        640: 14% ━╸────────── 114/809 2.3it/s 58.5s<4:58[K       6/10      10.5G       0.73     0.4825    0.06465        291        640: 14% ━╸────────── 115/809 2.3it/s 58.9s<4:57[K       6/10      10.5G     0.7284     0.4825    0.06461        226        640: 14% ━╸────────── 116/809 2.3it/s 59.3s<5:02[K       6/10      10.5G     0.7286     0.4826    0.06454        319        640: 14% ━╸────────── 117/809 2.3it/s 59.8s<4:58[K       6/10      10.5G     0.7282     0.4825    0.06439        447        640: 14% ━╸────────── 118/809 2.2it/s 1:00<5:08[K       6/10      10.5G     0.7297      0.482    0.06439        439        640: 14% ━╸────────── 119/809 2.1it/s 1:01<5:30[K       6/10      10.5G     0.7297     0.4821    0.06438        265        640: 14% ━╸────────── 120/809 2.2it/s 1:01<5:14[K       6/10      10.5G     0.7283     0.4827    0.06423        276        640: 14% ━╸────────── 121/809 2.3it/s 1:02<5:06[K       6/10      10.5G     0.7279     0.4828    0.06417        387        640: 15% ━╸────────── 122/809 2.2it/s 1:02<5:08[K       6/10      10.5G      0.729     0.4829    0.06422        420        640: 15% ━╸────────── 123/809 2.2it/s 1:03<5:14[K       6/10      10.5G       0.73     0.4825    0.06421        329        640: 15% ━╸────────── 124/809 2.2it/s 1:03<5:18[K       6/10      10.5G     0.7302     0.4826    0.06424        317        640: 15% ━╸────────── 125/809 2.1it/s 1:04<5:23[K       6/10      10.5G     0.7293     0.4824    0.06408        228        640: 15% ━╸────────── 126/809 2.2it/s 1:04<5:10[K       6/10      10.5G     0.7287     0.4824    0.06404        385        640: 15% ━╸────────── 127/809 2.2it/s 1:04<5:12[K       6/10      10.5G      0.727     0.4822    0.06382        261        640: 15% ━╸────────── 128/809 2.3it/s 1:05<5:02[K       6/10      10.5G     0.7264     0.4826    0.06367        247        640: 15% ━╸────────── 129/809 2.3it/s 1:05<4:54[K       6/10      10.5G     0.7265     0.4824    0.06371        504        640: 16% ━╸────────── 130/809 2.2it/s 1:06<5:06[K       6/10      10.5G     0.7258     0.4824    0.06371        357        640: 16% ━╸────────── 131/809 2.2it/s 1:06<5:07[K       6/10      10.5G     0.7253     0.4822    0.06362        385        640: 16% ━╸────────── 132/809 2.1it/s 1:07<5:19[K       6/10      10.5G     0.7268      0.482    0.06381        748        640: 16% ━╸────────── 133/809 1.9it/s 1:07<5:50[K       6/10      10.5G     0.7287     0.4817    0.06406        550        640: 16% ━╸────────── 134/809 1.9it/s 1:08<6:04[K       6/10      10.5G     0.7272      0.482    0.06392        312        640: 16% ━━────────── 135/809 2.0it/s 1:08<5:37[K       6/10      10.5G     0.7279     0.4818     0.0639        618        640: 16% ━━────────── 136/809 1.9it/s 1:09<5:46[K       6/10      10.5G     0.7273     0.4821    0.06381        350        640: 16% ━━────────── 137/809 2.0it/s 1:09<5:33[K       6/10      10.5G     0.7276     0.4818    0.06377        501        640: 17% ━━────────── 138/809 2.0it/s 1:10<5:43[K       6/10      10.5G     0.7298     0.4815    0.06406        581        640: 17% ━━────────── 139/809 1.8it/s 1:11<6:06[K       6/10      10.5G       0.73     0.4818      0.064        283        640: 17% ━━────────── 140/809 1.9it/s 1:11<5:53[K       6/10      10.5G     0.7286     0.4818    0.06396        294        640: 17% ━━────────── 141/809 2.0it/s 1:12<5:29[K       6/10      10.5G      0.728      0.482    0.06382        381        640: 17% ━━────────── 142/809 2.1it/s 1:12<5:23[K       6/10      10.5G     0.7288     0.4816    0.06388        481        640: 17% ━━────────── 143/809 2.0it/s 1:13<5:32[K       6/10      10.5G     0.7285     0.4817     0.0639        383        640: 17% ━━────────── 144/809 2.1it/s 1:13<5:21[K       6/10      10.5G     0.7277      0.482    0.06405        300        640: 17% ━━────────── 145/809 2.1it/s 1:13<5:09[K       6/10      10.5G     0.7278     0.4822    0.06398        291        640: 18% ━━────────── 146/809 2.2it/s 1:14<4:59[K       6/10      10.5G     0.7288     0.4822    0.06431        377        640: 18% ━━────────── 147/809 2.1it/s 1:14<5:22[K       6/10      10.5G     0.7272     0.4823     0.0643        181        640: 18% ━━────────── 148/809 2.2it/s 1:15<5:05[K       6/10      10.5G     0.7264     0.4824    0.06428        226        640: 18% ━━────────── 149/809 2.2it/s 1:15<4:55[K       6/10      10.5G     0.7266     0.4824    0.06419        470        640: 18% ━━────────── 150/809 2.2it/s 1:16<5:04[K       6/10      10.5G     0.7256     0.4825    0.06412        353        640: 18% ━━────────── 151/809 2.2it/s 1:16<4:59[K       6/10      10.5G     0.7247     0.4828    0.06404        325        640: 18% ━━────────── 152/809 2.2it/s 1:17<4:54[K       6/10      10.5G     0.7246     0.4827    0.06397        309        640: 18% ━━────────── 153/809 2.2it/s 1:17<4:52[K       6/10      10.5G     0.7247     0.4826    0.06386        394        640: 19% ━━────────── 154/809 2.2it/s 1:18<4:56[K       6/10      10.5G     0.7236      0.483    0.06373        248        640: 19% ━━────────── 155/809 2.3it/s 1:18<4:48[K       6/10      10.5G     0.7253     0.4827    0.06397        402        640: 19% ━━────────── 156/809 1.9it/s 1:19<5:36[K       6/10      10.5G     0.7255     0.4826      0.064        465        640: 19% ━━────────── 157/809 1.9it/s 1:19<5:40[K       6/10      10.5G     0.7255     0.4827    0.06412        312        640: 19% ━━────────── 158/809 2.0it/s 1:20<5:25[K       6/10      10.5G     0.7257     0.4825    0.06416        304        640: 19% ━━────────── 159/809 2.0it/s 1:20<5:19[K       6/10      10.5G     0.7259     0.4824    0.06418        264        640: 19% ━━────────── 160/809 2.2it/s 1:21<4:59[K       6/10      10.5G     0.7258     0.4823    0.06404        356        640: 19% ━━────────── 161/809 2.2it/s 1:21<4:50[K       6/10      10.5G     0.7247     0.4826    0.06407        215        640: 20% ━━────────── 162/809 2.4it/s 1:22<4:34[K       6/10      10.5G     0.7243     0.4824    0.06405        347        640: 20% ━━────────── 163/809 2.4it/s 1:22<4:33[K       6/10      10.5G     0.7242     0.4826    0.06403        300        640: 20% ━━────────── 164/809 2.3it/s 1:22<4:44[K       6/10      10.5G     0.7251     0.4824    0.06401        383        640: 20% ━━────────── 165/809 2.2it/s 1:23<4:55[K       6/10      10.5G     0.7262     0.4819    0.06398        419        640: 20% ━━────────── 166/809 2.1it/s 1:23<5:05[K       6/10      10.5G     0.7264      0.482    0.06396        348        640: 20% ━━────────── 167/809 2.1it/s 1:24<4:60[K       6/10      10.5G     0.7265     0.4821    0.06395        344        640: 20% ━━────────── 168/809 2.2it/s 1:24<4:50[K       6/10      10.5G     0.7269     0.4821    0.06388        423        640: 20% ━━╸───────── 169/809 2.2it/s 1:25<4:56[K       6/10      10.5G     0.7262     0.4822    0.06382        335        640: 21% ━━╸───────── 170/809 2.2it/s 1:25<4:55[K       6/10      10.5G     0.7263     0.4823    0.06376        299        640: 21% ━━╸───────── 171/809 2.2it/s 1:26<4:50[K       6/10      10.5G     0.7278     0.4821    0.06395        425        640: 21% ━━╸───────── 172/809 2.0it/s 1:26<5:19[K       6/10      10.5G     0.7278     0.4822    0.06391        261        640: 21% ━━╸───────── 173/809 2.1it/s 1:27<4:59[K       6/10      10.5G     0.7275     0.4823     0.0639        410        640: 21% ━━╸───────── 174/809 2.1it/s 1:27<5:00[K       6/10      10.5G     0.7275     0.4824    0.06386        313        640: 21% ━━╸───────── 175/809 2.2it/s 1:28<4:55[K       6/10      10.5G     0.7274     0.4824    0.06382        546        640: 21% ━━╸───────── 176/809 2.1it/s 1:28<5:08[K       6/10      10.5G      0.727     0.4828    0.06382        347        640: 21% ━━╸───────── 177/809 2.1it/s 1:29<5:01[K       6/10      10.5G     0.7269     0.4829    0.06383        566        640: 22% ━━╸───────── 178/809 2.0it/s 1:29<5:14[K       6/10      10.5G     0.7277     0.4829    0.06381        300        640: 22% ━━╸───────── 179/809 2.1it/s 1:30<5:03[K       6/10      10.5G     0.7277     0.4829    0.06379        219        640: 22% ━━╸───────── 180/809 2.1it/s 1:30<4:56[K       6/10      10.5G     0.7269     0.4833    0.06377        266        640: 22% ━━╸───────── 181/809 2.2it/s 1:31<4:44[K       6/10      10.5G     0.7282     0.4831    0.06388        611        640: 22% ━━╸───────── 182/809 1.9it/s 1:31<5:27[K       6/10      10.5G     0.7275     0.4833     0.0639        243        640: 22% ━━╸───────── 183/809 2.1it/s 1:32<4:58[K       6/10      10.5G     0.7266     0.4837    0.06387        218        640: 22% ━━╸───────── 184/809 2.3it/s 1:32<4:35[K       6/10      10.5G      0.726     0.4838    0.06403        236        640: 22% ━━╸───────── 185/809 2.3it/s 1:33<4:28[K       6/10      10.5G     0.7254     0.4841    0.06399        200        640: 22% ━━╸───────── 186/809 2.4it/s 1:33<4:16[K       6/10      10.5G     0.7251     0.4842    0.06395        367        640: 23% ━━╸───────── 187/809 2.4it/s 1:33<4:19[K       6/10      10.5G     0.7246     0.4843    0.06385        223        640: 23% ━━╸───────── 188/809 2.4it/s 1:34<4:20[K       6/10      10.5G     0.7256     0.4841    0.06395        380        640: 23% ━━╸───────── 189/809 2.3it/s 1:34<4:35[K       6/10      10.5G     0.7266     0.4843    0.06397        403        640: 23% ━━╸───────── 190/809 2.2it/s 1:35<4:44[K       6/10      10.5G     0.7264     0.4842    0.06394        370        640: 23% ━━╸───────── 191/809 2.2it/s 1:35<4:41[K       6/10      10.5G     0.7265     0.4843    0.06399        513        640: 23% ━━╸───────── 192/809 2.1it/s 1:36<4:50[K       6/10      10.5G     0.7264     0.4844    0.06398        337        640: 23% ━━╸───────── 193/809 2.1it/s 1:36<4:50[K       6/10      10.5G     0.7279      0.484    0.06439        681        640: 23% ━━╸───────── 194/809 1.7it/s 1:38<6:02[K       6/10      10.5G     0.7277      0.484    0.06434        341        640: 24% ━━╸───────── 195/809 1.9it/s 1:38<5:28[K       6/10      10.5G     0.7283      0.484    0.06444        452        640: 24% ━━╸───────── 196/809 1.7it/s 1:39<5:51[K       6/10      10.5G     0.7287     0.4837    0.06438        595        640: 24% ━━╸───────── 197/809 1.8it/s 1:39<5:45[K       6/10      10.5G     0.7282      0.484    0.06426        279        640: 24% ━━╸───────── 198/809 2.0it/s 1:40<5:09[K       6/10      10.5G     0.7285     0.4839    0.06431        253        640: 24% ━━╸───────── 199/809 2.1it/s 1:40<4:52[K       6/10      10.5G     0.7287     0.4838    0.06428        579        640: 24% ━━╸───────── 200/809 2.0it/s 1:41<5:04[K       6/10      10.5G     0.7287     0.4837    0.06423        390        640: 24% ━━╸───────── 201/809 2.0it/s 1:41<5:01[K       6/10      10.5G     0.7296     0.4837    0.06424        456        640: 24% ━━╸───────── 202/809 2.0it/s 1:42<5:07[K       6/10      10.5G     0.7297     0.4836    0.06421        444        640: 25% ━━━───────── 203/809 2.0it/s 1:42<5:07[K       6/10      10.5G     0.7309     0.4835    0.06417        642        640: 25% ━━━───────── 204/809 1.8it/s 1:43<5:41[K       6/10      10.5G     0.7318     0.4833    0.06434        361        640: 25% ━━━───────── 205/809 1.9it/s 1:43<5:23[K       6/10      10.5G     0.7312     0.4834    0.06427        344        640: 25% ━━━───────── 206/809 2.0it/s 1:44<5:04[K       6/10      10.5G     0.7312     0.4837    0.06427        393        640: 25% ━━━───────── 207/809 2.1it/s 1:44<4:52[K       6/10      10.5G     0.7308     0.4838    0.06425        257        640: 25% ━━━───────── 208/809 2.2it/s 1:45<4:39[K       6/10      10.5G     0.7309      0.484    0.06423        303        640: 25% ━━━───────── 209/809 2.2it/s 1:45<4:35[K       6/10      10.5G     0.7317     0.4837    0.06433        513        640: 25% ━━━───────── 210/809 1.9it/s 1:46<5:16[K       6/10      10.5G     0.7309     0.4837    0.06427        311        640: 26% ━━━───────── 211/809 2.0it/s 1:46<4:59[K       6/10      10.5G     0.7305      0.484    0.06432        241        640: 26% ━━━───────── 212/809 2.1it/s 1:47<4:50[K       6/10      10.5G     0.7323     0.4835    0.06497        689        640: 26% ━━━───────── 213/809 1.6it/s 1:50<6:24[K       6/10      10.5G     0.7336     0.4834    0.06504        519        640: 26% ━━━───────── 214/809 1.5it/s 1:50<6:29[K       6/10      10.5G     0.7339     0.4831    0.06503        366        640: 26% ━━━───────── 215/809 1.6it/s 1:51<6:09[K       6/10      10.5G     0.7337     0.4831    0.06495        215        640: 26% ━━━───────── 216/809 1.9it/s 1:51<5:11[K       6/10      10.5G     0.7346      0.483    0.06497        575        640: 26% ━━━───────── 217/809 1.8it/s 1:52<5:24[K       6/10      10.5G     0.7347      0.483    0.06494        335        640: 26% ━━━───────── 218/809 2.0it/s 1:52<4:56[K       6/10      10.5G     0.7342     0.4832    0.06487        319        640: 27% ━━━───────── 219/809 2.1it/s 1:53<4:38[K       6/10      10.5G     0.7336     0.4833    0.06481        286        640: 27% ━━━───────── 220/809 2.1it/s 1:53<4:35[K       6/10      10.5G     0.7339     0.4834    0.06482        324        640: 27% ━━━───────── 221/809 2.2it/s 1:54<4:32[K       6/10      10.5G     0.7348     0.4832    0.06476        401        640: 27% ━━━───────── 222/809 2.1it/s 1:54<4:38[K       6/10      10.5G     0.7349     0.4832    0.06472        487        640: 27% ━━━───────── 223/809 2.0it/s 1:55<4:47[K       6/10      10.5G     0.7351      0.483    0.06464        284        640: 27% ━━━───────── 224/809 2.1it/s 1:55<4:35[K       6/10      10.5G     0.7352      0.483    0.06465        275        640: 27% ━━━───────── 225/809 2.2it/s 1:56<4:27[K       6/10      10.5G     0.7348      0.483    0.06463        313        640: 27% ━━━───────── 226/809 2.2it/s 1:56<4:20[K       6/10      10.5G     0.7352     0.4829    0.06463        580        640: 28% ━━━───────── 227/809 2.1it/s 1:57<4:36[K       6/10      10.5G     0.7361     0.4827    0.06469        381        640: 28% ━━━───────── 228/809 2.0it/s 1:57<4:46[K       6/10      10.5G     0.7358     0.4827    0.06459        401        640: 28% ━━━───────── 229/809 2.0it/s 1:58<4:44[K       6/10      10.5G     0.7361     0.4828    0.06461        294        640: 28% ━━━───────── 230/809 2.1it/s 1:58<4:30[K       6/10      10.5G     0.7363     0.4824    0.06459        308        640: 28% ━━━───────── 231/809 2.2it/s 1:58<4:24[K       6/10      10.5G     0.7361     0.4824    0.06454        315        640: 28% ━━━───────── 232/809 2.3it/s 1:59<4:16[K       6/10      10.5G     0.7355     0.4825    0.06445        370        640: 28% ━━━───────── 233/809 2.3it/s 1:59<4:16[K       6/10      10.5G     0.7361     0.4826    0.06455        359        640: 28% ━━━───────── 234/809 2.2it/s 1:60<4:17[K       6/10      10.5G     0.7367     0.4826    0.06453        304        640: 29% ━━━───────── 235/809 2.2it/s 2:00<4:16[K       6/10      10.5G     0.7364     0.4826     0.0645        400        640: 29% ━━━╸──────── 236/809 2.1it/s 2:01<4:28[K       6/10      10.5G      0.736     0.4827    0.06449        320        640: 29% ━━━╸──────── 237/809 2.2it/s 2:01<4:24[K       6/10      10.5G     0.7358     0.4828    0.06444        227        640: 29% ━━━╸──────── 238/809 2.3it/s 2:02<4:12[K       6/10      10.5G     0.7364     0.4828    0.06442        451        640: 29% ━━━╸──────── 239/809 2.1it/s 2:02<4:25[K       6/10      10.5G     0.7356     0.4829    0.06438        247        640: 29% ━━━╸──────── 240/809 2.3it/s 2:03<4:12[K       6/10      10.5G     0.7364     0.4827    0.06434        384        640: 29% ━━━╸──────── 241/809 2.2it/s 2:03<4:19[K       6/10      10.5G     0.7358     0.4828    0.06426        354        640: 29% ━━━╸──────── 242/809 2.2it/s 2:03<4:13[K       6/10      10.5G     0.7354      0.483    0.06436        332        640: 30% ━━━╸──────── 243/809 2.3it/s 2:04<4:10[K       6/10      10.5G     0.7355     0.4829    0.06442        476        640: 30% ━━━╸──────── 244/809 2.1it/s 2:04<4:26[K       6/10      10.5G     0.7355     0.4831    0.06438        322        640: 30% ━━━╸──────── 245/809 2.2it/s 2:05<4:20[K       6/10      10.5G      0.736     0.4829    0.06433        285        640: 30% ━━━╸──────── 246/809 2.1it/s 2:05<4:23[K       6/10      10.5G     0.7367     0.4827    0.06449        383        640: 30% ━━━╸──────── 247/809 2.1it/s 2:06<4:27[K       6/10      10.5G     0.7361      0.483    0.06442        234        640: 30% ━━━╸──────── 248/809 2.2it/s 2:06<4:12[K       6/10      10.5G     0.7353     0.4832    0.06443        244        640: 30% ━━━╸──────── 249/809 2.3it/s 2:07<3:60[K       6/10      10.5G      0.735     0.4834    0.06443        315        640: 30% ━━━╸──────── 250/809 2.3it/s 2:07<3:59[K       6/10      10.5G      0.735     0.4834    0.06451        441        640: 31% ━━━╸──────── 251/809 2.2it/s 2:08<4:08[K       6/10      10.5G     0.7343     0.4835    0.06444        230        640: 31% ━━━╸──────── 252/809 2.3it/s 2:08<4:07[K       6/10      10.5G     0.7339     0.4837     0.0644        251        640: 31% ━━━╸──────── 253/809 2.3it/s 2:08<4:02[K       6/10      10.5G     0.7337     0.4837     0.0644        388        640: 31% ━━━╸──────── 254/809 2.2it/s 2:09<4:09[K       6/10      10.5G     0.7346     0.4835    0.06437        335        640: 31% ━━━╸──────── 255/809 2.3it/s 2:09<4:02[K       6/10      10.5G     0.7338     0.4835    0.06436        305        640: 31% ━━━╸──────── 256/809 2.3it/s 2:10<4:01[K       6/10      10.5G     0.7336     0.4838    0.06439        303        640: 31% ━━━╸──────── 257/809 2.4it/s 2:10<3:54[K       6/10      10.5G     0.7356     0.4833    0.06447        922        640: 31% ━━━╸──────── 258/809 2.1it/s 2:11<4:24[K       6/10      10.5G     0.7353     0.4833    0.06444        327        640: 32% ━━━╸──────── 259/809 2.1it/s 2:11<4:18[K       6/10      10.5G     0.7349     0.4833    0.06438        232        640: 32% ━━━╸──────── 260/809 2.1it/s 2:12<4:17[K       6/10      10.5G     0.7353     0.4832    0.06439        410        640: 32% ━━━╸──────── 261/809 2.1it/s 2:12<4:22[K       6/10      10.5G     0.7349     0.4831    0.06438        286        640: 32% ━━━╸──────── 262/809 2.2it/s 2:13<4:08[K       6/10      10.5G     0.7346     0.4831    0.06431        361        640: 32% ━━━╸──────── 263/809 2.2it/s 2:13<4:05[K       6/10      10.5G     0.7344     0.4832    0.06433        471        640: 32% ━━━╸──────── 264/809 2.2it/s 2:14<4:10[K       6/10      10.5G     0.7342     0.4831    0.06427        430        640: 32% ━━━╸──────── 265/809 2.1it/s 2:14<4:13[K       6/10      10.5G     0.7343      0.483    0.06423        444        640: 32% ━━━╸──────── 266/809 2.1it/s 2:15<4:20[K       6/10      10.5G      0.734     0.4832    0.06421        381        640: 33% ━━━╸──────── 267/809 2.1it/s 2:15<4:17[K       6/10      10.5G     0.7339     0.4832    0.06423        336        640: 33% ━━━╸──────── 268/809 2.1it/s 2:16<4:20[K       6/10      10.5G     0.7331     0.4832    0.06421        306        640: 33% ━━━╸──────── 269/809 2.2it/s 2:16<4:06[K       6/10      10.5G     0.7329     0.4832    0.06418        272        640: 33% ━━━━──────── 270/809 2.3it/s 2:16<3:59[K       6/10      10.5G     0.7325     0.4834    0.06413        324        640: 33% ━━━━──────── 271/809 2.3it/s 2:17<3:55[K       6/10      10.5G     0.7329     0.4832    0.06407        404        640: 33% ━━━━──────── 272/809 2.2it/s 2:17<4:00[K       6/10      10.5G      0.732     0.4835    0.06406        180        640: 33% ━━━━──────── 273/809 2.4it/s 2:18<3:47[K       6/10      10.5G     0.7322     0.4835    0.06408        253        640: 33% ━━━━──────── 274/809 2.4it/s 2:18<3:44[K       6/10      10.5G     0.7326     0.4836     0.0641        314        640: 33% ━━━━──────── 275/809 2.4it/s 2:18<3:41[K       6/10      10.5G     0.7322     0.4837    0.06409        211        640: 34% ━━━━──────── 276/809 2.4it/s 2:19<3:47[K       6/10      10.5G     0.7327     0.4837     0.0641        427        640: 34% ━━━━──────── 277/809 2.3it/s 2:19<3:55[K       6/10      10.5G     0.7328     0.4838    0.06415        314        640: 34% ━━━━──────── 278/809 2.3it/s 2:20<3:53[K       6/10      10.5G     0.7325     0.4839    0.06411        319        640: 34% ━━━━──────── 279/809 2.3it/s 2:20<3:50[K       6/10      10.5G     0.7323      0.484    0.06405        233        640: 34% ━━━━──────── 280/809 2.4it/s 2:21<3:43[K       6/10      10.5G     0.7324     0.4839    0.06402        333        640: 34% ━━━━──────── 281/809 2.2it/s 2:21<4:05[K       6/10      10.5G     0.7333     0.4837    0.06415        307        640: 34% ━━━━──────── 282/809 2.1it/s 2:22<4:13[K       6/10      10.5G     0.7334     0.4837    0.06411        279        640: 34% ━━━━──────── 283/809 2.2it/s 2:22<3:60[K       6/10      10.5G     0.7327     0.4837     0.0641        214        640: 35% ━━━━──────── 284/809 2.2it/s 2:23<3:58[K       6/10      10.5G     0.7323     0.4837    0.06411        468        640: 35% ━━━━──────── 285/809 2.2it/s 2:23<3:59[K       6/10      10.5G     0.7322     0.4838    0.06408        252        640: 35% ━━━━──────── 286/809 2.2it/s 2:23<3:53[K       6/10      10.5G      0.732     0.4837    0.06405        396        640: 35% ━━━━──────── 287/809 2.1it/s 2:24<4:08[K       6/10      10.5G     0.7319     0.4838      0.064        290        640: 35% ━━━━──────── 288/809 2.2it/s 2:24<3:59[K       6/10      10.5G     0.7322     0.4839    0.06397        291        640: 35% ━━━━──────── 289/809 2.2it/s 2:25<3:56[K       6/10      10.5G     0.7322      0.484    0.06391        259        640: 35% ━━━━──────── 290/809 2.3it/s 2:25<3:44[K       6/10      10.5G     0.7328     0.4839      0.064        780        640: 35% ━━━━──────── 291/809 2.0it/s 2:26<4:17[K       6/10      10.5G     0.7323     0.4837      0.064        274        640: 36% ━━━━──────── 292/809 2.1it/s 2:27<4:10[K       6/10      10.5G     0.7318     0.4836    0.06397        293        640: 36% ━━━━──────── 293/809 2.2it/s 2:27<3:57[K       6/10      10.5G     0.7315     0.4837    0.06395        241        640: 36% ━━━━──────── 294/809 2.3it/s 2:27<3:47[K       6/10      10.5G     0.7316     0.4838    0.06394        264        640: 36% ━━━━──────── 295/809 2.3it/s 2:28<3:45[K       6/10      10.5G      0.732     0.4838    0.06393        628        640: 36% ━━━━──────── 296/809 2.1it/s 2:28<4:03[K       6/10      10.5G     0.7318     0.4839    0.06394        216        640: 36% ━━━━──────── 297/809 2.3it/s 2:29<3:42[K       6/10      10.5G     0.7312     0.4839    0.06392        260        640: 36% ━━━━──────── 298/809 2.4it/s 2:29<3:34[K       6/10      10.5G     0.7314     0.4839     0.0639        486        640: 36% ━━━━──────── 299/809 2.2it/s 2:30<3:50[K       6/10      10.5G     0.7316     0.4839    0.06392        293        640: 37% ━━━━──────── 300/809 2.2it/s 2:30<3:54[K       6/10      10.5G     0.7314     0.4838    0.06388        376        640: 37% ━━━━──────── 301/809 2.2it/s 2:31<3:52[K       6/10      10.5G     0.7323     0.4837    0.06398        608        640: 37% ━━━━──────── 302/809 2.0it/s 2:31<4:12[K       6/10      10.5G     0.7322     0.4837    0.06398        445        640: 37% ━━━━──────── 303/809 2.0it/s 2:32<4:07[K       6/10      10.5G     0.7325     0.4837    0.06398        406        640: 37% ━━━━╸─────── 304/809 2.0it/s 2:32<4:08[K       6/10      10.5G     0.7325     0.4838    0.06399        508        640: 37% ━━━━╸─────── 305/809 2.0it/s 2:33<4:11[K       6/10      10.5G     0.7327     0.4838    0.06401        556        640: 37% ━━━━╸─────── 306/809 1.9it/s 2:33<4:24[K       6/10      10.5G     0.7326     0.4838    0.06402        417        640: 37% ━━━━╸─────── 307/809 2.0it/s 2:34<4:11[K       6/10      10.5G     0.7321     0.4839    0.06404        257        640: 38% ━━━━╸─────── 308/809 2.0it/s 2:34<4:07[K       6/10      10.5G     0.7325     0.4837    0.06404        521        640: 38% ━━━━╸─────── 309/809 2.0it/s 2:35<4:14[K       6/10      10.5G     0.7328     0.4837    0.06403        386        640: 38% ━━━━╸─────── 310/809 2.0it/s 2:35<4:05[K       6/10      10.5G     0.7327     0.4838     0.0641        305        640: 38% ━━━━╸─────── 311/809 2.1it/s 2:36<3:54[K       6/10      10.5G     0.7326     0.4837    0.06406        459        640: 38% ━━━━╸─────── 312/809 2.1it/s 2:36<3:58[K       6/10      10.5G     0.7327     0.4838    0.06409        462        640: 38% ━━━━╸─────── 313/809 2.0it/s 2:37<4:02[K       6/10      10.5G     0.7327     0.4837    0.06402        441        640: 38% ━━━━╸─────── 314/809 2.1it/s 2:37<3:60[K       6/10      10.5G     0.7321     0.4839    0.06401        266        640: 38% ━━━━╸─────── 315/809 2.2it/s 2:38<3:49[K       6/10      10.5G     0.7319     0.4841    0.06397        294        640: 39% ━━━━╸─────── 316/809 2.2it/s 2:38<3:46[K       6/10      10.5G     0.7327     0.4839    0.06429        466        640: 39% ━━━━╸─────── 317/809 1.8it/s 2:39<4:38[K       6/10      10.5G     0.7328     0.4838    0.06426        363        640: 39% ━━━━╸─────── 318/809 1.9it/s 2:40<4:21[K       6/10      10.5G      0.734     0.4835    0.06449        626        640: 39% ━━━━╸─────── 319/809 1.7it/s 2:40<4:50[K       6/10      10.5G     0.7335     0.4837    0.06448        234        640: 39% ━━━━╸─────── 320/809 1.9it/s 2:41<4:13[K       6/10      10.5G     0.7335     0.4837    0.06451        454        640: 39% ━━━━╸─────── 321/809 2.0it/s 2:41<4:09[K       6/10      10.5G     0.7339     0.4838    0.06457        264        640: 39% ━━━━╸─────── 322/809 2.1it/s 2:42<3:55[K       6/10      10.5G     0.7334     0.4838    0.06456        354        640: 39% ━━━━╸─────── 323/809 2.1it/s 2:42<3:48[K       6/10      10.5G     0.7328      0.484    0.06456        211        640: 40% ━━━━╸─────── 324/809 2.2it/s 2:43<3:45[K       6/10      10.5G     0.7329     0.4839    0.06455        440        640: 40% ━━━━╸─────── 325/809 2.1it/s 2:43<3:53[K       6/10      10.5G     0.7328     0.4839     0.0645        393        640: 40% ━━━━╸─────── 326/809 2.1it/s 2:44<3:50[K       6/10      10.5G      0.733     0.4839    0.06448        343        640: 40% ━━━━╸─────── 327/809 2.1it/s 2:44<3:45[K       6/10      10.5G     0.7333     0.4838    0.06447        578        640: 40% ━━━━╸─────── 328/809 2.0it/s 2:45<3:56[K       6/10      10.5G     0.7326     0.4839    0.06445        244        640: 40% ━━━━╸─────── 329/809 2.2it/s 2:45<3:36[K       6/10      10.5G     0.7332     0.4838    0.06443        354        640: 40% ━━━━╸─────── 330/809 2.2it/s 2:46<3:41[K       6/10      10.5G     0.7332     0.4839    0.06439        355        640: 40% ━━━━╸─────── 331/809 2.2it/s 2:46<3:37[K       6/10      10.5G     0.7338     0.4838    0.06438        260        640: 41% ━━━━╸─────── 332/809 2.2it/s 2:46<3:36[K       6/10      10.5G     0.7336     0.4839    0.06439        459        640: 41% ━━━━╸─────── 333/809 2.2it/s 2:47<3:39[K       6/10      10.5G     0.7331      0.484    0.06436        242        640: 41% ━━━━╸─────── 334/809 2.3it/s 2:47<3:27[K       6/10      10.5G     0.7333      0.484    0.06433        402        640: 41% ━━━━╸─────── 335/809 2.2it/s 2:48<3:32[K       6/10      10.5G     0.7328     0.4841    0.06433        241        640: 41% ━━━━╸─────── 336/809 2.3it/s 2:48<3:26[K       6/10      10.5G     0.7331     0.4841    0.06434        377        640: 41% ━━━━╸─────── 337/809 2.2it/s 2:49<3:33[K       6/10      10.5G     0.7328     0.4841    0.06434        295        640: 41% ━━━━━─────── 338/809 2.3it/s 2:49<3:29[K       6/10      10.5G     0.7331      0.484    0.06432        447        640: 41% ━━━━━─────── 339/809 2.2it/s 2:50<3:34[K       6/10      10.5G     0.7329      0.484    0.06427        263        640: 42% ━━━━━─────── 340/809 2.2it/s 2:50<3:30[K       6/10      10.5G     0.7331      0.484    0.06424        271        640: 42% ━━━━━─────── 341/809 2.3it/s 2:50<3:21[K       6/10      10.5G     0.7334      0.484    0.06426        355        640: 42% ━━━━━─────── 342/809 2.3it/s 2:51<3:22[K       6/10      10.5G     0.7329     0.4839    0.06423        302        640: 42% ━━━━━─────── 343/809 2.3it/s 2:51<3:21[K       6/10      10.5G     0.7325     0.4839    0.06419        262        640: 42% ━━━━━─────── 344/809 2.4it/s 2:52<3:16[K       6/10      10.5G     0.7331     0.4837    0.06429        506        640: 42% ━━━━━─────── 345/809 2.1it/s 2:52<3:40[K       6/10      10.5G     0.7328     0.4838    0.06425        367        640: 42% ━━━━━─────── 346/809 2.1it/s 2:53<3:38[K       6/10      10.5G     0.7323     0.4837    0.06422        234        640: 42% ━━━━━─────── 347/809 2.3it/s 2:53<3:22[K       6/10      10.5G     0.7325     0.4838    0.06424        329        640: 43% ━━━━━─────── 348/809 2.2it/s 2:54<3:26[K       6/10      10.5G     0.7323     0.4839    0.06425        297        640: 43% ━━━━━─────── 349/809 2.3it/s 2:54<3:22[K       6/10      10.5G      0.732     0.4839    0.06423        229        640: 43% ━━━━━─────── 350/809 2.4it/s 2:54<3:11[K       6/10      10.5G      0.732      0.484     0.0642        312        640: 43% ━━━━━─────── 351/809 2.4it/s 2:55<3:09[K       6/10      10.5G      0.732     0.4838    0.06415        433        640: 43% ━━━━━─────── 352/809 2.3it/s 2:55<3:17[K       6/10      10.5G     0.7324     0.4838    0.06419        511        640: 43% ━━━━━─────── 353/809 2.2it/s 2:56<3:30[K       6/10      10.5G     0.7324     0.4838    0.06414        348        640: 43% ━━━━━─────── 354/809 2.2it/s 2:56<3:29[K       6/10      10.5G     0.7323     0.4839    0.06413        353        640: 43% ━━━━━─────── 355/809 2.2it/s 2:57<3:26[K       6/10      10.5G     0.7326     0.4839    0.06411        339        640: 44% ━━━━━─────── 356/809 2.1it/s 2:57<3:35[K       6/10      10.5G     0.7321     0.4839    0.06409        260        640: 44% ━━━━━─────── 357/809 2.2it/s 2:58<3:23[K       6/10      10.5G      0.732      0.484    0.06411        265        640: 44% ━━━━━─────── 358/809 2.3it/s 2:58<3:17[K       6/10      10.5G     0.7317      0.484    0.06408        285        640: 44% ━━━━━─────── 359/809 2.3it/s 2:59<3:14[K       6/10      10.5G     0.7314     0.4841    0.06408        260        640: 44% ━━━━━─────── 360/809 2.4it/s 2:59<3:10[K       6/10      10.5G     0.7312     0.4842    0.06408        406        640: 44% ━━━━━─────── 361/809 2.3it/s 2:59<3:13[K       6/10      10.5G     0.7309     0.4844     0.0641        238        640: 44% ━━━━━─────── 362/809 2.4it/s 2:60<3:08[K       6/10      10.5G      0.731     0.4842    0.06409        431        640: 44% ━━━━━─────── 363/809 2.3it/s 3:00<3:14[K       6/10      10.5G      0.731     0.4841    0.06407        361        640: 44% ━━━━━─────── 364/809 2.2it/s 3:01<3:25[K       6/10      10.5G     0.7308      0.484    0.06398        223        640: 45% ━━━━━─────── 365/809 2.3it/s 3:01<3:15[K       6/10      10.5G     0.7303      0.484    0.06396        261        640: 45% ━━━━━─────── 366/809 2.4it/s 3:02<3:04[K       6/10      10.5G     0.7296     0.4841    0.06395        232        640: 45% ━━━━━─────── 367/809 2.5it/s 3:02<2:60[K       6/10      10.5G     0.7303     0.4839    0.06399        365        640: 45% ━━━━━─────── 368/809 2.4it/s 3:02<3:04[K       6/10      10.5G     0.7306      0.484    0.06401        339        640: 45% ━━━━━─────── 369/809 2.3it/s 3:03<3:10[K       6/10      10.5G     0.7303     0.4841    0.06399        225        640: 45% ━━━━━─────── 370/809 2.4it/s 3:03<3:05[K       6/10      10.5G     0.7304      0.484    0.06398        386        640: 45% ━━━━━╸────── 371/809 2.3it/s 3:04<3:10[K       6/10      10.5G     0.7303     0.4841    0.06399        338        640: 45% ━━━━━╸────── 372/809 2.2it/s 3:04<3:16[K       6/10      10.5G     0.7303     0.4841    0.06395        262        640: 46% ━━━━━╸────── 373/809 2.3it/s 3:05<3:08[K       6/10      10.5G       0.73     0.4841    0.06388        331        640: 46% ━━━━━╸────── 374/809 2.3it/s 3:05<3:09[K       6/10      10.5G       0.73     0.4841    0.06389        495        640: 46% ━━━━━╸────── 375/809 2.2it/s 3:06<3:15[K       6/10      10.5G     0.7298     0.4841    0.06388        395        640: 46% ━━━━━╸────── 376/809 2.2it/s 3:06<3:15[K       6/10      10.5G     0.7298     0.4841    0.06387        296        640: 46% ━━━━━╸────── 377/809 2.3it/s 3:06<3:08[K       6/10      10.5G     0.7302     0.4841    0.06391        432        640: 46% ━━━━━╸────── 378/809 2.2it/s 3:07<3:15[K       6/10      10.5G     0.7299     0.4842    0.06391        253        640: 46% ━━━━━╸────── 379/809 2.3it/s 3:07<3:06[K       6/10      10.5G     0.7295     0.4842    0.06387        398        640: 46% ━━━━━╸────── 380/809 2.3it/s 3:08<3:10[K       6/10      10.5G     0.7297     0.4841    0.06383        322        640: 47% ━━━━━╸────── 381/809 2.0it/s 3:08<3:30[K       6/10      10.5G     0.7299     0.4841    0.06386        264        640: 47% ━━━━━╸────── 382/809 2.1it/s 3:09<3:19[K       6/10      10.5G     0.7298     0.4841    0.06388        376        640: 47% ━━━━━╸────── 383/809 2.2it/s 3:09<3:18[K       6/10      10.5G     0.7298     0.4841    0.06389        328        640: 47% ━━━━━╸────── 384/809 2.2it/s 3:10<3:14[K       6/10      10.5G     0.7295     0.4842    0.06386        275        640: 47% ━━━━━╸────── 385/809 2.3it/s 3:10<3:05[K       6/10      10.5G     0.7292     0.4843    0.06383        256        640: 47% ━━━━━╸────── 386/809 2.3it/s 3:11<3:01[K       6/10      10.5G     0.7294     0.4843    0.06387        432        640: 47% ━━━━━╸────── 387/809 2.2it/s 3:11<3:10[K       6/10      10.5G     0.7293     0.4843    0.06384        294        640: 47% ━━━━━╸────── 388/809 2.2it/s 3:12<3:13[K       6/10      10.5G      0.729     0.4844    0.06386        261        640: 48% ━━━━━╸────── 389/809 2.2it/s 3:12<3:09[K       6/10      10.5G     0.7298     0.4843    0.06402        448        640: 48% ━━━━━╸────── 390/809 2.0it/s 3:13<3:27[K       6/10      10.5G     0.7291     0.4844      0.064        225        640: 48% ━━━━━╸────── 391/809 2.2it/s 3:13<3:10[K       6/10      10.5G     0.7287     0.4844    0.06393        277        640: 48% ━━━━━╸────── 392/809 2.3it/s 3:13<3:01[K       6/10      10.5G     0.7286     0.4843    0.06393        398        640: 48% ━━━━━╸────── 393/809 2.3it/s 3:14<3:03[K       6/10      10.5G     0.7291     0.4843    0.06391        367        640: 48% ━━━━━╸────── 394/809 2.3it/s 3:14<3:03[K       6/10      10.5G     0.7287     0.4844    0.06388        347        640: 48% ━━━━━╸────── 395/809 2.3it/s 3:15<3:02[K       6/10      10.5G      0.729     0.4843    0.06388        609        640: 48% ━━━━━╸────── 396/809 2.1it/s 3:15<3:18[K       6/10      10.5G     0.7292     0.4843    0.06388        393        640: 49% ━━━━━╸────── 397/809 2.1it/s 3:16<3:20[K       6/10      10.5G     0.7294     0.4842    0.06392        503        640: 49% ━━━━━╸────── 398/809 2.0it/s 3:16<3:27[K       6/10      10.5G     0.7295     0.4842    0.06386        267        640: 49% ━━━━━╸────── 399/809 2.1it/s 3:17<3:13[K       6/10      10.5G     0.7293     0.4842    0.06383        325        640: 49% ━━━━━╸────── 400/809 2.2it/s 3:17<3:10[K       6/10      10.5G     0.7296     0.4842    0.06383        322        640: 49% ━━━━━╸────── 401/809 2.2it/s 3:18<3:06[K       6/10      10.5G     0.7296     0.4843    0.06379        272        640: 49% ━━━━━╸────── 402/809 2.3it/s 3:18<2:59[K       6/10      10.5G     0.7298     0.4843    0.06377        248        640: 49% ━━━━━╸────── 403/809 2.3it/s 3:19<2:55[K       6/10      10.5G     0.7297     0.4844    0.06378        315        640: 49% ━━━━━╸────── 404/809 2.3it/s 3:19<2:58[K       6/10      10.5G     0.7293     0.4844    0.06374        457        640: 50% ━━━━━━────── 405/809 2.2it/s 3:19<3:02[K       6/10      10.5G     0.7291     0.4844    0.06372        349        640: 50% ━━━━━━────── 406/809 2.2it/s 3:20<3:02[K       6/10      10.5G     0.7291     0.4844    0.06369        259        640: 50% ━━━━━━────── 407/809 2.3it/s 3:20<2:57[K       6/10      10.5G      0.729     0.4842    0.06368        408        640: 50% ━━━━━━────── 408/809 2.2it/s 3:21<3:01[K       6/10      10.5G     0.7291     0.4841    0.06366        395        640: 50% ━━━━━━────── 409/809 2.1it/s 3:21<3:13[K       6/10      10.5G     0.7285     0.4841    0.06364        214        640: 50% ━━━━━━────── 410/809 2.2it/s 3:22<3:02[K       6/10      10.5G     0.7287     0.4841    0.06362        355        640: 50% ━━━━━━────── 411/809 2.2it/s 3:22<2:59[K       6/10      10.5G     0.7284     0.4842    0.06358        327        640: 50% ━━━━━━────── 412/809 2.2it/s 3:23<2:58[K       6/10      10.5G     0.7284     0.4842    0.06355        464        640: 51% ━━━━━━────── 413/809 2.2it/s 3:23<3:01[K       6/10      10.5G     0.7285     0.4841    0.06358        327        640: 51% ━━━━━━────── 414/809 2.2it/s 3:24<2:57[K       6/10      10.5G     0.7287     0.4841    0.06364        612        640: 51% ━━━━━━────── 415/809 2.1it/s 3:24<3:09[K       6/10      10.5G     0.7285     0.4842    0.06364        352        640: 51% ━━━━━━────── 416/809 2.1it/s 3:25<3:04[K       6/10      10.5G     0.7289     0.4842    0.06364        404        640: 51% ━━━━━━────── 417/809 2.1it/s 3:25<3:05[K       6/10      10.5G     0.7288     0.4842    0.06364        401        640: 51% ━━━━━━────── 418/809 2.1it/s 3:26<3:03[K       6/10      10.5G     0.7289     0.4842    0.06362        297        640: 51% ━━━━━━────── 419/809 2.2it/s 3:26<2:55[K       6/10      10.5G     0.7289     0.4842    0.06363        404        640: 51% ━━━━━━────── 420/809 2.1it/s 3:26<3:02[K       6/10      10.5G     0.7288     0.4842     0.0636        360        640: 52% ━━━━━━────── 421/809 2.2it/s 3:27<2:60[K       6/10      10.5G      0.729     0.4841    0.06369        532        640: 52% ━━━━━━────── 422/809 2.1it/s 3:27<3:08[K       6/10      10.5G     0.7293     0.4841    0.06374        584        640: 52% ━━━━━━────── 423/809 1.8it/s 3:28<3:30[K       6/10      10.5G     0.7295      0.484    0.06376        395        640: 52% ━━━━━━────── 424/809 1.9it/s 3:29<3:22[K       6/10      10.5G     0.7295     0.4841    0.06374        320        640: 52% ━━━━━━────── 425/809 2.0it/s 3:29<3:08[K       6/10      10.5G     0.7294     0.4841    0.06374        501        640: 52% ━━━━━━────── 426/809 2.0it/s 3:30<3:10[K       6/10      10.5G     0.7291     0.4841    0.06373        345        640: 52% ━━━━━━────── 427/809 2.1it/s 3:30<3:03[K       6/10      10.5G     0.7286     0.4841    0.06371        304        640: 52% ━━━━━━────── 428/809 2.1it/s 3:31<3:00[K       6/10      10.5G     0.7287      0.484    0.06371        497        640: 53% ━━━━━━────── 429/809 2.1it/s 3:31<3:04[K       6/10      10.5G      0.729     0.4839    0.06372        408        640: 53% ━━━━━━────── 430/809 2.1it/s 3:32<3:04[K       6/10      10.5G     0.7287      0.484     0.0637        317        640: 53% ━━━━━━────── 431/809 2.1it/s 3:32<2:57[K       6/10      10.5G      0.729     0.4838    0.06371        436        640: 53% ━━━━━━────── 432/809 2.1it/s 3:32<2:59[K       6/10      10.5G     0.7293     0.4837    0.06373        447        640: 53% ━━━━━━────── 433/809 2.1it/s 3:33<3:02[K       6/10      10.5G     0.7299     0.4837    0.06384        473        640: 53% ━━━━━━────── 434/809 2.0it/s 3:34<3:12[K       6/10      10.5G     0.7298     0.4836    0.06379        306        640: 53% ━━━━━━────── 435/809 2.1it/s 3:34<3:01[K       6/10      10.5G     0.7299     0.4837    0.06381        326        640: 53% ━━━━━━────── 436/809 2.1it/s 3:34<2:57[K       6/10      10.5G       0.73     0.4837    0.06379        276        640: 54% ━━━━━━────── 437/809 2.2it/s 3:35<2:48[K       6/10      10.5G     0.7297     0.4838    0.06376        264        640: 54% ━━━━━━────── 438/809 2.3it/s 3:35<2:43[K       6/10      10.5G     0.7295     0.4839    0.06372        326        640: 54% ━━━━━━╸───── 439/809 2.3it/s 3:36<2:41[K       6/10      10.5G     0.7295     0.4839    0.06368        335        640: 54% ━━━━━━╸───── 440/809 2.3it/s 3:36<2:40[K       6/10      10.5G     0.7294     0.4838    0.06369        326        640: 54% ━━━━━━╸───── 441/809 2.3it/s 3:37<2:40[K       6/10      10.5G     0.7298     0.4837    0.06376        272        640: 54% ━━━━━━╸───── 442/809 2.3it/s 3:37<2:42[K       6/10      10.5G     0.7296     0.4837    0.06376        391        640: 54% ━━━━━━╸───── 443/809 2.2it/s 3:37<2:44[K       6/10      10.5G     0.7296     0.4837    0.06373        316        640: 54% ━━━━━━╸───── 444/809 2.2it/s 3:38<2:48[K       6/10      10.5G     0.7296     0.4838    0.06372        306        640: 55% ━━━━━━╸───── 445/809 2.2it/s 3:38<2:43[K       6/10      10.5G     0.7298     0.4837     0.0637        293        640: 55% ━━━━━━╸───── 446/809 2.3it/s 3:39<2:39[K       6/10      10.5G     0.7293     0.4839    0.06369        213        640: 55% ━━━━━━╸───── 447/809 2.4it/s 3:39<2:29[K       6/10      10.5G     0.7291      0.484     0.0637        318        640: 55% ━━━━━━╸───── 448/809 2.4it/s 3:40<2:30[K       6/10      10.5G     0.7292     0.4839    0.06371        232        640: 55% ━━━━━━╸───── 449/809 2.4it/s 3:40<2:28[K       6/10      10.5G     0.7291     0.4839    0.06371        365        640: 55% ━━━━━━╸───── 450/809 2.4it/s 3:40<2:32[K       6/10      10.5G     0.7299     0.4838    0.06384        418        640: 55% ━━━━━━╸───── 451/809 2.0it/s 3:41<2:55[K       6/10      10.5G     0.7301     0.4837    0.06387        398        640: 55% ━━━━━━╸───── 452/809 2.0it/s 3:42<3:00[K       6/10      10.5G     0.7307     0.4836    0.06407        631        640: 55% ━━━━━━╸───── 453/809 1.6it/s 3:43<3:37[K       6/10      10.5G     0.7311     0.4835    0.06405        325        640: 56% ━━━━━━╸───── 454/809 1.8it/s 3:43<3:19[K       6/10      10.5G     0.7311     0.4835    0.06408        424        640: 56% ━━━━━━╸───── 455/809 1.9it/s 3:44<3:08[K       6/10      10.5G     0.7311     0.4835    0.06406        498        640: 56% ━━━━━━╸───── 456/809 1.9it/s 3:44<3:08[K       6/10      10.5G     0.7317     0.4835    0.06408        442        640: 56% ━━━━━━╸───── 457/809 1.9it/s 3:45<3:05[K       6/10      10.5G     0.7314     0.4835    0.06406        219        640: 56% ━━━━━━╸───── 458/809 2.1it/s 3:45<2:45[K       6/10      10.5G     0.7311     0.4836    0.06404        202        640: 56% ━━━━━━╸───── 459/809 2.3it/s 3:46<2:34[K       6/10      10.5G     0.7311     0.4835    0.06405        291        640: 56% ━━━━━━╸───── 460/809 2.2it/s 3:46<2:39[K       6/10      10.5G     0.7312     0.4835    0.06408        403        640: 56% ━━━━━━╸───── 461/809 2.1it/s 3:47<2:42[K       6/10      10.5G     0.7311     0.4836    0.06409        269        640: 57% ━━━━━━╸───── 462/809 2.2it/s 3:47<2:34[K       6/10      10.5G     0.7314     0.4836    0.06409        230        640: 57% ━━━━━━╸───── 463/809 2.3it/s 3:47<2:29[K       6/10      10.5G     0.7315     0.4836    0.06408        264        640: 57% ━━━━━━╸───── 464/809 2.4it/s 3:48<2:25[K       6/10      10.5G     0.7317     0.4835    0.06413        409        640: 57% ━━━━━━╸───── 465/809 2.2it/s 3:48<2:35[K       6/10      10.5G     0.7317     0.4835    0.06414        325        640: 57% ━━━━━━╸───── 466/809 2.3it/s 3:49<2:31[K       6/10      10.5G     0.7315     0.4835    0.06413        376        640: 57% ━━━━━━╸───── 467/809 2.3it/s 3:49<2:31[K       6/10      10.5G     0.7315     0.4836    0.06409        381        640: 57% ━━━━━━╸───── 468/809 2.2it/s 3:50<2:34[K       6/10      10.5G     0.7312     0.4836    0.06406        528        640: 57% ━━━━━━╸───── 469/809 2.1it/s 3:50<2:39[K       6/10      10.5G     0.7309     0.4836    0.06401        378        640: 58% ━━━━━━╸───── 470/809 2.2it/s 3:51<2:37[K       6/10      10.5G     0.7307     0.4836    0.06399        315        640: 58% ━━━━━━╸───── 471/809 2.2it/s 3:51<2:30[K       6/10      10.5G      0.731     0.4835    0.06394        388        640: 58% ━━━━━━━───── 472/809 2.2it/s 3:52<2:36[K       6/10      10.5G     0.7312     0.4835    0.06397        643        640: 58% ━━━━━━━───── 473/809 2.0it/s 3:52<2:51[K       6/10      10.5G     0.7314     0.4835    0.06395        434        640: 58% ━━━━━━━───── 474/809 1.9it/s 3:53<2:52[K       6/10      10.5G      0.731     0.4836    0.06394        259        640: 58% ━━━━━━━───── 475/809 2.0it/s 3:53<2:46[K       6/10      10.5G     0.7309     0.4836    0.06392        356        640: 58% ━━━━━━━───── 476/809 2.0it/s 3:54<2:50[K       6/10      10.5G     0.7307     0.4837     0.0639        339        640: 58% ━━━━━━━───── 477/809 2.0it/s 3:54<2:44[K       6/10      10.5G     0.7305     0.4837    0.06393        365        640: 59% ━━━━━━━───── 478/809 2.1it/s 3:55<2:39[K       6/10      10.5G     0.7304     0.4837    0.06392        392        640: 59% ━━━━━━━───── 479/809 2.1it/s 3:55<2:35[K       6/10      10.5G     0.7306     0.4836    0.06396        433        640: 59% ━━━━━━━───── 480/809 2.1it/s 3:56<2:40[K       6/10      10.5G     0.7305     0.4836    0.06396        450        640: 59% ━━━━━━━───── 481/809 2.1it/s 3:56<2:39[K       6/10      10.5G     0.7302     0.4837    0.06396        308        640: 59% ━━━━━━━───── 482/809 2.2it/s 3:57<2:31[K       6/10      10.5G       0.73     0.4837    0.06395        347        640: 59% ━━━━━━━───── 483/809 2.1it/s 3:57<2:32[K       6/10      10.5G       0.73     0.4837    0.06393        313        640: 59% ━━━━━━━───── 484/809 2.0it/s 3:58<2:41[K       6/10      10.5G     0.7304     0.4837    0.06406        476        640: 59% ━━━━━━━───── 485/809 1.8it/s 3:58<2:59[K       6/10      10.5G       0.73     0.4837    0.06404        234        640: 60% ━━━━━━━───── 486/809 2.1it/s 3:59<2:37[K       6/10      10.5G     0.7296     0.4837    0.06399        184        640: 60% ━━━━━━━───── 487/809 2.2it/s 3:59<2:25[K       6/10      10.5G     0.7296     0.4837    0.06398        319        640: 60% ━━━━━━━───── 488/809 2.2it/s 3:60<2:24[K       6/10      10.5G     0.7295     0.4837    0.06396        438        640: 60% ━━━━━━━───── 489/809 2.1it/s 4:00<2:33[K       6/10      10.5G     0.7295     0.4836    0.06395        336        640: 60% ━━━━━━━───── 490/809 2.1it/s 4:01<2:34[K       6/10      10.5G     0.7301     0.4835    0.06397        581        640: 60% ━━━━━━━───── 491/809 1.9it/s 4:01<2:47[K       6/10      10.5G       0.73     0.4835    0.06393        380        640: 60% ━━━━━━━───── 492/809 1.8it/s 4:02<2:55[K       6/10      10.5G     0.7298     0.4835    0.06392        204        640: 60% ━━━━━━━───── 493/809 2.1it/s 4:02<2:33[K       6/10      10.5G     0.7299     0.4835    0.06397        381        640: 61% ━━━━━━━───── 494/809 2.1it/s 4:03<2:32[K       6/10      10.5G     0.7301     0.4836    0.06398        468        640: 61% ━━━━━━━───── 495/809 2.1it/s 4:03<2:33[K       6/10      10.5G     0.7306     0.4835    0.06402        410        640: 61% ━━━━━━━───── 496/809 2.0it/s 4:04<2:39[K       6/10      10.5G     0.7306     0.4835    0.06402        294        640: 61% ━━━━━━━───── 497/809 2.1it/s 4:04<2:30[K       6/10      10.5G     0.7307     0.4835    0.06399        297        640: 61% ━━━━━━━───── 498/809 2.2it/s 4:05<2:24[K       6/10      10.5G     0.7307     0.4834    0.06397        425        640: 61% ━━━━━━━───── 499/809 2.1it/s 4:05<2:29[K       6/10      10.5G     0.7305     0.4835    0.06397        263        640: 61% ━━━━━━━───── 500/809 2.1it/s 4:06<2:25[K       6/10      10.5G     0.7304     0.4835    0.06395        290        640: 61% ━━━━━━━───── 501/809 2.2it/s 4:06<2:19[K       6/10      10.5G     0.7305     0.4836    0.06397        473        640: 62% ━━━━━━━───── 502/809 2.2it/s 4:07<2:23[K       6/10      10.5G     0.7305     0.4836    0.06401        278        640: 62% ━━━━━━━───── 503/809 2.2it/s 4:07<2:20[K       6/10      10.5G     0.7303     0.4836    0.06399        423        640: 62% ━━━━━━━───── 504/809 2.2it/s 4:08<2:20[K       6/10      10.5G     0.7308     0.4835    0.06401        389        640: 62% ━━━━━━━───── 505/809 2.1it/s 4:08<2:25[K       6/10      10.5G      0.731     0.4835    0.06399        286        640: 62% ━━━━━━━╸──── 506/809 2.2it/s 4:09<2:20[K       6/10      10.5G     0.7308     0.4835    0.06396        339        640: 62% ━━━━━━━╸──── 507/809 2.2it/s 4:09<2:17[K       6/10      10.5G     0.7305     0.4835    0.06393        278        640: 62% ━━━━━━━╸──── 508/809 2.2it/s 4:09<2:16[K       6/10      10.5G     0.7307     0.4834    0.06395        393        640: 62% ━━━━━━━╸──── 509/809 2.1it/s 4:10<2:23[K       6/10      10.5G     0.7306     0.4834    0.06391        387        640: 63% ━━━━━━━╸──── 510/809 2.1it/s 4:10<2:21[K       6/10      10.5G     0.7305     0.4835    0.06391        297        640: 63% ━━━━━━━╸──── 511/809 2.1it/s 4:11<2:24[K       6/10      10.5G     0.7308     0.4834    0.06391        463        640: 63% ━━━━━━━╸──── 512/809 2.0it/s 4:11<2:29[K       6/10      10.5G     0.7304     0.4835    0.06392        179        640: 63% ━━━━━━━╸──── 513/809 2.2it/s 4:12<2:16[K       6/10      10.5G     0.7305     0.4835    0.06395        424        640: 63% ━━━━━━━╸──── 514/809 2.2it/s 4:12<2:17[K       6/10      10.5G     0.7306     0.4837    0.06393        482        640: 63% ━━━━━━━╸──── 515/809 2.1it/s 4:13<2:23[K       6/10      10.5G     0.7309     0.4836      0.064        755        640: 63% ━━━━━━━╸──── 516/809 1.8it/s 4:14<2:47[K       6/10      10.5G     0.7307     0.4836    0.06403        364        640: 63% ━━━━━━━╸──── 517/809 1.9it/s 4:14<2:36[K       6/10      10.5G     0.7306     0.4838    0.06405        168        640: 64% ━━━━━━━╸──── 518/809 2.1it/s 4:15<2:18[K       6/10      10.5G     0.7306     0.4838    0.06403        256        640: 64% ━━━━━━━╸──── 519/809 2.2it/s 4:15<2:10[K       6/10      10.5G     0.7304     0.4839    0.06401        297        640: 64% ━━━━━━━╸──── 520/809 2.3it/s 4:15<2:07[K       6/10      10.5G     0.7307     0.4839    0.06401        458        640: 64% ━━━━━━━╸──── 521/809 2.2it/s 4:16<2:12[K       6/10      10.5G     0.7304     0.4839    0.06398        518        640: 64% ━━━━━━━╸──── 522/809 2.1it/s 4:17<2:16[K       6/10      10.5G     0.7301      0.484    0.06396        378        640: 64% ━━━━━━━╸──── 523/809 2.1it/s 4:17<2:13[K       6/10      10.5G     0.7297     0.4841    0.06394        221        640: 64% ━━━━━━━╸──── 524/809 2.2it/s 4:17<2:09[K       6/10      10.5G     0.7292     0.4841    0.06391        406        640: 64% ━━━━━━━╸──── 525/809 2.2it/s 4:18<2:09[K       6/10      10.5G     0.7292     0.4841    0.06389        303        640: 65% ━━━━━━━╸──── 526/809 2.2it/s 4:18<2:09[K       6/10      10.5G     0.7293     0.4842    0.06389        319        640: 65% ━━━━━━━╸──── 527/809 2.2it/s 4:19<2:11[K       6/10      10.5G     0.7291     0.4842    0.06385        315        640: 65% ━━━━━━━╸──── 528/809 2.2it/s 4:19<2:08[K       6/10      10.5G     0.7289     0.4842    0.06382        385        640: 65% ━━━━━━━╸──── 529/809 2.2it/s 4:20<2:07[K       6/10      10.5G     0.7287     0.4842    0.06379        238        640: 65% ━━━━━━━╸──── 530/809 2.3it/s 4:20<2:02[K       6/10      10.5G     0.7288     0.4843    0.06382        354        640: 65% ━━━━━━━╸──── 531/809 2.3it/s 4:21<1:60[K       6/10      10.5G     0.7288     0.4842    0.06381        352        640: 65% ━━━━━━━╸──── 532/809 2.2it/s 4:21<2:05[K       6/10      10.5G      0.729     0.4842    0.06386        295        640: 65% ━━━━━━━╸──── 533/809 2.2it/s 4:21<2:05[K       6/10      10.5G     0.7292     0.4841    0.06384        331        640: 66% ━━━━━━━╸──── 534/809 2.2it/s 4:22<2:03[K       6/10      10.5G     0.7291     0.4842    0.06382        363        640: 66% ━━━━━━━╸──── 535/809 2.2it/s 4:22<2:04[K       6/10      10.5G     0.7293     0.4841     0.0638        473        640: 66% ━━━━━━━╸──── 536/809 2.0it/s 4:23<2:15[K       6/10      10.5G     0.7296     0.4841     0.0638        637        640: 66% ━━━━━━━╸──── 537/809 1.9it/s 4:24<2:21[K       6/10      10.5G     0.7296     0.4841    0.06382        522        640: 66% ━━━━━━━╸──── 538/809 1.8it/s 4:24<2:28[K       6/10      10.5G     0.7297     0.4841    0.06382        481        640: 66% ━━━━━━━╸──── 539/809 1.9it/s 4:25<2:24[K       6/10      10.5G     0.7296     0.4842    0.06381        330        640: 66% ━━━━━━━━──── 540/809 1.9it/s 4:25<2:19[K       6/10      10.5G     0.7295     0.4842     0.0638        383        640: 66% ━━━━━━━━──── 541/809 2.0it/s 4:26<2:12[K       6/10      10.5G     0.7298     0.4842     0.0638        609        640: 66% ━━━━━━━━──── 542/809 1.9it/s 4:26<2:21[K       6/10      10.5G     0.7299     0.4842    0.06378        318        640: 67% ━━━━━━━━──── 543/809 2.0it/s 4:27<2:11[K       6/10      10.5G     0.7299     0.4842    0.06378        262        640: 67% ━━━━━━━━──── 544/809 2.1it/s 4:27<2:03[K       6/10      10.5G     0.7297     0.4843    0.06375        296        640: 67% ━━━━━━━━──── 545/809 2.2it/s 4:28<1:59[K       6/10      10.5G     0.7293     0.4844    0.06375        313        640: 67% ━━━━━━━━──── 546/809 2.3it/s 4:28<1:56[K       6/10      10.5G     0.7292     0.4843    0.06374        354        640: 67% ━━━━━━━━──── 547/809 2.2it/s 4:28<1:59[K       6/10      10.5G      0.729     0.4844    0.06372        224        640: 67% ━━━━━━━━──── 548/809 2.2it/s 4:29<1:57[K       6/10      10.5G     0.7291     0.4843    0.06369        261        640: 67% ━━━━━━━━──── 549/809 2.1it/s 4:29<2:03[K       6/10      10.5G     0.7292     0.4842    0.06368        337        640: 67% ━━━━━━━━──── 550/809 2.2it/s 4:30<1:59[K       6/10      10.5G      0.729     0.4842    0.06366        415        640: 68% ━━━━━━━━──── 551/809 2.2it/s 4:30<1:60[K       6/10      10.5G     0.7287     0.4841    0.06365        381        640: 68% ━━━━━━━━──── 552/809 2.2it/s 4:31<1:58[K       6/10      10.5G     0.7287     0.4843    0.06361        163        640: 68% ━━━━━━━━──── 553/809 2.4it/s 4:31<1:49[K       6/10      10.5G     0.7287     0.4843    0.06368        290        640: 68% ━━━━━━━━──── 554/809 2.3it/s 4:32<1:49[K       6/10      10.5G     0.7292     0.4841    0.06369        473        640: 68% ━━━━━━━━──── 555/809 2.1it/s 4:32<2:02[K       6/10      10.5G     0.7292     0.4841    0.06368        225        640: 68% ━━━━━━━━──── 556/809 2.1it/s 4:33<2:01[K       6/10      10.5G     0.7292     0.4841    0.06369        381        640: 68% ━━━━━━━━──── 557/809 2.1it/s 4:33<1:59[K       6/10      10.5G      0.729     0.4841    0.06366        492        640: 68% ━━━━━━━━──── 558/809 2.1it/s 4:34<2:01[K       6/10      10.5G     0.7287     0.4841    0.06365        389        640: 69% ━━━━━━━━──── 559/809 2.1it/s 4:34<1:60[K       6/10      10.5G     0.7288     0.4841    0.06367        433        640: 69% ━━━━━━━━──── 560/809 2.1it/s 4:35<1:59[K       6/10      10.5G      0.729     0.4841    0.06366        505        640: 69% ━━━━━━━━──── 561/809 2.0it/s 4:35<2:02[K       6/10      10.5G     0.7289     0.4841    0.06364        450        640: 69% ━━━━━━━━──── 562/809 2.1it/s 4:36<2:00[K       6/10      10.5G      0.729     0.4841    0.06363        460        640: 69% ━━━━━━━━──── 563/809 2.0it/s 4:36<2:01[K       6/10      10.5G     0.7286     0.4842    0.06368        199        640: 69% ━━━━━━━━──── 564/809 2.1it/s 4:37<1:54[K       6/10      10.5G     0.7287     0.4843    0.06372        412        640: 69% ━━━━━━━━──── 565/809 2.1it/s 4:37<1:54[K       6/10      10.5G     0.7286     0.4842    0.06369        326        640: 69% ━━━━━━━━──── 566/809 2.2it/s 4:37<1:51[K       6/10      10.5G     0.7285     0.4843    0.06374        197        640: 70% ━━━━━━━━──── 567/809 2.4it/s 4:38<1:43[K       6/10      10.5G     0.7284     0.4843    0.06373        269        640: 70% ━━━━━━━━──── 568/809 2.4it/s 4:38<1:42[K       6/10      10.5G     0.7282     0.4844     0.0637        206        640: 70% ━━━━━━━━──── 569/809 2.5it/s 4:39<1:38[K       6/10      10.5G     0.7285     0.4843    0.06372        443        640: 70% ━━━━━━━━──── 570/809 2.2it/s 4:39<1:47[K       6/10      10.5G     0.7285     0.4843    0.06371        530        640: 70% ━━━━━━━━──── 571/809 2.1it/s 4:40<1:54[K       6/10      10.5G     0.7287     0.4844    0.06374        462        640: 70% ━━━━━━━━──── 572/809 1.9it/s 4:40<2:03[K       6/10      10.5G     0.7287     0.4844    0.06371        469        640: 70% ━━━━━━━━──── 573/809 1.9it/s 4:41<2:03[K       6/10      10.5G     0.7297     0.4841    0.06374        451        640: 70% ━━━━━━━━╸─── 574/809 1.8it/s 4:42<2:07[K       6/10      10.5G     0.7295     0.4841    0.06372        470        640: 71% ━━━━━━━━╸─── 575/809 1.9it/s 4:42<2:03[K       6/10      10.5G     0.7295      0.484    0.06371        427        640: 71% ━━━━━━━━╸─── 576/809 1.9it/s 4:43<2:01[K       6/10      10.5G     0.7296     0.4841     0.0637        544        640: 71% ━━━━━━━━╸─── 577/809 1.9it/s 4:43<2:02[K       6/10      10.5G     0.7294     0.4841    0.06367        316        640: 71% ━━━━━━━━╸─── 578/809 2.0it/s 4:44<1:53[K       6/10      10.5G     0.7293     0.4842    0.06364        347        640: 71% ━━━━━━━━╸─── 579/809 2.1it/s 4:44<1:49[K       6/10      10.5G     0.7291     0.4842    0.06367        287        640: 71% ━━━━━━━━╸─── 580/809 2.1it/s 4:44<1:47[K       6/10      10.5G     0.7291     0.4842    0.06365        259        640: 71% ━━━━━━━━╸─── 581/809 2.2it/s 4:45<1:42[K       6/10      10.5G      0.729     0.4843    0.06368        287        640: 71% ━━━━━━━━╸─── 582/809 2.3it/s 4:45<1:40[K       6/10      10.5G      0.729     0.4843    0.06367        390        640: 72% ━━━━━━━━╸─── 583/809 2.2it/s 4:46<1:42[K       6/10      10.5G      0.729     0.4843    0.06366        329        640: 72% ━━━━━━━━╸─── 584/809 2.2it/s 4:46<1:41[K       6/10      10.5G     0.7291     0.4843    0.06366        482        640: 72% ━━━━━━━━╸─── 585/809 2.1it/s 4:47<1:45[K       6/10      10.5G     0.7289     0.4843    0.06362        366        640: 72% ━━━━━━━━╸─── 586/809 2.1it/s 4:47<1:44[K       6/10      10.5G     0.7289     0.4843     0.0636        329        640: 72% ━━━━━━━━╸─── 587/809 2.2it/s 4:48<1:42[K       6/10      10.5G     0.7289     0.4844    0.06359        302        640: 72% ━━━━━━━━╸─── 588/809 2.2it/s 4:48<1:42[K       6/10      10.5G     0.7288     0.4844    0.06358        455        640: 72% ━━━━━━━━╸─── 589/809 2.1it/s 4:49<1:43[K       6/10      10.5G      0.729     0.4843    0.06358        401        640: 72% ━━━━━━━━╸─── 590/809 2.1it/s 4:49<1:45[K       6/10      10.5G     0.7292     0.4843    0.06361        452        640: 73% ━━━━━━━━╸─── 591/809 2.0it/s 4:50<1:47[K       6/10      10.5G     0.7289     0.4843    0.06359        226        640: 73% ━━━━━━━━╸─── 592/809 2.2it/s 4:50<1:39[K       6/10      10.5G     0.7289     0.4843     0.0636        364        640: 73% ━━━━━━━━╸─── 593/809 2.2it/s 4:50<1:38[K       6/10      10.5G     0.7289     0.4844     0.0636        379        640: 73% ━━━━━━━━╸─── 594/809 2.2it/s 4:51<1:37[K       6/10      10.5G     0.7289     0.4844     0.0636        376        640: 73% ━━━━━━━━╸─── 595/809 2.2it/s 4:51<1:36[K       6/10      10.5G     0.7293     0.4843    0.06365        631        640: 73% ━━━━━━━━╸─── 596/809 1.9it/s 4:52<1:53[K       6/10      10.5G      0.729     0.4844    0.06363        251        640: 73% ━━━━━━━━╸─── 597/809 2.0it/s 4:53<1:44[K       6/10      10.5G      0.729     0.4845    0.06364        240        640: 73% ━━━━━━━━╸─── 598/809 2.2it/s 4:53<1:38[K       6/10      10.5G     0.7288     0.4845    0.06362        380        640: 74% ━━━━━━━━╸─── 599/809 2.2it/s 4:54<1:36[K       6/10      10.5G     0.7288     0.4845    0.06364        286        640: 74% ━━━━━━━━╸─── 600/809 2.2it/s 4:54<1:33[K       6/10      10.5G      0.729     0.4845    0.06364        522        640: 74% ━━━━━━━━╸─── 601/809 2.0it/s 4:55<1:43[K       6/10      10.5G     0.7294     0.4844    0.06363        352        640: 74% ━━━━━━━━╸─── 602/809 2.0it/s 4:55<1:43[K       6/10      10.5G     0.7293     0.4843    0.06361        450        640: 74% ━━━━━━━━╸─── 603/809 2.1it/s 4:56<1:40[K       6/10      10.5G     0.7292     0.4843    0.06359        318        640: 74% ━━━━━━━━╸─── 604/809 2.1it/s 4:56<1:39[K       6/10      10.5G     0.7293     0.4843     0.0636        263        640: 74% ━━━━━━━━╸─── 605/809 2.2it/s 4:56<1:32[K       6/10      10.5G     0.7295     0.4843     0.0636        565        640: 74% ━━━━━━━━╸─── 606/809 2.1it/s 4:57<1:38[K       6/10      10.5G     0.7293     0.4843    0.06363        156        640: 75% ━━━━━━━━━─── 607/809 2.2it/s 4:57<1:30[K       6/10      10.5G     0.7294     0.4844    0.06362        349        640: 75% ━━━━━━━━━─── 608/809 2.2it/s 4:58<1:30[K       6/10      10.5G     0.7294     0.4844     0.0636        393        640: 75% ━━━━━━━━━─── 609/809 2.2it/s 4:58<1:30[K       6/10      10.5G     0.7298     0.4843    0.06359        455        640: 75% ━━━━━━━━━─── 610/809 2.1it/s 4:59<1:33[K       6/10      10.5G     0.7299     0.4844    0.06359        505        640: 75% ━━━━━━━━━─── 611/809 2.1it/s 4:59<1:36[K       6/10      10.5G     0.7301     0.4843    0.06359        491        640: 75% ━━━━━━━━━─── 612/809 1.9it/s 4:60<1:42[K       6/10      10.5G     0.7301     0.4843    0.06358        349        640: 75% ━━━━━━━━━─── 613/809 2.0it/s 5:00<1:36[K       6/10      10.5G     0.7301     0.4844     0.0636        371        640: 75% ━━━━━━━━━─── 614/809 2.1it/s 5:01<1:33[K       6/10      10.5G       0.73     0.4845    0.06359        406        640: 76% ━━━━━━━━━─── 615/809 2.1it/s 5:01<1:31[K       6/10      10.5G       0.73     0.4844    0.06357        320        640: 76% ━━━━━━━━━─── 616/809 2.2it/s 5:02<1:29[K       6/10      10.5G     0.7302     0.4844    0.06356        305        640: 76% ━━━━━━━━━─── 617/809 2.2it/s 5:02<1:26[K       6/10      10.5G     0.7302     0.4844    0.06356        394        640: 76% ━━━━━━━━━─── 618/809 2.2it/s 5:03<1:25[K       6/10      10.5G     0.7304     0.4844    0.06355        362        640: 76% ━━━━━━━━━─── 619/809 2.2it/s 5:03<1:25[K       6/10      10.5G     0.7304     0.4843    0.06356        366        640: 76% ━━━━━━━━━─── 620/809 2.2it/s 5:04<1:28[K       6/10      10.5G     0.7305     0.4844    0.06354        335        640: 76% ━━━━━━━━━─── 621/809 2.2it/s 5:04<1:24[K       6/10      10.5G     0.7304     0.4844    0.06353        413        640: 76% ━━━━━━━━━─── 622/809 2.2it/s 5:04<1:24[K       6/10      10.5G     0.7304     0.4844    0.06354        396        640: 77% ━━━━━━━━━─── 623/809 2.2it/s 5:05<1:25[K       6/10      10.5G     0.7303     0.4844    0.06354        425        640: 77% ━━━━━━━━━─── 624/809 2.2it/s 5:05<1:25[K       6/10      10.5G     0.7302     0.4844    0.06353        288        640: 77% ━━━━━━━━━─── 625/809 2.2it/s 5:06<1:22[K       6/10      10.5G     0.7303     0.4844    0.06356        473        640: 77% ━━━━━━━━━─── 626/809 2.1it/s 5:06<1:27[K       6/10      10.5G     0.7301     0.4844    0.06354        215        640: 77% ━━━━━━━━━─── 627/809 2.2it/s 5:07<1:23[K       6/10      10.5G     0.7301     0.4845    0.06353        243        640: 77% ━━━━━━━━━─── 628/809 2.2it/s 5:07<1:22[K       6/10      10.5G       0.73     0.4845    0.06351        306        640: 77% ━━━━━━━━━─── 629/809 2.3it/s 5:08<1:20[K       6/10      10.5G     0.7298     0.4845    0.06348        239        640: 77% ━━━━━━━━━─── 630/809 2.3it/s 5:08<1:17[K       6/10      10.5G     0.7294     0.4846    0.06346        317        640: 77% ━━━━━━━━━─── 631/809 2.4it/s 5:08<1:16[K       6/10      10.5G     0.7292     0.4846    0.06345        233        640: 78% ━━━━━━━━━─── 632/809 2.4it/s 5:09<1:13[K       6/10      10.5G     0.7293     0.4845    0.06344        471        640: 78% ━━━━━━━━━─── 633/809 2.3it/s 5:09<1:18[K       6/10      10.5G     0.7296     0.4845    0.06345        446        640: 78% ━━━━━━━━━─── 634/809 2.2it/s 5:10<1:21[K       6/10      10.5G     0.7293     0.4845    0.06341        330        640: 78% ━━━━━━━━━─── 635/809 2.2it/s 5:10<1:18[K       6/10      10.5G     0.7294     0.4845    0.06342        417        640: 78% ━━━━━━━━━─── 636/809 2.1it/s 5:11<1:21[K       6/10      10.5G     0.7292     0.4844     0.0634        308        640: 78% ━━━━━━━━━─── 637/809 2.2it/s 5:11<1:19[K       6/10      10.5G      0.729     0.4845    0.06341        348        640: 78% ━━━━━━━━━─── 638/809 2.2it/s 5:12<1:18[K       6/10      10.5G     0.7289     0.4844    0.06339        272        640: 78% ━━━━━━━━━─── 639/809 2.3it/s 5:12<1:15[K       6/10      10.5G     0.7288     0.4845    0.06338        340        640: 79% ━━━━━━━━━─── 640/809 2.3it/s 5:13<1:14[K       6/10      10.5G      0.729     0.4844    0.06338        298        640: 79% ━━━━━━━━━╸── 641/809 2.3it/s 5:13<1:14[K       6/10      10.5G      0.729     0.4845    0.06336        332        640: 79% ━━━━━━━━━╸── 642/809 2.3it/s 5:13<1:12[K       6/10      10.5G     0.7294     0.4844    0.06339        565        640: 79% ━━━━━━━━━╸── 643/809 2.1it/s 5:14<1:19[K       6/10      10.5G     0.7293     0.4845    0.06338        322        640: 79% ━━━━━━━━━╸── 644/809 2.1it/s 5:14<1:18[K       6/10      10.5G     0.7294     0.4845    0.06339        414        640: 79% ━━━━━━━━━╸── 645/809 2.1it/s 5:15<1:16[K       6/10      10.5G     0.7292     0.4845    0.06336        262        640: 79% ━━━━━━━━━╸── 646/809 2.2it/s 5:15<1:13[K       6/10      10.5G     0.7289     0.4844    0.06333        440        640: 79% ━━━━━━━━━╸── 647/809 2.2it/s 5:16<1:14[K       6/10      10.5G      0.729     0.4845    0.06333        416        640: 80% ━━━━━━━━━╸── 648/809 2.2it/s 5:16<1:15[K       6/10      10.5G     0.7286     0.4845    0.06333        267        640: 80% ━━━━━━━━━╸── 649/809 2.2it/s 5:17<1:11[K       6/10      10.5G     0.7287     0.4845    0.06338        329        640: 80% ━━━━━━━━━╸── 650/809 2.2it/s 5:17<1:11[K       6/10      10.5G     0.7289     0.4845    0.06338        333        640: 80% ━━━━━━━━━╸── 651/809 2.2it/s 5:18<1:12[K       6/10      10.5G     0.7285     0.4845    0.06336        252        640: 80% ━━━━━━━━━╸── 652/809 2.2it/s 5:18<1:12[K       6/10      10.5G     0.7285     0.4844    0.06336        260        640: 80% ━━━━━━━━━╸── 653/809 2.3it/s 5:19<1:09[K       6/10      10.5G     0.7284     0.4844    0.06334        357        640: 80% ━━━━━━━━━╸── 654/809 2.3it/s 5:19<1:08[K       6/10      10.5G     0.7287     0.4844    0.06336        388        640: 80% ━━━━━━━━━╸── 655/809 2.2it/s 5:19<1:10[K       6/10      10.5G     0.7287     0.4843    0.06337        280        640: 81% ━━━━━━━━━╸── 656/809 2.2it/s 5:20<1:09[K       6/10      10.5G     0.7286     0.4844    0.06336        300        640: 81% ━━━━━━━━━╸── 657/809 2.3it/s 5:20<1:07[K       6/10      10.5G     0.7285     0.4843    0.06332        421        640: 81% ━━━━━━━━━╸── 658/809 2.2it/s 5:21<1:08[K       6/10      10.5G     0.7284     0.4843     0.0633        329        640: 81% ━━━━━━━━━╸── 659/809 2.3it/s 5:21<1:07[K       6/10      10.5G     0.7282     0.4844    0.06332        221        640: 81% ━━━━━━━━━╸── 660/809 2.3it/s 5:22<1:06[K       6/10      10.5G     0.7283     0.4843     0.0633        530        640: 81% ━━━━━━━━━╸── 661/809 2.2it/s 5:22<1:08[K       6/10      10.5G      0.728     0.4844    0.06327        297        640: 81% ━━━━━━━━━╸── 662/809 2.2it/s 5:23<1:05[K       6/10      10.5G      0.728     0.4844    0.06325        399        640: 81% ━━━━━━━━━╸── 663/809 2.2it/s 5:23<1:05[K       6/10      10.5G     0.7276     0.4844    0.06323        234        640: 82% ━━━━━━━━━╸── 664/809 2.3it/s 5:23<1:03[K       6/10      10.5G     0.7273     0.4844     0.0632        296        640: 82% ━━━━━━━━━╸── 665/809 2.3it/s 5:24<1:02[K       6/10      10.5G     0.7273     0.4844    0.06322        239        640: 82% ━━━━━━━━━╸── 666/809 2.4it/s 5:24<1:00[K       6/10      10.5G     0.7275     0.4843    0.06324        451        640: 82% ━━━━━━━━━╸── 667/809 2.1it/s 5:25<1:07[K       6/10      10.5G     0.7274     0.4843    0.06324        394        640: 82% ━━━━━━━━━╸── 668/809 2.1it/s 5:25<1:08[K       6/10      10.5G     0.7274     0.4844    0.06323        202        640: 82% ━━━━━━━━━╸── 669/809 2.3it/s 5:26<1:01[K       6/10      10.5G     0.7273     0.4844    0.06321        280        640: 82% ━━━━━━━━━╸── 670/809 2.3it/s 5:26<1:00[K       6/10      10.5G     0.7271     0.4844    0.06324        289        640: 82% ━━━━━━━━━╸── 671/809 2.3it/s 5:27<59.1s[K       6/10      10.5G     0.7272     0.4844    0.06324        539        640: 83% ━━━━━━━━━╸── 672/809 2.2it/s 5:27<1:02[K       6/10      10.5G     0.7271     0.4844    0.06328        274        640: 83% ━━━━━━━━━╸── 673/809 2.3it/s 5:28<1:00[K       6/10      10.5G      0.727     0.4844    0.06328        378        640: 83% ━━━━━━━━━╸── 674/809 2.3it/s 5:28<59.8s[K       6/10      10.5G     0.7271     0.4844    0.06327        403        640: 83% ━━━━━━━━━━── 675/809 2.2it/s 5:28<1:00[K       6/10      10.5G     0.7271     0.4843    0.06327        444        640: 83% ━━━━━━━━━━── 676/809 2.1it/s 5:29<1:04[K       6/10      10.5G      0.727     0.4844    0.06326        303        640: 83% ━━━━━━━━━━── 677/809 2.2it/s 5:29<1:01[K       6/10      10.5G     0.7275     0.4843    0.06328        343        640: 83% ━━━━━━━━━━── 678/809 2.2it/s 5:30<1:00[K       6/10      10.5G     0.7282     0.4841    0.06349        737        640: 83% ━━━━━━━━━━── 679/809 1.7it/s 5:32<1:16[K       6/10      10.5G     0.7283     0.4841    0.06352        294        640: 84% ━━━━━━━━━━── 680/809 1.9it/s 5:32<1:09[K       6/10      10.5G     0.7286      0.484    0.06353        616        640: 84% ━━━━━━━━━━── 681/809 1.7it/s 5:33<1:15[K       6/10      10.5G     0.7286     0.4841    0.06354        264        640: 84% ━━━━━━━━━━── 682/809 1.9it/s 5:33<1:07[K       6/10      10.5G     0.7284     0.4841    0.06352        294        640: 84% ━━━━━━━━━━── 683/809 2.1it/s 5:34<1:01[K       6/10      10.5G     0.7284      0.484    0.06352        287        640: 84% ━━━━━━━━━━── 684/809 2.1it/s 5:34<1:01[K       6/10      10.5G     0.7283      0.484     0.0635        318        640: 84% ━━━━━━━━━━── 685/809 2.2it/s 5:34<57.7s[K       6/10      10.5G     0.7287     0.4839     0.0635        427        640: 84% ━━━━━━━━━━── 686/809 2.1it/s 5:35<58.2s[K       6/10      10.5G     0.7287     0.4839    0.06349        351        640: 84% ━━━━━━━━━━── 687/809 2.2it/s 5:35<56.0s[K       6/10      10.5G     0.7286     0.4839    0.06347        350        640: 85% ━━━━━━━━━━── 688/809 2.2it/s 5:36<54.6s[K       6/10      10.5G     0.7287     0.4838    0.06352        573        640: 85% ━━━━━━━━━━── 689/809 2.1it/s 5:36<57.5s[K       6/10      10.5G     0.7288     0.4838    0.06354        631        640: 85% ━━━━━━━━━━── 690/809 2.0it/s 5:37<1:01[K       6/10      10.5G     0.7287     0.4838    0.06352        329        640: 85% ━━━━━━━━━━── 691/809 2.0it/s 5:37<58.7s[K       6/10      10.5G     0.7294     0.4837    0.06365        411        640: 85% ━━━━━━━━━━── 692/809 1.8it/s 5:38<1:05[K       6/10      10.5G     0.7295     0.4836    0.06366        619        640: 85% ━━━━━━━━━━── 693/809 1.7it/s 5:39<1:07[K       6/10      10.5G     0.7292     0.4836    0.06362        273        640: 85% ━━━━━━━━━━── 694/809 1.9it/s 5:39<59.3s[K       6/10      10.5G     0.7291     0.4836     0.0636        222        640: 85% ━━━━━━━━━━── 695/809 2.1it/s 5:40<53.7s[K       6/10      10.5G     0.7294     0.4836    0.06361        470        640: 86% ━━━━━━━━━━── 696/809 2.1it/s 5:40<54.8s[K       6/10      10.5G     0.7296     0.4836    0.06365        475        640: 86% ━━━━━━━━━━── 697/809 2.0it/s 5:41<56.2s[K       6/10      10.5G     0.7297     0.4835    0.06368        523        640: 86% ━━━━━━━━━━── 698/809 2.0it/s 5:41<56.9s[K       6/10      10.5G       0.73     0.4834    0.06373        642        640: 86% ━━━━━━━━━━── 699/809 1.6it/s 5:43<1:10[K       6/10      10.5G       0.73     0.4833    0.06373        312        640: 86% ━━━━━━━━━━── 700/809 1.7it/s 5:43<1:05[K       6/10      10.5G     0.7298     0.4833    0.06371        278        640: 86% ━━━━━━━━━━── 701/809 1.9it/s 5:44<56.8s[K       6/10      10.5G     0.7298     0.4833    0.06369        402        640: 86% ━━━━━━━━━━── 702/809 1.7it/s 5:45<1:02[K       6/10      10.5G     0.7302     0.4832    0.06377        543        640: 86% ━━━━━━━━━━── 703/809 1.6it/s 5:45<1:05[K       6/10      10.5G     0.7306     0.4831    0.06389        705        640: 87% ━━━━━━━━━━── 704/809 1.5it/s 5:46<1:12[K       6/10      10.5G     0.7304     0.4832    0.06388        232        640: 87% ━━━━━━━━━━── 705/809 1.8it/s 5:47<57.5s[K       6/10      10.5G     0.7304     0.4832    0.06386        504        640: 87% ━━━━━━━━━━── 706/809 1.9it/s 5:47<55.4s[K       6/10      10.5G     0.7302     0.4832    0.06386        306        640: 87% ━━━━━━━━━━── 707/809 2.0it/s 5:47<50.0s[K       6/10      10.5G     0.7306     0.4832    0.06386        435        640: 87% ━━━━━━━━━━╸─ 708/809 1.9it/s 5:48<52.3s[K       6/10      10.5G     0.7304     0.4832    0.06385        582        640: 87% ━━━━━━━━━━╸─ 709/809 1.9it/s 5:49<52.5s[K       6/10      10.5G     0.7305     0.4831    0.06386        410        640: 87% ━━━━━━━━━━╸─ 710/809 2.0it/s 5:49<50.4s[K       6/10      10.5G     0.7301     0.4832    0.06384        296        640: 87% ━━━━━━━━━━╸─ 711/809 2.1it/s 5:49<46.3s[K       6/10      10.5G       0.73     0.4832    0.06384        240        640: 88% ━━━━━━━━━━╸─ 712/809 2.2it/s 5:50<43.6s[K       6/10      10.5G       0.73     0.4832    0.06384        308        640: 88% ━━━━━━━━━━╸─ 713/809 2.3it/s 5:50<42.4s[K       6/10      10.5G     0.7299     0.4833     0.0638        317        640: 88% ━━━━━━━━━━╸─ 714/809 2.3it/s 5:51<41.9s[K       6/10      10.5G     0.7296     0.4833     0.0638        256        640: 88% ━━━━━━━━━━╸─ 715/809 2.3it/s 5:51<40.1s[K       6/10      10.5G     0.7296     0.4833    0.06378        305        640: 88% ━━━━━━━━━━╸─ 716/809 2.3it/s 5:52<40.4s[K       6/10      10.5G     0.7297     0.4833    0.06377        401        640: 88% ━━━━━━━━━━╸─ 717/809 2.2it/s 5:52<41.7s[K       6/10      10.5G     0.7296     0.4833    0.06377        473        640: 88% ━━━━━━━━━━╸─ 718/809 2.1it/s 5:53<42.4s[K       6/10      10.5G     0.7298     0.4833    0.06377        342        640: 88% ━━━━━━━━━━╸─ 719/809 2.1it/s 5:53<42.3s[K       6/10      10.5G     0.7301     0.4832    0.06392        521        640: 88% ━━━━━━━━━━╸─ 720/809 1.6it/s 5:56<56.2s[K       6/10      10.5G     0.7301     0.4833    0.06392        351        640: 89% ━━━━━━━━━━╸─ 721/809 1.8it/s 5:57<49.3s[K       6/10      10.5G       0.73     0.4833     0.0639        282        640: 89% ━━━━━━━━━━╸─ 722/809 2.0it/s 5:57<44.4s[K       6/10      10.5G     0.7301     0.4832     0.0639        290        640: 89% ━━━━━━━━━━╸─ 723/809 2.1it/s 5:58<41.0s[K       6/10      10.5G     0.7297     0.4832    0.06388        239        640: 89% ━━━━━━━━━━╸─ 724/809 2.1it/s 5:58<39.6s[K       6/10      10.5G     0.7299     0.4832    0.06387        439        640: 89% ━━━━━━━━━━╸─ 725/809 2.1it/s 5:58<40.0s[K       6/10      10.5G     0.7299     0.4832    0.06387        411        640: 89% ━━━━━━━━━━╸─ 726/809 2.1it/s 5:59<39.4s[K       6/10      10.5G     0.7299     0.4834    0.06389        166        640: 89% ━━━━━━━━━━╸─ 727/809 2.3it/s 5:59<35.5s[K       6/10      10.5G     0.7298     0.4834    0.06388        398        640: 89% ━━━━━━━━━━╸─ 728/809 2.3it/s 5:60<35.7s[K       6/10      10.5G     0.7295     0.4833    0.06389        383        640: 90% ━━━━━━━━━━╸─ 729/809 2.2it/s 6:00<36.0s[K       6/10      10.5G     0.7292     0.4834    0.06388        246        640: 90% ━━━━━━━━━━╸─ 730/809 2.3it/s 6:01<34.2s[K       6/10      10.5G     0.7292     0.4834    0.06387        228        640: 90% ━━━━━━━━━━╸─ 731/809 2.3it/s 6:01<34.0s[K       6/10      10.5G     0.7293     0.4834    0.06387        493        640: 90% ━━━━━━━━━━╸─ 732/809 2.0it/s 6:02<38.6s[K       6/10      10.5G     0.7293     0.4834    0.06384        305        640: 90% ━━━━━━━━━━╸─ 733/809 2.1it/s 6:02<36.0s[K       6/10      10.5G     0.7294     0.4834    0.06385        339        640: 90% ━━━━━━━━━━╸─ 734/809 2.2it/s 6:03<34.2s[K       6/10      10.5G     0.7293     0.4835    0.06384        515        640: 90% ━━━━━━━━━━╸─ 735/809 2.1it/s 6:03<34.8s[K       6/10      10.5G     0.7293     0.4835    0.06383        370        640: 90% ━━━━━━━━━━╸─ 736/809 2.2it/s 6:04<33.8s[K       6/10      10.5G     0.7292     0.4835    0.06382        318        640: 91% ━━━━━━━━━━╸─ 737/809 2.2it/s 6:04<32.7s[K       6/10      10.5G     0.7291     0.4837    0.06383        346        640: 91% ━━━━━━━━━━╸─ 738/809 2.2it/s 6:05<33.0s[K       6/10      10.5G      0.729     0.4836    0.06385        250        640: 91% ━━━━━━━━━━╸─ 739/809 2.2it/s 6:05<31.9s[K       6/10      10.5G     0.7291     0.4836    0.06385        409        640: 91% ━━━━━━━━━━╸─ 740/809 2.1it/s 6:06<32.5s[K       6/10      10.5G     0.7291     0.4837    0.06384        358        640: 91% ━━━━━━━━━━╸─ 741/809 2.1it/s 6:06<31.9s[K       6/10      10.5G      0.729     0.4836    0.06384        418        640: 91% ━━━━━━━━━━━─ 742/809 2.1it/s 6:06<31.9s[K       6/10      10.5G     0.7293     0.4836    0.06383        323        640: 91% ━━━━━━━━━━━─ 743/809 2.1it/s 6:07<31.3s[K       6/10      10.5G     0.7293     0.4836    0.06383        350        640: 91% ━━━━━━━━━━━─ 744/809 2.1it/s 6:07<30.5s[K       6/10      10.5G     0.7293     0.4835    0.06382        308        640: 92% ━━━━━━━━━━━─ 745/809 2.2it/s 6:08<29.7s[K       6/10      10.5G     0.7293     0.4836     0.0638        489        640: 92% ━━━━━━━━━━━─ 746/809 2.1it/s 6:08<29.4s[K       6/10      10.5G     0.7293     0.4836    0.06382        386        640: 92% ━━━━━━━━━━━─ 747/809 2.1it/s 6:09<28.9s[K       6/10      10.5G     0.7296     0.4835    0.06392        637        640: 92% ━━━━━━━━━━━─ 748/809 1.7it/s 6:10<36.2s[K       6/10      10.5G     0.7296     0.4836    0.06396        310        640: 92% ━━━━━━━━━━━─ 749/809 1.8it/s 6:11<32.9s[K       6/10      10.5G     0.7297     0.4836    0.06395        376        640: 92% ━━━━━━━━━━━─ 750/809 1.9it/s 6:11<31.0s[K       6/10      10.5G     0.7296     0.4836    0.06395        385        640: 92% ━━━━━━━━━━━─ 751/809 2.0it/s 6:12<28.9s[K       6/10      10.5G       0.73     0.4836    0.06399        468        640: 92% ━━━━━━━━━━━─ 752/809 1.9it/s 6:12<30.0s[K       6/10      10.5G     0.7298     0.4836    0.06398        257        640: 93% ━━━━━━━━━━━─ 753/809 2.0it/s 6:13<27.3s[K       6/10      10.5G     0.7298     0.4836    0.06396        258        640: 93% ━━━━━━━━━━━─ 754/809 2.1it/s 6:13<25.7s[K       6/10      10.5G     0.7299     0.4836    0.06397        345        640: 93% ━━━━━━━━━━━─ 755/809 2.2it/s 6:14<24.8s[K       6/10      10.5G     0.7301     0.4836    0.06398        427        640: 93% ━━━━━━━━━━━─ 756/809 2.1it/s 6:14<25.8s[K       6/10      10.5G     0.7302     0.4836    0.06398        464        640: 93% ━━━━━━━━━━━─ 757/809 2.0it/s 6:15<25.6s[K       6/10      10.5G     0.7299     0.4836    0.06397        195        640: 93% ━━━━━━━━━━━─ 758/809 2.2it/s 6:15<23.2s[K       6/10      10.5G     0.7301     0.4835    0.06397        388        640: 93% ━━━━━━━━━━━─ 759/809 2.2it/s 6:16<23.1s[K       6/10      10.5G       0.73     0.4835    0.06395        297        640: 93% ━━━━━━━━━━━─ 760/809 2.2it/s 6:16<22.1s[K       6/10      10.5G     0.7298     0.4835    0.06394        346        640: 94% ━━━━━━━━━━━─ 761/809 2.2it/s 6:17<21.5s[K       6/10      10.5G     0.7297     0.4836    0.06394        323        640: 94% ━━━━━━━━━━━─ 762/809 2.3it/s 6:17<20.9s[K       6/10      10.5G     0.7296     0.4836    0.06393        340        640: 94% ━━━━━━━━━━━─ 763/809 2.3it/s 6:17<20.4s[K       6/10      10.5G     0.7299     0.4835    0.06394        414        640: 94% ━━━━━━━━━━━─ 764/809 2.0it/s 6:18<23.1s[K       6/10      10.5G     0.7297     0.4835    0.06392        234        640: 94% ━━━━━━━━━━━─ 765/809 2.1it/s 6:19<20.7s[K       6/10      10.5G       0.73     0.4835    0.06393        473        640: 94% ━━━━━━━━━━━─ 766/809 2.0it/s 6:19<21.1s[K       6/10      10.5G     0.7299     0.4835    0.06393        396        640: 94% ━━━━━━━━━━━─ 767/809 2.1it/s 6:20<20.0s[K       6/10      10.5G       0.73     0.4836    0.06394        302        640: 94% ━━━━━━━━━━━─ 768/809 2.2it/s 6:20<18.8s[K       6/10      10.5G     0.7299     0.4836    0.06393        364        640: 95% ━━━━━━━━━━━─ 769/809 2.2it/s 6:20<18.3s[K       6/10      10.5G     0.7299     0.4836     0.0639        397        640: 95% ━━━━━━━━━━━─ 770/809 2.2it/s 6:21<17.9s[K       6/10      10.5G     0.7298     0.4836     0.0639        302        640: 95% ━━━━━━━━━━━─ 771/809 2.2it/s 6:21<17.0s[K       6/10      10.5G     0.7296     0.4836    0.06391        287        640: 95% ━━━━━━━━━━━─ 772/809 2.2it/s 6:22<16.7s[K       6/10      10.5G     0.7297     0.4836    0.06391        345        640: 95% ━━━━━━━━━━━─ 773/809 2.2it/s 6:22<16.4s[K       6/10      10.5G     0.7298     0.4836    0.06391        394        640: 95% ━━━━━━━━━━━─ 774/809 2.1it/s 6:23<16.3s[K       6/10      10.5G     0.7295     0.4837    0.06392        288        640: 95% ━━━━━━━━━━━─ 775/809 2.3it/s 6:23<15.0s[K       6/10      10.5G     0.7296     0.4837    0.06393        334        640: 95% ━━━━━━━━━━━╸ 776/809 2.3it/s 6:24<14.6s[K       6/10      10.5G     0.7297     0.4837    0.06391        377        640: 96% ━━━━━━━━━━━╸ 777/809 2.3it/s 6:24<14.2s[K       6/10      10.5G     0.7294     0.4838    0.06389        173        640: 96% ━━━━━━━━━━━╸ 778/809 2.4it/s 6:24<13.0s[K       6/10      10.5G     0.7294     0.4838    0.06386        409        640: 96% ━━━━━━━━━━━╸ 779/809 2.4it/s 6:25<12.8s[K       6/10      10.5G     0.7292     0.4838    0.06385        328        640: 96% ━━━━━━━━━━━╸ 780/809 2.3it/s 6:25<12.8s[K       6/10      10.5G     0.7293     0.4838    0.06387        513        640: 96% ━━━━━━━━━━━╸ 781/809 2.1it/s 6:26<13.0s[K       6/10      10.5G     0.7292     0.4839    0.06385        285        640: 96% ━━━━━━━━━━━╸ 782/809 2.2it/s 6:26<12.2s[K       6/10      10.5G     0.7296     0.4838     0.0639        387        640: 96% ━━━━━━━━━━━╸ 783/809 2.1it/s 6:27<12.1s[K       6/10      10.5G     0.7297     0.4838    0.06388        358        640: 96% ━━━━━━━━━━━╸ 784/809 2.2it/s 6:27<11.6s[K       6/10      10.5G     0.7295     0.4838    0.06386        370        640: 97% ━━━━━━━━━━━╸ 785/809 2.2it/s 6:28<10.9s[K       6/10      10.5G     0.7294     0.4838    0.06385        303        640: 97% ━━━━━━━━━━━╸ 786/809 2.3it/s 6:28<10.1s[K       6/10      10.5G     0.7296     0.4838    0.06385        565        640: 97% ━━━━━━━━━━━╸ 787/809 2.1it/s 6:29<10.3s[K       6/10      10.5G     0.7296     0.4838    0.06383        311        640: 97% ━━━━━━━━━━━╸ 788/809 2.2it/s 6:29<9.8s[K       6/10      10.5G     0.7298     0.4838    0.06387        406        640: 97% ━━━━━━━━━━━╸ 789/809 2.1it/s 6:30<9.5s[K       6/10      10.5G     0.7299     0.4838    0.06386        354        640: 97% ━━━━━━━━━━━╸ 790/809 2.2it/s 6:30<8.8s[K       6/10      10.5G     0.7297     0.4839    0.06385        251        640: 97% ━━━━━━━━━━━╸ 791/809 2.2it/s 6:30<8.1s[K       6/10      10.5G     0.7297      0.484    0.06387        358        640: 97% ━━━━━━━━━━━╸ 792/809 2.3it/s 6:31<7.5s[K       6/10      10.5G     0.7295      0.484    0.06385        212        640: 98% ━━━━━━━━━━━╸ 793/809 2.4it/s 6:31<6.7s[K       6/10      10.5G     0.7295      0.484    0.06386        418        640: 98% ━━━━━━━━━━━╸ 794/809 2.2it/s 6:32<6.7s[K       6/10      10.5G     0.7294      0.484    0.06384        461        640: 98% ━━━━━━━━━━━╸ 795/809 2.1it/s 6:32<6.6s[K       6/10      10.5G     0.7293      0.484    0.06383        361        640: 98% ━━━━━━━━━━━╸ 796/809 2.1it/s 6:33<6.2s[K       6/10      10.5G     0.7292     0.4841    0.06384        241        640: 98% ━━━━━━━━━━━╸ 797/809 2.2it/s 6:33<5.5s[K       6/10      10.5G     0.7292      0.484    0.06382        357        640: 98% ━━━━━━━━━━━╸ 798/809 2.2it/s 6:34<5.0s[K       6/10      10.5G     0.7294      0.484    0.06382        431        640: 98% ━━━━━━━━━━━╸ 799/809 2.1it/s 6:34<4.7s[K       6/10      10.5G     0.7295      0.484    0.06385        545        640: 98% ━━━━━━━━━━━╸ 800/809 1.9it/s 6:35<4.8s[K       6/10      10.5G     0.7293      0.484    0.06383        271        640: 99% ━━━━━━━━━━━╸ 801/809 2.1it/s 6:35<3.9s[K       6/10      10.5G     0.7291     0.4841    0.06385        499        640: 99% ━━━━━━━━━━━╸ 802/809 2.0it/s 6:36<3.4s[K       6/10      10.5G     0.7292     0.4841    0.06387        302        640: 99% ━━━━━━━━━━━╸ 803/809 2.1it/s 6:36<2.8s[K       6/10      10.5G     0.7292     0.4841    0.06384        357        640: 99% ━━━━━━━━━━━╸ 804/809 2.1it/s 6:37<2.4s[K       6/10      10.5G     0.7293     0.4841    0.06385        337        640: 99% ━━━━━━━━━━━╸ 805/809 2.1it/s 6:37<1.9s[K       6/10      10.5G     0.7292     0.4842    0.06383        247        640: 99% ━━━━━━━━━━━╸ 806/809 2.2it/s 6:38<1.3s[K       6/10      10.5G     0.7295     0.4841    0.06389        484        640: 99% ━━━━━━━━━━━╸ 807/809 2.0it/s 6:38<1.0s[K       6/10      10.5G     0.7296     0.4841    0.06388        415        640: 99% ━━━━━━━━━━━╸ 808/809 2.1it/s 6:39<0.5s[K       6/10      10.5G     0.7296     0.4841    0.06388        415        640: 100% ━━━━━━━━━━━━ 809/809 2.0it/s 6:39
[K                 Class     Images  Instances      Box(P          R      mAP50  mAP50-95): 2% ──────────── 1/35 1.1s/it 0.3s<37.2s[K                 Class     Images  Instances      Box(P          R      mAP50  mAP50-95): 5% ╸─────────── 2/35 2.3it/s 0.5s<14.1s[K                 Class     Images  Instances      Box(P          R      mAP50  mAP50-95): 8% ━─────────── 3/35 2.9it/s 0.8s<11.2s[K                 Class     Images  Instances      Box(P          R      mAP50  mAP50-95): 11% ━─────────── 4/35 3.1it/s 1.0s<9.9s[K                 Class     Images  Instances      Box(P          R      mAP50  mAP50-95): 14% ━╸────────── 5/35 3.2it/s 1.3s<9.4s[K                 Class     Images  Instances      Box(P          R      mAP50  mAP50-95): 17% ━━────────── 6/35 3.3it/s 1.6s<8.9s[K                 Class     Images  Instances      Box(P          R      mAP50  mAP50-95): 20% ━━────────── 7/35 3.4it/s 1.9s<8.3s[K                 Class     Images  Instances      Box(P          R      mAP50  mAP50-95): 22% ━━╸───────── 8/35 3.0it/s 2.3s<8.9s[K                 Class     Images  Instances      Box(P          R      mAP50  mAP50-95): 25% ━━━───────── 9/35 3.4it/s 2.6s<7.7s[K                 Class     Images  Instances      Box(P          R      mAP50  mAP50-95): 28% ━━━───────── 10/35 3.7it/s 2.8s<6.7s[K                 Class     Images  Instances      Box(P          R      mAP50  mAP50-95): 31% ━━━╸──────── 11/35 3.5it/s 3.1s<6.9s[K                 Class     Images  Instances      Box(P          R      mAP50  mAP50-95): 34% ━━━━──────── 12/35 3.4it/s 3.4s<6.8s[K                 Class     Images  Instances      Box(P          R      mAP50  mAP50-95): 37% ━━━━──────── 13/35 3.5it/s 3.7s<6.2s[K                 Class     Images  Instances      Box(P          R      mAP50  mAP50-95): 40% ━━━━╸─────── 14/35 3.4it/s 4.0s<6.2s[K                 Class     Images  Instances      Box(P          R      mAP50  mAP50-95): 42% ━━━━━─────── 15/35 3.6it/s 4.3s<5.5s[K                 Class     Images  Instances      Box(P          R      mAP50  mAP50-95): 45% ━━━━━─────── 16/35 3.6it/s 4.6s<5.3s[K                 Class     Images  Instances      Box(P          R      mAP50  mAP50-95): 48% ━━━━━╸────── 17/35 3.3it/s 4.9s<5.5s[K                 Class     Images  Instances      Box(P          R      mAP50  mAP50-95): 51% ━━━━━━────── 18/35 3.5it/s 5.2s<4.9s[K                 Class     Images  Instances      Box(P          R      mAP50  mAP50-95): 54% ━━━━━━╸───── 19/35 3.5it/s 5.5s<4.5s[K                 Class     Images  Instances      Box(P          R      mAP50  mAP50-95): 57% ━━━━━━╸───── 20/35 3.8it/s 5.7s<4.0s[K                 Class     Images  Instances      Box(P          R      mAP50  mAP50-95): 60% ━━━━━━━───── 21/35 3.6it/s 6.0s<3.8s[K                 Class     Images  Instances      Box(P          R      mAP50  mAP50-95): 62% ━━━━━━━╸──── 22/35 3.2it/s 6.5s<4.1s[K                 Class     Images  Instances      Box(P          R      mAP50  mAP50-95): 65% ━━━━━━━╸──── 23/35 2.5it/s 7.4s<4.8s[K                 Class     Images  Instances      Box(P          R      mAP50  mAP50-95): 68% ━━━━━━━━──── 24/35 1.9it/s 9.4s<5.7s[K                 Class     Images  Instances      Box(P          R      mAP50  mAP50-95): 71% ━━━━━━━━╸─── 25/35 2.2it/s 9.7s<4.6s[K                 Class     Images  Instances      Box(P          R      mAP50  mAP50-95): 74% ━━━━━━━━╸─── 26/35 2.8it/s 10.0s<3.2s[K                 Class     Images  Instances      Box(P          R      mAP50  mAP50-95): 77% ━━━━━━━━━─── 27/35 2.8it/s 10.3s<2.8s[K                 Class     Images  Instances      Box(P          R      mAP50  mAP50-95): 80% ━━━━━━━━━╸── 28/35 2.9it/s 10.7s<2.4s[K                 Class     Images  Instances      Box(P          R      mAP50  mAP50-95): 82% ━━━━━━━━━╸── 29/35 3.2it/s 10.9s<1.9s[K                 Class     Images  Instances      Box(P          R      mAP50  mAP50-95): 85% ━━━━━━━━━━── 30/35 3.3it/s 11.2s<1.5s[K                 Class     Images  Instances      Box(P          R      mAP50  mAP50-95): 88% ━━━━━━━━━━╸─ 31/35 3.3it/s 11.5s<1.2s[K                 Class     Images  Instances      Box(P          R      mAP50  mAP50-95): 91% ━━━━━━━━━━╸─ 32/35 3.3it/s 11.8s<0.9s[K                 Class     Images  Instances      Box(P          R      mAP50  mAP50-95): 94% ━━━━━━━━━━━─ 33/35 3.5it/s 12.1s<0.6s[K                 Class     Images  Instances      Box(P          R      mAP50  mAP50-95): 97% ━━━━━━━━━━━╸ 34/35 3.8it/s 12.3s<0.3s[K                 Class     Images  Instances      Box(P          R      mAP50  mAP50-95): 100% ━━━━━━━━━━━━ 35/35 2.8it/s 12.4s
                   all        548      38759      0.511      0.436      0.414      0.242

      Epoch    GPU_mem  giou_loss   cls_loss    l1_loss  Instances       Size
/root/data/uav/venv/lib/python3.10/site-packages/torch/autograd/graph.py:825: UserWarning: grid_sampler_2d_backward_cuda does not have a deterministic implementation, but you set 'torch.use_deterministic_algorithms(True, warn_only=True)'. You can file an issue at https://github.com/pytorch/pytorch/issues to help us prioritize adding deterministic support for this operation. (Triggered internally at ../aten/src/ATen/Context.cpp:91.)
  return Variable._execution_engine.run_backward(  # Calls into the C++ engine to run the backward pass
[K       7/10      10.5G      1.091     0.4091     0.1666        599        640: 0% ──────────── 0/809  1.4s[K       7/10      10.5G     0.8265     0.4689     0.1063        194        640: 0% ──────────── 1/809 1.3s/it 1.8s<17:25[K       7/10      10.5G     0.8412      0.461    0.09714        455        640: 0% ──────────── 2/809 1.1it/s 2.3s<12:42[K       7/10      10.5G     0.8705     0.4521    0.09809        572        640: 0% ──────────── 3/809 1.1it/s 3.1s<11:44[K       7/10      10.5G     0.8623     0.4636    0.09394        364        640: 0% ──────────── 4/809 1.4it/s 3.6s<9:19[K       7/10      10.5G     0.8749      0.456    0.09162        696        640: 0% ──────────── 5/809 1.4it/s 4.3s<9:18[K       7/10      10.5G     0.8653     0.4592    0.08843        298        640: 0% ──────────── 6/809 1.7it/s 4.7s<7:51[K       7/10      10.5G     0.8695     0.4583    0.08681        377        640: 0% ──────────── 7/809 1.8it/s 5.2s<7:37[K       7/10      10.5G     0.8424     0.4609    0.08419        266        640: 0% ──────────── 8/809 1.9it/s 5.6s<6:56[K       7/10      10.5G     0.8325     0.4621    0.08143        499        640: 1% ──────────── 9/809 1.9it/s 6.2s<6:59[K       7/10      10.5G      0.823     0.4625    0.07853        355        640: 1% ──────────── 10/809 2.0it/s 6.7s<6:47[K       7/10      10.5G     0.7977     0.4687    0.07694        221        640: 1% ──────────── 11/809 2.1it/s 7.1s<6:24[K       7/10      10.5G     0.7982     0.4682    0.07572        520        640: 1% ──────────── 12/809 2.0it/s 7.6s<6:34[K       7/10      10.5G     0.8042     0.4656    0.07552        512        640: 1% ──────────── 13/809 1.9it/s 8.2s<6:55[K       7/10      10.5G     0.7933     0.4679    0.07431        337        640: 1% ──────────── 14/809 2.0it/s 8.7s<6:34[K       7/10      10.5G     0.7895      0.468    0.07358        342        640: 1% ──────────── 15/809 2.1it/s 9.1s<6:25[K       7/10      10.5G     0.7811     0.4717     0.0722        304        640: 1% ──────────── 16/809 2.2it/s 9.5s<6:08[K       7/10      10.5G     0.7794     0.4743    0.07173        300        640: 2% ──────────── 17/809 2.2it/s 10.0s<5:59[K       7/10      10.5G     0.7785     0.4746    0.07114        391        640: 2% ──────────── 18/809 2.2it/s 10.4s<5:57[K       7/10      10.5G     0.7794     0.4748    0.07067        587        640: 2% ──────────── 19/809 2.1it/s 11.0s<6:24[K       7/10      10.5G     0.7766     0.4753    0.07091        338        640: 2% ──────────── 20/809 2.2it/s 11.4s<6:06[K       7/10      10.5G     0.7744     0.4761    0.07026        354        640: 2% ──────────── 21/809 2.2it/s 11.9s<6:00[K       7/10      10.5G     0.7801     0.4755    0.07134        369        640: 2% ──────────── 22/809 2.2it/s 12.3s<6:04[K       7/10      10.5G     0.7696     0.4788    0.07066        269        640: 2% ──────────── 23/809 2.2it/s 12.8s<5:56[K       7/10      10.5G      0.767     0.4798    0.07031        342        640: 2% ──────────── 24/809 2.2it/s 13.2s<5:52[K       7/10      10.5G      0.767     0.4793    0.06939        372        640: 3% ──────────── 25/809 2.2it/s 13.7s<5:55[K       7/10      10.5G     0.7624       0.48    0.06887        276        640: 3% ──────────── 26/809 2.3it/s 14.1s<5:43[K       7/10      10.5G     0.7564     0.4791    0.06823        261        640: 3% ──────────── 27/809 2.3it/s 14.5s<5:47[K       7/10      10.5G     0.7521     0.4799    0.06747        310        640: 3% ──────────── 28/809 2.3it/s 15.0s<5:38[K       7/10      10.5G     0.7532     0.4808    0.06763        395        640: 3% ──────────── 29/809 2.3it/s 15.4s<5:45[K       7/10      10.5G     0.7503     0.4815    0.06725        255        640: 3% ──────────── 30/809 2.3it/s 15.8s<5:35[K       7/10      10.5G     0.7534     0.4813    0.06756        281        640: 3% ──────────── 31/809 2.3it/s 16.3s<5:34[K       7/10      10.5G     0.7606     0.4791    0.07031        704        640: 3% ──────────── 32/809 1.9it/s 17.3s<6:46[K       7/10      10.5G     0.7653     0.4796    0.07117        394        640: 4% ──────────── 33/809 1.8it/s 17.9s<7:00[K       7/10      10.5G      0.761     0.4805    0.07064        438        640: 4% ╸─────────── 34/809 1.9it/s 18.4s<6:41[K       7/10      10.5G     0.7583     0.4809    0.07018        218        640: 4% ╸─────────── 35/809 2.1it/s 18.8s<6:17[K       7/10      10.5G     0.7578     0.4809    0.06974        347        640: 4% ╸─────────── 36/809 2.1it/s 19.2s<5:60[K       7/10      10.5G     0.7545     0.4806    0.06921        283        640: 4% ╸─────────── 37/809 2.2it/s 19.6s<5:45[K       7/10      10.5G     0.7514     0.4815    0.06895        302        640: 4% ╸─────────── 38/809 2.3it/s 20.1s<5:41[K       7/10      10.5G     0.7524     0.4809     0.0688        413        640: 4% ╸─────────── 39/809 2.2it/s 20.6s<5:51[K       7/10      10.5G     0.7518     0.4799    0.06844        394        640: 4% ╸─────────── 40/809 2.1it/s 21.1s<5:59[K       7/10      10.5G     0.7522     0.4807      0.068        212        640: 5% ╸─────────── 41/809 2.3it/s 21.4s<5:38[K       7/10      10.5G     0.7481     0.4812    0.06793        269        640: 5% ╸─────────── 42/809 2.3it/s 21.9s<5:37[K       7/10      10.5G     0.7485     0.4819    0.06789        511        640: 5% ╸─────────── 43/809 2.1it/s 22.5s<6:01[K       7/10      10.5G     0.7455     0.4825     0.0674        273        640: 5% ╸─────────── 44/809 2.2it/s 22.8s<5:41[K       7/10      10.5G     0.7469     0.4824    0.06749        367        640: 5% ╸─────────── 45/809 2.2it/s 23.3s<5:42[K       7/10      10.5G     0.7471     0.4825    0.06793        299        640: 5% ╸─────────── 46/809 2.2it/s 23.7s<5:40[K       7/10      10.5G     0.7495     0.4819    0.06778        449        640: 5% ╸─────────── 47/809 2.2it/s 24.2s<5:48[K       7/10      10.5G     0.7516     0.4814     0.0677        491        640: 5% ╸─────────── 48/809 2.1it/s 24.8s<6:06[K       7/10      10.5G     0.7491     0.4818     0.0675        270        640: 6% ╸─────────── 49/809 2.1it/s 25.2s<5:56[K       7/10      10.5G     0.7508     0.4812    0.06766        382        640: 6% ╸─────────── 50/809 2.0it/s 25.8s<6:20[K       7/10      10.5G      0.749     0.4818     0.0675        334        640: 6% ╸─────────── 51/809 2.0it/s 26.3s<6:21[K       7/10      10.5G      0.748     0.4828    0.06773        253        640: 6% ╸─────────── 52/809 2.1it/s 26.7s<5:57[K       7/10      10.5G     0.7497     0.4824    0.06761        532        640: 6% ╸─────────── 53/809 2.1it/s 27.2s<6:06[K       7/10      10.5G     0.7501     0.4824    0.06742        566        640: 6% ╸─────────── 54/809 2.0it/s 27.8s<6:14[K       7/10      10.5G     0.7509      0.483    0.06705        404        640: 6% ╸─────────── 55/809 2.0it/s 28.3s<6:13[K       7/10      10.5G     0.7511     0.4836    0.06746        309        640: 6% ╸─────────── 56/809 2.1it/s 28.7s<5:57[K       7/10      10.5G     0.7537      0.484    0.06756        443        640: 7% ╸─────────── 57/809 2.1it/s 29.2s<6:01[K       7/10      10.5G     0.7549     0.4833     0.0674        343        640: 7% ╸─────────── 58/809 2.1it/s 29.7s<6:01[K       7/10      10.5G     0.7536     0.4827    0.06712        264        640: 7% ╸─────────── 59/809 2.1it/s 30.1s<5:56[K       7/10      10.5G     0.7493     0.4846    0.06683        185        640: 7% ╸─────────── 60/809 2.3it/s 30.5s<5:26[K       7/10      10.5G     0.7519     0.4838    0.06714        473        640: 7% ╸─────────── 61/809 2.1it/s 31.2s<6:03[K       7/10      10.5G     0.7494     0.4843    0.06711        223        640: 7% ╸─────────── 62/809 2.2it/s 31.6s<5:44[K       7/10      10.5G     0.7465     0.4842     0.0671        322        640: 7% ╸─────────── 63/809 2.2it/s 32.0s<5:35[K       7/10      10.5G     0.7459     0.4836    0.06702        339        640: 7% ╸─────────── 64/809 2.2it/s 32.4s<5:33[K       7/10      10.5G     0.7456     0.4831    0.06684        394        640: 8% ╸─────────── 65/809 2.2it/s 32.9s<5:40[K       7/10      10.5G      0.746     0.4821    0.06704        433        640: 8% ╸─────────── 66/809 2.1it/s 33.4s<5:51[K       7/10      10.5G     0.7458     0.4823    0.06697        356        640: 8% ╸─────────── 67/809 2.1it/s 33.9s<5:54[K       7/10      10.5G     0.7479     0.4821    0.06701        512        640: 8% ━─────────── 68/809 1.9it/s 34.6s<6:23[K       7/10      10.5G     0.7482      0.482    0.06683        272        640: 8% ━─────────── 69/809 2.1it/s 35.0s<5:60[K       7/10      10.5G     0.7505      0.481    0.06717        511        640: 8% ━─────────── 70/809 2.0it/s 35.6s<6:18[K       7/10      10.5G     0.7483     0.4819    0.06722        332        640: 8% ━─────────── 71/809 2.1it/s 36.0s<5:55[K       7/10      10.5G     0.7475     0.4819    0.06708        294        640: 8% ━─────────── 72/809 2.2it/s 36.4s<5:40[K       7/10      10.5G      0.747     0.4823    0.06678        341        640: 9% ━─────────── 73/809 2.2it/s 36.8s<5:30[K       7/10      10.5G     0.7456     0.4829    0.06684        236        640: 9% ━─────────── 74/809 2.3it/s 37.2s<5:19[K       7/10      10.5G     0.7456      0.483    0.06699        307        640: 9% ━─────────── 75/809 2.3it/s 37.7s<5:24[K       7/10      10.5G     0.7452     0.4831    0.06682        626        640: 9% ━─────────── 76/809 2.1it/s 38.3s<5:44[K       7/10      10.5G     0.7463     0.4833    0.06685        342        640: 9% ━─────────── 77/809 2.1it/s 38.8s<5:49[K       7/10      10.5G     0.7434     0.4832     0.0665        376        640: 9% ━─────────── 78/809 2.1it/s 39.2s<5:43[K       7/10      10.5G      0.744     0.4835    0.06695        397        640: 9% ━─────────── 79/809 2.1it/s 39.7s<5:45[K       7/10      10.5G     0.7439     0.4833    0.06707        265        640: 9% ━─────────── 80/809 2.2it/s 40.1s<5:33[K       7/10      10.5G     0.7414      0.484    0.06691        347        640: 10% ━─────────── 81/809 2.2it/s 40.5s<5:26[K       7/10      10.5G       0.74     0.4843    0.06674        277        640: 10% ━─────────── 82/809 2.3it/s 41.0s<5:20[K       7/10      10.5G     0.7408     0.4842    0.06661        398        640: 10% ━─────────── 83/809 2.2it/s 41.4s<5:28[K       7/10      10.5G     0.7416     0.4838     0.0666        307        640: 10% ━─────────── 84/809 2.2it/s 41.9s<5:24[K       7/10      10.5G       0.74      0.484    0.06644        305        640: 10% ━─────────── 85/809 2.3it/s 42.3s<5:09[K       7/10      10.5G     0.7429      0.483    0.06664        510        640: 10% ━─────────── 86/809 1.9it/s 43.6s<6:27[K       7/10      10.5G     0.7414     0.4835    0.06661        311        640: 10% ━─────────── 87/809 2.0it/s 44.0s<5:60[K       7/10      10.5G     0.7426     0.4834    0.06645        528        640: 10% ━─────────── 88/809 2.0it/s 44.5s<6:06[K       7/10      10.5G     0.7427     0.4833    0.06626        331        640: 11% ━─────────── 89/809 2.0it/s 45.0s<5:57[K       7/10      10.5G     0.7412     0.4837    0.06614        288        640: 11% ━─────────── 90/809 2.1it/s 45.4s<5:38[K       7/10      10.5G     0.7396     0.4836    0.06591        295        640: 11% ━─────────── 91/809 2.2it/s 45.9s<5:33[K       7/10      10.5G     0.7416     0.4827    0.06581        591        640: 11% ━─────────── 92/809 2.0it/s 46.5s<6:04[K       7/10      10.5G     0.7434     0.4826    0.06589        384        640: 11% ━─────────── 93/809 2.0it/s 47.0s<6:01[K       7/10      10.5G     0.7423     0.4831    0.06586        194        640: 11% ━─────────── 94/809 2.2it/s 47.4s<5:23[K       7/10      10.5G     0.7409     0.4829    0.06585        305        640: 11% ━─────────── 95/809 2.3it/s 47.8s<5:12[K       7/10      10.5G      0.741      0.483    0.06569        423        640: 11% ━─────────── 96/809 2.2it/s 48.3s<5:23[K       7/10      10.5G     0.7397     0.4835    0.06556        319        640: 11% ━─────────── 97/809 2.3it/s 48.7s<5:16[K       7/10      10.5G     0.7399     0.4838    0.06555        322        640: 12% ━─────────── 98/809 2.3it/s 49.1s<5:09[K       7/10      10.5G     0.7392     0.4837    0.06542        346        640: 12% ━─────────── 99/809 2.3it/s 49.6s<5:14[K       7/10      10.5G     0.7396     0.4837    0.06537        441        640: 12% ━─────────── 100/809 2.2it/s 50.1s<5:28[K       7/10      10.5G     0.7391     0.4837    0.06523        367        640: 12% ━─────────── 101/809 2.2it/s 50.6s<5:25[K       7/10      10.5G     0.7393     0.4838    0.06509        490        640: 12% ━╸────────── 102/809 2.1it/s 51.1s<5:31[K       7/10      10.5G     0.7405     0.4834    0.06504        504        640: 12% ━╸────────── 103/809 2.0it/s 51.6s<5:51[K       7/10      10.5G     0.7426     0.4832    0.06545        350        640: 12% ━╸────────── 104/809 1.9it/s 52.2s<6:05[K       7/10      10.5G     0.7442     0.4831    0.06542        334        640: 12% ━╸────────── 105/809 2.0it/s 52.7s<5:60[K       7/10      10.5G      0.743     0.4829     0.0654        311        640: 13% ━╸────────── 106/809 2.1it/s 53.1s<5:42[K       7/10      10.5G     0.7438     0.4828    0.06536        371        640: 13% ━╸────────── 107/809 2.0it/s 53.7s<5:46[K       7/10      10.5G     0.7422     0.4835    0.06523        274        640: 13% ━╸────────── 108/809 2.2it/s 54.1s<5:22[K       7/10      10.5G     0.7422     0.4838    0.06513        382        640: 13% ━╸────────── 109/809 2.2it/s 54.5s<5:18[K       7/10      10.5G     0.7449      0.483    0.06588        484        640: 13% ━╸────────── 110/809 1.9it/s 55.2s<6:00[K       7/10      10.5G     0.7456     0.4828    0.06595        325        640: 13% ━╸────────── 111/809 2.0it/s 55.7s<5:43[K       7/10      10.5G     0.7459     0.4825    0.06582        436        640: 13% ━╸────────── 112/809 2.0it/s 56.2s<5:44[K       7/10      10.5G     0.7472      0.482    0.06581        525        640: 13% ━╸────────── 113/809 2.0it/s 56.7s<5:55[K       7/10      10.5G     0.7488     0.4815    0.06603        678        640: 14% ━╸────────── 114/809 1.8it/s 57.4s<6:22[K       7/10      10.5G     0.7486     0.4816    0.06602        343        640: 14% ━╸────────── 115/809 1.9it/s 57.9s<6:12[K       7/10      10.5G     0.7487     0.4818    0.06601        356        640: 14% ━╸────────── 116/809 2.0it/s 58.4s<5:51[K       7/10      10.5G     0.7483     0.4817    0.06604        412        640: 14% ━╸────────── 117/809 2.0it/s 58.8s<5:40[K       7/10      10.5G     0.7487     0.4816    0.06611        376        640: 14% ━╸────────── 118/809 2.1it/s 59.3s<5:32[K       7/10      10.5G     0.7462     0.4818    0.06601        232        640: 14% ━╸────────── 119/809 2.2it/s 59.7s<5:11[K       7/10      10.5G     0.7468     0.4818    0.06626        301        640: 14% ━╸────────── 120/809 2.2it/s 1:00<5:11[K       7/10      10.5G     0.7458     0.4823    0.06615        352        640: 14% ━╸────────── 121/809 2.3it/s 1:01<5:04[K       7/10      10.5G     0.7454     0.4828    0.06606        292        640: 15% ━╸────────── 122/809 2.3it/s 1:01<5:00[K       7/10      10.5G     0.7452     0.4828    0.06599        370        640: 15% ━╸────────── 123/809 2.2it/s 1:01<5:09[K       7/10      10.5G     0.7464     0.4828    0.06613        483        640: 15% ━╸────────── 124/809 2.1it/s 1:02<5:30[K       7/10      10.5G     0.7448      0.483    0.06608        223        640: 15% ━╸────────── 125/809 2.2it/s 1:02<5:11[K       7/10      10.5G      0.745     0.4832    0.06632        353        640: 15% ━╸────────── 126/809 2.2it/s 1:03<5:08[K       7/10      10.5G     0.7457     0.4833    0.06631        450        640: 15% ━╸────────── 127/809 2.1it/s 1:03<5:20[K       7/10      10.5G     0.7453     0.4836    0.06635        334        640: 15% ━╸────────── 128/809 2.2it/s 1:04<5:13[K       7/10      10.5G     0.7454     0.4833    0.06633        335        640: 15% ━╸────────── 129/809 2.2it/s 1:04<5:05[K       7/10      10.5G     0.7449     0.4834    0.06632        405        640: 16% ━╸────────── 130/809 2.2it/s 1:05<5:05[K       7/10      10.5G     0.7435     0.4838    0.06617        234        640: 16% ━╸────────── 131/809 2.2it/s 1:05<5:03[K       7/10      10.5G     0.7439     0.4835    0.06625        626        640: 16% ━╸────────── 132/809 2.1it/s 1:06<5:23[K       7/10      10.5G     0.7443     0.4831    0.06616        412        640: 16% ━╸────────── 133/809 2.0it/s 1:06<5:33[K       7/10      10.5G     0.7439     0.4833    0.06605        332        640: 16% ━╸────────── 134/809 2.1it/s 1:07<5:20[K       7/10      10.5G     0.7437     0.4833      0.066        353        640: 16% ━━────────── 135/809 2.1it/s 1:07<5:15[K       7/10      10.5G      0.744     0.4834     0.0659        434        640: 16% ━━────────── 136/809 2.1it/s 1:08<5:20[K       7/10      10.5G     0.7446     0.4829    0.06593        424        640: 16% ━━────────── 137/809 2.0it/s 1:08<5:30[K       7/10      10.5G     0.7445     0.4831    0.06586        288        640: 17% ━━────────── 138/809 2.1it/s 1:09<5:22[K       7/10      10.5G     0.7433     0.4833    0.06578        283        640: 17% ━━────────── 139/809 2.1it/s 1:09<5:22[K       7/10      10.5G     0.7415     0.4835    0.06571        170        640: 17% ━━────────── 140/809 2.3it/s 1:09<4:55[K       7/10      10.5G     0.7438     0.4829    0.06603        485        640: 17% ━━────────── 141/809 1.8it/s 1:11<6:12[K       7/10      10.5G     0.7428      0.483    0.06607        340        640: 17% ━━────────── 142/809 1.9it/s 1:11<5:53[K       7/10      10.5G      0.742      0.483    0.06588        302        640: 17% ━━────────── 143/809 2.0it/s 1:12<5:26[K       7/10      10.5G     0.7422     0.4829    0.06588        498        640: 17% ━━────────── 144/809 2.0it/s 1:12<5:30[K       7/10      10.5G     0.7417     0.4829    0.06585        362        640: 17% ━━────────── 145/809 2.0it/s 1:13<5:25[K       7/10      10.5G     0.7408     0.4832    0.06576        386        640: 18% ━━────────── 146/809 2.1it/s 1:13<5:19[K       7/10      10.5G       0.74     0.4832    0.06567        229        640: 18% ━━────────── 147/809 2.1it/s 1:14<5:14[K       7/10      10.5G     0.7403     0.4832    0.06564        304        640: 18% ━━────────── 148/809 2.2it/s 1:14<5:04[K       7/10      10.5G     0.7411     0.4832    0.06592        619        640: 18% ━━────────── 149/809 2.0it/s 1:15<5:32[K       7/10      10.5G     0.7413     0.4833    0.06589        458        640: 18% ━━────────── 150/809 2.0it/s 1:15<5:36[K       7/10      10.5G     0.7407     0.4836    0.06583        391        640: 18% ━━────────── 151/809 2.0it/s 1:16<5:25[K       7/10      10.5G     0.7399     0.4835    0.06572        376        640: 18% ━━────────── 152/809 2.1it/s 1:16<5:12[K       7/10      10.5G     0.7398     0.4836    0.06573        506        640: 18% ━━────────── 153/809 2.1it/s 1:17<5:17[K       7/10      10.5G     0.7397     0.4836    0.06569        316        640: 19% ━━────────── 154/809 2.1it/s 1:17<5:06[K       7/10      10.5G     0.7401     0.4837    0.06571        236        640: 19% ━━────────── 155/809 2.1it/s 1:18<5:04[K       7/10      10.5G     0.7394     0.4838    0.06568        270        640: 19% ━━────────── 156/809 2.2it/s 1:18<4:55[K       7/10      10.5G     0.7401     0.4835    0.06569        347        640: 19% ━━────────── 157/809 2.2it/s 1:18<4:52[K       7/10      10.5G     0.7402     0.4836    0.06566        317        640: 19% ━━────────── 158/809 2.3it/s 1:19<4:49[K       7/10      10.5G     0.7396     0.4838    0.06573        291        640: 19% ━━────────── 159/809 2.3it/s 1:19<4:44[K       7/10      10.5G     0.7401     0.4836    0.06583        454        640: 19% ━━────────── 160/809 2.2it/s 1:20<4:56[K       7/10      10.5G     0.7402     0.4835     0.0658        508        640: 19% ━━────────── 161/809 2.1it/s 1:20<5:10[K       7/10      10.5G     0.7396     0.4836     0.0657        331        640: 20% ━━────────── 162/809 2.2it/s 1:21<5:00[K       7/10      10.5G     0.7381     0.4836    0.06558        427        640: 20% ━━────────── 163/809 2.1it/s 1:21<5:08[K       7/10      10.5G     0.7389     0.4833    0.06569        454        640: 20% ━━────────── 164/809 2.0it/s 1:22<5:23[K       7/10      10.5G     0.7382     0.4834    0.06554        319        640: 20% ━━────────── 165/809 2.1it/s 1:22<5:07[K       7/10      10.5G     0.7374     0.4835    0.06549        445        640: 20% ━━────────── 166/809 2.1it/s 1:23<5:05[K       7/10      10.5G     0.7378     0.4834    0.06546        383        640: 20% ━━────────── 167/809 2.1it/s 1:23<5:02[K       7/10      10.5G     0.7389     0.4833    0.06549        291        640: 20% ━━────────── 168/809 2.2it/s 1:24<4:50[K       7/10      10.5G     0.7384     0.4832    0.06541        340        640: 20% ━━╸───────── 169/809 2.2it/s 1:24<4:50[K       7/10      10.5G     0.7378     0.4832    0.06535        268        640: 21% ━━╸───────── 170/809 2.3it/s 1:25<4:42[K       7/10      10.5G     0.7376     0.4831    0.06529        300        640: 21% ━━╸───────── 171/809 2.2it/s 1:25<4:50[K       7/10      10.5G     0.7373     0.4832    0.06528        256        640: 21% ━━╸───────── 172/809 2.3it/s 1:25<4:38[K       7/10      10.5G     0.7367     0.4833    0.06527        313        640: 21% ━━╸───────── 173/809 2.3it/s 1:26<4:34[K       7/10      10.5G     0.7357     0.4832    0.06521        297        640: 21% ━━╸───────── 174/809 2.3it/s 1:26<4:35[K       7/10      10.5G     0.7357     0.4833    0.06514        359        640: 21% ━━╸───────── 175/809 2.3it/s 1:27<4:34[K       7/10      10.5G     0.7356     0.4834    0.06509        309        640: 21% ━━╸───────── 176/809 2.4it/s 1:27<4:29[K       7/10      10.5G     0.7341     0.4833    0.06494        285        640: 21% ━━╸───────── 177/809 2.4it/s 1:28<4:24[K       7/10      10.5G     0.7344     0.4834    0.06489        561        640: 22% ━━╸───────── 178/809 2.2it/s 1:28<4:41[K       7/10      10.5G     0.7347     0.4832    0.06493        711        640: 22% ━━╸───────── 179/809 1.9it/s 1:29<5:32[K       7/10      10.5G      0.735      0.483    0.06495        439        640: 22% ━━╸───────── 180/809 1.7it/s 1:30<6:05[K       7/10      10.5G     0.7352     0.4828    0.06491        354        640: 22% ━━╸───────── 181/809 1.8it/s 1:30<5:48[K       7/10      10.5G     0.7366     0.4828    0.06507        491        640: 22% ━━╸───────── 182/809 1.8it/s 1:31<5:40[K       7/10      10.5G     0.7381     0.4825    0.06582        686        640: 22% ━━╸───────── 183/809 1.4it/s 1:33<7:13[K       7/10      10.5G     0.7371     0.4827    0.06577        289        640: 22% ━━╸───────── 184/809 1.7it/s 1:33<6:03[K       7/10      10.5G     0.7361     0.4831    0.06578        177        640: 22% ━━╸───────── 185/809 2.0it/s 1:33<5:06[K       7/10      10.5G     0.7354     0.4834    0.06574        358        640: 22% ━━╸───────── 186/809 2.2it/s 1:34<4:50[K       7/10      10.5G     0.7346     0.4836    0.06573        283        640: 23% ━━╸───────── 187/809 2.1it/s 1:34<4:51[K       7/10      10.5G     0.7335     0.4837    0.06574        362        640: 23% ━━╸───────── 188/809 2.2it/s 1:35<4:44[K       7/10      10.5G     0.7331     0.4837    0.06567        343        640: 23% ━━╸───────── 189/809 2.2it/s 1:35<4:43[K       7/10      10.5G     0.7317     0.4839    0.06562        271        640: 23% ━━╸───────── 190/809 2.2it/s 1:36<4:35[K       7/10      10.5G     0.7339     0.4832    0.06575        301        640: 23% ━━╸───────── 191/809 2.1it/s 1:36<4:54[K       7/10      10.5G     0.7349     0.4831    0.06574        456        640: 23% ━━╸───────── 192/809 2.0it/s 1:37<5:04[K       7/10      10.5G     0.7336     0.4833    0.06568        245        640: 23% ━━╸───────── 193/809 2.2it/s 1:37<4:45[K       7/10      10.5G     0.7345     0.4831    0.06563        396        640: 23% ━━╸───────── 194/809 2.2it/s 1:38<4:45[K       7/10      10.5G     0.7343     0.4833    0.06556        419        640: 24% ━━╸───────── 195/809 2.0it/s 1:38<5:05[K       7/10      10.5G     0.7341     0.4833    0.06551        302        640: 24% ━━╸───────── 196/809 2.1it/s 1:39<4:51[K       7/10      10.5G     0.7337     0.4835    0.06549        304        640: 24% ━━╸───────── 197/809 2.2it/s 1:39<4:36[K       7/10      10.5G     0.7339     0.4834    0.06542        394        640: 24% ━━╸───────── 198/809 2.2it/s 1:40<4:39[K       7/10      10.5G     0.7333     0.4835    0.06533        294        640: 24% ━━╸───────── 199/809 2.3it/s 1:40<4:27[K       7/10      10.5G     0.7332     0.4835    0.06524        336        640: 24% ━━╸───────── 200/809 2.4it/s 1:40<4:19[K       7/10      10.5G     0.7341     0.4833    0.06521        377        640: 24% ━━╸───────── 201/809 2.3it/s 1:41<4:23[K       7/10      10.5G     0.7343     0.4833     0.0652        512        640: 24% ━━╸───────── 202/809 2.2it/s 1:41<4:39[K       7/10      10.5G     0.7344     0.4833    0.06514        407        640: 25% ━━━───────── 203/809 2.1it/s 1:42<4:48[K       7/10      10.5G     0.7357     0.4829    0.06522        411        640: 25% ━━━───────── 204/809 2.0it/s 1:43<5:10[K       7/10      10.5G     0.7361     0.4827     0.0652        272        640: 25% ━━━───────── 205/809 2.1it/s 1:43<4:53[K       7/10      10.5G     0.7364     0.4827    0.06517        303        640: 25% ━━━───────── 206/809 2.2it/s 1:43<4:40[K       7/10      10.5G     0.7362     0.4829    0.06537        306        640: 25% ━━━───────── 207/809 2.2it/s 1:44<4:35[K       7/10      10.5G     0.7372     0.4829    0.06535        499        640: 25% ━━━───────── 208/809 2.1it/s 1:44<4:46[K       7/10      10.5G     0.7371      0.483    0.06532        409        640: 25% ━━━───────── 209/809 2.1it/s 1:45<4:51[K       7/10      10.5G     0.7371      0.483    0.06528        508        640: 25% ━━━───────── 210/809 2.0it/s 1:45<4:58[K       7/10      10.5G     0.7376     0.4827    0.06537        537        640: 26% ━━━───────── 211/809 1.8it/s 1:46<5:26[K       7/10      10.5G     0.7378     0.4829    0.06538        222        640: 26% ━━━───────── 212/809 2.0it/s 1:46<4:55[K       7/10      10.5G     0.7368     0.4831    0.06523        259        640: 26% ━━━───────── 213/809 2.2it/s 1:47<4:35[K       7/10      10.5G     0.7365     0.4833    0.06532        317        640: 26% ━━━───────── 214/809 2.2it/s 1:47<4:31[K       7/10      10.5G     0.7368     0.4833    0.06528        428        640: 26% ━━━───────── 215/809 2.2it/s 1:48<4:33[K       7/10      10.5G     0.7394     0.4827    0.06559        660        640: 26% ━━━───────── 216/809 1.6it/s 1:54<6:17[K       7/10      10.5G     0.7402     0.4826     0.0656        432        640: 26% ━━━───────── 217/809 1.7it/s 1:54<5:51[K       7/10      10.5G     0.7408     0.4824    0.06558        356        640: 26% ━━━───────── 218/809 1.8it/s 1:55<5:25[K       7/10      10.5G     0.7404     0.4826    0.06557        406        640: 27% ━━━───────── 219/809 1.9it/s 1:55<5:15[K       7/10      10.5G       0.74     0.4826    0.06562        364        640: 27% ━━━───────── 220/809 2.0it/s 1:55<5:00[K       7/10      10.5G     0.7393     0.4827    0.06553        463        640: 27% ━━━───────── 221/809 2.0it/s 1:56<4:51[K       7/10      10.5G     0.7387     0.4828    0.06554        313        640: 27% ━━━───────── 222/809 2.1it/s 1:56<4:39[K       7/10      10.5G     0.7403     0.4824    0.06573        295        640: 27% ━━━───────── 223/809 2.1it/s 1:57<4:45[K       7/10      10.5G     0.7402     0.4822    0.06574        425        640: 27% ━━━───────── 224/809 2.0it/s 1:57<4:46[K       7/10      10.5G     0.7401     0.4822    0.06571        248        640: 27% ━━━───────── 225/809 2.2it/s 1:58<4:26[K       7/10      10.5G     0.7408     0.4821    0.06574        575        640: 27% ━━━───────── 226/809 2.0it/s 1:58<4:47[K       7/10      10.5G     0.7413      0.482     0.0657        396        640: 28% ━━━───────── 227/809 2.0it/s 1:59<4:58[K       7/10      10.5G     0.7407      0.482    0.06568        367        640: 28% ━━━───────── 228/809 2.1it/s 1:59<4:43[K       7/10      10.5G     0.7403     0.4823    0.06564        204        640: 28% ━━━───────── 229/809 2.2it/s 1:60<4:23[K       7/10      10.5G     0.7401     0.4821    0.06558        265        640: 28% ━━━───────── 230/809 2.3it/s 2:00<4:15[K       7/10      10.5G     0.7414     0.4819    0.06573        522        640: 28% ━━━───────── 231/809 2.0it/s 2:01<4:44[K       7/10      10.5G     0.7415     0.4819    0.06577        357        640: 28% ━━━───────── 232/809 2.1it/s 2:01<4:41[K       7/10      10.5G      0.741     0.4818    0.06572        410        640: 28% ━━━───────── 233/809 2.1it/s 2:02<4:37[K       7/10      10.5G      0.741     0.4819    0.06566        379        640: 28% ━━━───────── 234/809 2.1it/s 2:02<4:35[K       7/10      10.5G     0.7425     0.4813    0.06572        371        640: 29% ━━━───────── 235/809 1.7it/s 2:03<5:29[K       7/10      10.5G     0.7427     0.4812    0.06577        475        640: 29% ━━━╸──────── 236/809 1.7it/s 2:04<5:30[K       7/10      10.5G      0.743     0.4812     0.0658        404        640: 29% ━━━╸──────── 237/809 1.8it/s 2:04<5:10[K       7/10      10.5G     0.7428     0.4812    0.06582        360        640: 29% ━━━╸──────── 238/809 1.9it/s 2:05<4:53[K       7/10      10.5G     0.7433     0.4813    0.06585        347        640: 29% ━━━╸──────── 239/809 2.0it/s 2:05<4:43[K       7/10      10.5G     0.7438     0.4813    0.06591        454        640: 29% ━━━╸──────── 240/809 2.0it/s 2:06<4:48[K       7/10      10.5G      0.743     0.4814     0.0658        161        640: 29% ━━━╸──────── 241/809 2.2it/s 2:06<4:22[K       7/10      10.5G     0.7423     0.4815    0.06578        388        640: 29% ━━━╸──────── 242/809 2.2it/s 2:07<4:19[K       7/10      10.5G     0.7417     0.4817    0.06574        312        640: 30% ━━━╸──────── 243/809 2.2it/s 2:07<4:21[K       7/10      10.5G     0.7413     0.4818    0.06581        454        640: 30% ━━━╸──────── 244/809 2.1it/s 2:08<4:26[K       7/10      10.5G     0.7406      0.482    0.06575        305        640: 30% ━━━╸──────── 245/809 2.2it/s 2:08<4:19[K       7/10      10.5G     0.7404     0.4818    0.06574        398        640: 30% ━━━╸──────── 246/809 2.2it/s 2:09<4:18[K       7/10      10.5G     0.7403     0.4821     0.0657        381        640: 30% ━━━╸──────── 247/809 2.2it/s 2:09<4:16[K       7/10      10.5G     0.7407     0.4819    0.06575        446        640: 30% ━━━╸──────── 248/809 2.1it/s 2:10<4:25[K       7/10      10.5G     0.7399     0.4821    0.06569        253        640: 30% ━━━╸──────── 249/809 2.2it/s 2:10<4:16[K       7/10      10.5G     0.7397     0.4822    0.06568        415        640: 30% ━━━╸──────── 250/809 2.1it/s 2:10<4:21[K       7/10      10.5G     0.7393     0.4822    0.06559        379        640: 31% ━━━╸──────── 251/809 2.1it/s 2:11<4:23[K       7/10      10.5G     0.7387     0.4826    0.06551        375        640: 31% ━━━╸──────── 252/809 2.2it/s 2:11<4:12[K       7/10      10.5G     0.7391     0.4826    0.06553        416        640: 31% ━━━╸──────── 253/809 2.2it/s 2:12<4:15[K       7/10      10.5G     0.7386     0.4826    0.06551        266        640: 31% ━━━╸──────── 254/809 2.2it/s 2:12<4:10[K       7/10      10.5G     0.7388     0.4823     0.0655        447        640: 31% ━━━╸──────── 255/809 2.2it/s 2:13<4:17[K       7/10      10.5G     0.7393     0.4822    0.06548        302        640: 31% ━━━╸──────── 256/809 2.2it/s 2:13<4:15[K       7/10      10.5G     0.7386     0.4823    0.06548        252        640: 31% ━━━╸──────── 257/809 2.3it/s 2:14<3:58[K       7/10      10.5G     0.7381     0.4822    0.06551        251        640: 31% ━━━╸──────── 258/809 2.3it/s 2:14<3:55[K       7/10      10.5G     0.7388      0.482    0.06548        411        640: 32% ━━━╸──────── 259/809 2.2it/s 2:15<4:10[K       7/10      10.5G     0.7389      0.482    0.06543        504        640: 32% ━━━╸──────── 260/809 2.1it/s 2:15<4:18[K       7/10      10.5G     0.7391     0.4822    0.06541        300        640: 32% ━━━╸──────── 261/809 2.2it/s 2:15<4:11[K       7/10      10.5G     0.7385     0.4823     0.0654        244        640: 32% ━━━╸──────── 262/809 2.3it/s 2:16<3:58[K       7/10      10.5G     0.7394     0.4822    0.06544        315        640: 32% ━━━╸──────── 263/809 2.3it/s 2:16<3:57[K       7/10      10.5G     0.7406     0.4819    0.06566        395        640: 32% ━━━╸──────── 264/809 2.0it/s 2:17<4:38[K       7/10      10.5G     0.7404     0.4821    0.06564        222        640: 32% ━━━╸──────── 265/809 2.1it/s 2:18<4:18[K       7/10      10.5G     0.7402      0.482    0.06564        380        640: 32% ━━━╸──────── 266/809 2.1it/s 2:18<4:15[K       7/10      10.5G     0.7405     0.4821    0.06563        422        640: 33% ━━━╸──────── 267/809 2.0it/s 2:19<4:26[K       7/10      10.5G     0.7404     0.4823    0.06564        431        640: 33% ━━━╸──────── 268/809 2.0it/s 2:19<4:31[K       7/10      10.5G     0.7404     0.4823     0.0656        354        640: 33% ━━━╸──────── 269/809 2.1it/s 2:20<4:21[K       7/10      10.5G     0.7398     0.4823    0.06552        293        640: 33% ━━━━──────── 270/809 2.1it/s 2:20<4:11[K       7/10      10.5G     0.7399     0.4823     0.0655        399        640: 33% ━━━━──────── 271/809 2.1it/s 2:20<4:14[K       7/10      10.5G     0.7405     0.4823    0.06552        503        640: 33% ━━━━──────── 272/809 2.0it/s 2:21<4:22[K       7/10      10.5G     0.7407     0.4823    0.06549        396        640: 33% ━━━━──────── 273/809 2.1it/s 2:21<4:21[K       7/10      10.5G     0.7402     0.4822    0.06543        333        640: 33% ━━━━──────── 274/809 2.1it/s 2:22<4:14[K       7/10      10.5G     0.7399     0.4823     0.0654        300        640: 33% ━━━━──────── 275/809 2.1it/s 2:22<4:15[K       7/10      10.5G     0.7402     0.4824    0.06549        263        640: 34% ━━━━──────── 276/809 2.2it/s 2:23<4:03[K       7/10      10.5G     0.7395     0.4826    0.06541        180        640: 34% ━━━━──────── 277/809 2.3it/s 2:23<3:48[K       7/10      10.5G     0.7394     0.4824    0.06537        488        640: 34% ━━━━──────── 278/809 2.2it/s 2:24<3:57[K       7/10      10.5G     0.7395     0.4824    0.06532        345        640: 34% ━━━━──────── 279/809 2.2it/s 2:24<3:58[K       7/10      10.5G     0.7388     0.4825    0.06526        342        640: 34% ━━━━──────── 280/809 2.3it/s 2:25<3:54[K       7/10      10.5G     0.7395     0.4825    0.06529        533        640: 34% ━━━━──────── 281/809 2.1it/s 2:25<4:16[K       7/10      10.5G     0.7394     0.4826    0.06527        301        640: 34% ━━━━──────── 282/809 2.1it/s 2:26<4:08[K       7/10      10.5G     0.7403     0.4824    0.06531        349        640: 34% ━━━━──────── 283/809 2.1it/s 2:26<4:16[K       7/10      10.5G     0.7401     0.4825    0.06525        351        640: 35% ━━━━──────── 284/809 2.1it/s 2:27<4:08[K       7/10      10.5G     0.7402     0.4825    0.06523        492        640: 35% ━━━━──────── 285/809 2.1it/s 2:27<4:10[K       7/10      10.5G     0.7406     0.4825    0.06526        409        640: 35% ━━━━──────── 286/809 2.1it/s 2:28<4:13[K       7/10      10.5G     0.7403     0.4827    0.06532        252        640: 35% ━━━━──────── 287/809 2.2it/s 2:28<3:60[K       7/10      10.5G     0.7407     0.4826    0.06531        345        640: 35% ━━━━──────── 288/809 2.2it/s 2:28<4:01[K       7/10      10.5G     0.7407     0.4828    0.06531        253        640: 35% ━━━━──────── 289/809 2.2it/s 2:29<3:52[K       7/10      10.5G     0.7407     0.4829    0.06526        247        640: 35% ━━━━──────── 290/809 2.3it/s 2:29<3:47[K       7/10      10.5G     0.7406     0.4829    0.06524        427        640: 35% ━━━━──────── 291/809 2.2it/s 2:30<3:57[K       7/10      10.5G     0.7409     0.4829    0.06521        447        640: 36% ━━━━──────── 292/809 2.1it/s 2:30<4:04[K       7/10      10.5G     0.7407     0.4828    0.06514        400        640: 36% ━━━━──────── 293/809 2.1it/s 2:31<4:03[K       7/10      10.5G     0.7404     0.4829     0.0651        329        640: 36% ━━━━──────── 294/809 2.2it/s 2:31<3:57[K       7/10      10.5G     0.7401     0.4829    0.06508        363        640: 36% ━━━━──────── 295/809 2.2it/s 2:32<3:53[K       7/10      10.5G     0.7405     0.4828    0.06514        519        640: 36% ━━━━──────── 296/809 2.1it/s 2:32<4:05[K       7/10      10.5G     0.7397     0.4829    0.06511        319        640: 36% ━━━━──────── 297/809 2.1it/s 2:33<4:00[K       7/10      10.5G     0.7395      0.483    0.06512        266        640: 36% ━━━━──────── 298/809 2.2it/s 2:33<3:52[K       7/10      10.5G     0.7387     0.4831    0.06507        190        640: 36% ━━━━──────── 299/809 2.2it/s 2:33<3:47[K       7/10      10.5G     0.7381      0.483      0.065        331        640: 37% ━━━━──────── 300/809 2.3it/s 2:34<3:43[K       7/10      10.5G     0.7382     0.4829    0.06498        452        640: 37% ━━━━──────── 301/809 2.2it/s 2:34<3:49[K       7/10      10.5G     0.7386     0.4828    0.06497        371        640: 37% ━━━━──────── 302/809 2.2it/s 2:35<3:54[K       7/10      10.5G     0.7382      0.483    0.06497        314        640: 37% ━━━━──────── 303/809 2.2it/s 2:35<3:45[K       7/10      10.5G     0.7384     0.4829    0.06496        328        640: 37% ━━━━╸─────── 304/809 2.2it/s 2:36<3:47[K       7/10      10.5G     0.7384     0.4829    0.06499        472        640: 37% ━━━━╸─────── 305/809 2.1it/s 2:36<3:59[K       7/10      10.5G     0.7386     0.4829      0.065        404        640: 37% ━━━━╸─────── 306/809 2.0it/s 2:37<4:06[K       7/10      10.5G     0.7389     0.4828    0.06498        470        640: 37% ━━━━╸─────── 307/809 2.0it/s 2:37<4:15[K       7/10      10.5G     0.7392     0.4829    0.06499        422        640: 38% ━━━━╸─────── 308/809 2.0it/s 2:38<4:11[K       7/10      10.5G     0.7389     0.4828    0.06494        295        640: 38% ━━━━╸─────── 309/809 2.1it/s 2:38<3:58[K       7/10      10.5G     0.7383     0.4828    0.06488        178        640: 38% ━━━━╸─────── 310/809 2.3it/s 2:39<3:39[K       7/10      10.5G     0.7388     0.4827    0.06485        344        640: 38% ━━━━╸─────── 311/809 2.2it/s 2:39<3:43[K       7/10      10.5G     0.7387     0.4827    0.06482        440        640: 38% ━━━━╸─────── 312/809 2.2it/s 2:40<3:47[K       7/10      10.5G     0.7388     0.4828    0.06482        399        640: 38% ━━━━╸─────── 313/809 2.1it/s 2:40<3:51[K       7/10      10.5G     0.7386     0.4829    0.06478        310        640: 38% ━━━━╸─────── 314/809 2.2it/s 2:41<3:45[K       7/10      10.5G     0.7385      0.483    0.06475        287        640: 38% ━━━━╸─────── 315/809 2.2it/s 2:41<3:47[K       7/10      10.5G     0.7386     0.4831    0.06473        373        640: 39% ━━━━╸─────── 316/809 2.2it/s 2:41<3:46[K       7/10      10.5G     0.7382     0.4831    0.06472        276        640: 39% ━━━━╸─────── 317/809 2.2it/s 2:42<3:39[K       7/10      10.5G     0.7378     0.4831    0.06468        226        640: 39% ━━━━╸─────── 318/809 2.3it/s 2:42<3:32[K       7/10      10.5G     0.7381     0.4832    0.06474        386        640: 39% ━━━━╸─────── 319/809 2.3it/s 2:43<3:37[K       7/10      10.5G     0.7378     0.4833    0.06469        327        640: 39% ━━━━╸─────── 320/809 2.3it/s 2:43<3:35[K       7/10      10.5G     0.7376     0.4834    0.06469        391        640: 39% ━━━━╸─────── 321/809 2.2it/s 2:44<3:38[K       7/10      10.5G     0.7371     0.4835    0.06465        315        640: 39% ━━━━╸─────── 322/809 2.2it/s 2:44<3:38[K       7/10      10.5G      0.737     0.4836    0.06461        248        640: 39% ━━━━╸─────── 323/809 2.2it/s 2:45<3:42[K       7/10      10.5G     0.7366     0.4836     0.0646        269        640: 40% ━━━━╸─────── 324/809 2.3it/s 2:45<3:34[K       7/10      10.5G      0.736     0.4836    0.06459        225        640: 40% ━━━━╸─────── 325/809 2.3it/s 2:45<3:27[K       7/10      10.5G     0.7362     0.4837    0.06457        323        640: 40% ━━━━╸─────── 326/809 2.3it/s 2:46<3:29[K       7/10      10.5G     0.7358     0.4837    0.06459        233        640: 40% ━━━━╸─────── 327/809 2.4it/s 2:46<3:21[K       7/10      10.5G     0.7354     0.4839    0.06456        254        640: 40% ━━━━╸─────── 328/809 2.4it/s 2:47<3:17[K       7/10      10.5G     0.7352     0.4839     0.0646        446        640: 40% ━━━━╸─────── 329/809 2.3it/s 2:47<3:30[K       7/10      10.5G      0.736     0.4837    0.06465        532        640: 40% ━━━━╸─────── 330/809 2.0it/s 2:48<3:57[K       7/10      10.5G     0.7365     0.4837    0.06464        349        640: 40% ━━━━╸─────── 331/809 2.0it/s 2:48<4:01[K       7/10      10.5G      0.736     0.4838    0.06457        256        640: 41% ━━━━╸─────── 332/809 2.1it/s 2:49<3:47[K       7/10      10.5G     0.7359     0.4838    0.06457        322        640: 41% ━━━━╸─────── 333/809 2.2it/s 2:49<3:41[K       7/10      10.5G     0.7362     0.4838    0.06457        408        640: 41% ━━━━╸─────── 334/809 2.1it/s 2:50<3:45[K       7/10      10.5G     0.7365     0.4837    0.06453        552        640: 41% ━━━━╸─────── 335/809 2.0it/s 2:50<3:54[K       7/10      10.5G     0.7364     0.4838    0.06459        408        640: 41% ━━━━╸─────── 336/809 2.0it/s 2:51<3:54[K       7/10      10.5G     0.7361     0.4838    0.06453        331        640: 41% ━━━━╸─────── 337/809 2.1it/s 2:51<3:45[K       7/10      10.5G      0.737     0.4837    0.06455        342        640: 41% ━━━━━─────── 338/809 2.1it/s 2:52<3:44[K       7/10      10.5G      0.737     0.4837    0.06453        375        640: 41% ━━━━━─────── 339/809 2.1it/s 2:52<3:47[K       7/10      10.5G     0.7366     0.4837    0.06449        268        640: 42% ━━━━━─────── 340/809 2.2it/s 2:53<3:35[K       7/10      10.5G     0.7371     0.4834    0.06449        382        640: 42% ━━━━━─────── 341/809 2.1it/s 2:53<3:46[K       7/10      10.5G     0.7369     0.4835    0.06448        222        640: 42% ━━━━━─────── 342/809 2.2it/s 2:54<3:32[K       7/10      10.5G     0.7364     0.4839    0.06444        178        640: 42% ━━━━━─────── 343/809 2.3it/s 2:54<3:19[K       7/10      10.5G     0.7364      0.484    0.06446        190        640: 42% ━━━━━─────── 344/809 2.4it/s 2:54<3:15[K       7/10      10.5G     0.7363      0.484    0.06446        391        640: 42% ━━━━━─────── 345/809 2.3it/s 2:55<3:21[K       7/10      10.5G     0.7369     0.4839    0.06447        471        640: 42% ━━━━━─────── 346/809 2.2it/s 2:55<3:32[K       7/10      10.5G      0.737     0.4838    0.06444        315        640: 42% ━━━━━─────── 347/809 2.1it/s 2:56<3:38[K       7/10      10.5G     0.7365     0.4838     0.0644        347        640: 43% ━━━━━─────── 348/809 2.2it/s 2:56<3:33[K       7/10      10.5G     0.7362     0.4839    0.06441        401        640: 43% ━━━━━─────── 349/809 2.2it/s 2:57<3:32[K       7/10      10.5G     0.7365      0.484    0.06439        279        640: 43% ━━━━━─────── 350/809 2.2it/s 2:57<3:28[K       7/10      10.5G     0.7369     0.4839    0.06449        550        640: 43% ━━━━━─────── 351/809 1.9it/s 2:58<3:57[K       7/10      10.5G     0.7366      0.484    0.06446        341        640: 43% ━━━━━─────── 352/809 2.0it/s 2:58<3:47[K       7/10      10.5G     0.7366     0.4839    0.06449        460        640: 43% ━━━━━─────── 353/809 2.0it/s 2:59<3:43[K       7/10      10.5G     0.7364     0.4841    0.06444        268        640: 43% ━━━━━─────── 354/809 2.1it/s 2:59<3:32[K       7/10      10.5G     0.7377     0.4838    0.06449        444        640: 43% ━━━━━─────── 355/809 1.9it/s 2:60<3:53[K       7/10      10.5G     0.7375     0.4837    0.06444        282        640: 44% ━━━━━─────── 356/809 2.1it/s 3:00<3:40[K       7/10      10.5G     0.7378     0.4837    0.06445        444        640: 44% ━━━━━─────── 357/809 1.9it/s 3:01<4:03[K       7/10      10.5G     0.7376     0.4837    0.06445        296        640: 44% ━━━━━─────── 358/809 2.0it/s 3:02<3:44[K       7/10      10.5G     0.7381     0.4836    0.06451        565        640: 44% ━━━━━─────── 359/809 1.9it/s 3:02<4:03[K       7/10      10.5G     0.7376     0.4837    0.06447        258        640: 44% ━━━━━─────── 360/809 2.0it/s 3:03<3:44[K       7/10      10.5G     0.7384     0.4835    0.06466        801        640: 44% ━━━━━─────── 361/809 1.6it/s 3:04<4:32[K       7/10      10.5G     0.7393     0.4834    0.06486        402        640: 44% ━━━━━─────── 362/809 1.5it/s 3:05<4:54[K       7/10      10.5G     0.7389     0.4835    0.06485        225        640: 44% ━━━━━─────── 363/809 1.6it/s 3:05<4:40[K       7/10      10.5G     0.7385     0.4836    0.06484        325        640: 44% ━━━━━─────── 364/809 1.8it/s 3:06<4:06[K       7/10      10.5G     0.7386     0.4835    0.06484        363        640: 45% ━━━━━─────── 365/809 1.9it/s 3:06<3:51[K       7/10      10.5G     0.7389     0.4834    0.06485        256        640: 45% ━━━━━─────── 366/809 2.0it/s 3:07<3:38[K       7/10      10.5G     0.7387     0.4833    0.06482        284        640: 45% ━━━━━─────── 367/809 2.1it/s 3:07<3:27[K       7/10      10.5G     0.7386     0.4832    0.06484        343        640: 45% ━━━━━─────── 368/809 2.2it/s 3:07<3:21[K       7/10      10.5G      0.738     0.4833    0.06479        324        640: 45% ━━━━━─────── 369/809 2.3it/s 3:08<3:14[K       7/10      10.5G      0.738     0.4833    0.06476        330        640: 45% ━━━━━─────── 370/809 2.3it/s 3:08<3:13[K       7/10      10.5G     0.7377     0.4833     0.0647        276        640: 45% ━━━━━╸────── 371/809 2.2it/s 3:09<3:15[K       7/10      10.5G     0.7376     0.4833    0.06471        230        640: 45% ━━━━━╸────── 372/809 2.3it/s 3:09<3:06[K       7/10      10.5G     0.7376     0.4835    0.06478        254        640: 46% ━━━━━╸────── 373/809 2.4it/s 3:10<3:04[K       7/10      10.5G     0.7378     0.4835    0.06479        343        640: 46% ━━━━━╸────── 374/809 2.3it/s 3:10<3:10[K       7/10      10.5G     0.7373     0.4836    0.06475        275        640: 46% ━━━━━╸────── 375/809 2.3it/s 3:10<3:06[K       7/10      10.5G      0.737     0.4837    0.06472        349        640: 46% ━━━━━╸────── 376/809 2.3it/s 3:11<3:08[K       7/10      10.5G     0.7367     0.4838    0.06468        371        640: 46% ━━━━━╸────── 377/809 2.3it/s 3:11<3:08[K       7/10      10.5G     0.7366     0.4837    0.06465        525        640: 46% ━━━━━╸────── 378/809 2.2it/s 3:12<3:19[K       7/10      10.5G     0.7366     0.4839    0.06463        297        640: 46% ━━━━━╸────── 379/809 2.1it/s 3:12<3:21[K       7/10      10.5G     0.7365      0.484    0.06467        357        640: 46% ━━━━━╸────── 380/809 2.2it/s 3:13<3:16[K       7/10      10.5G     0.7362     0.4839    0.06465        297        640: 47% ━━━━━╸────── 381/809 2.3it/s 3:13<3:10[K       7/10      10.5G     0.7362      0.484    0.06463        317        640: 47% ━━━━━╸────── 382/809 2.2it/s 3:14<3:10[K       7/10      10.5G     0.7359     0.4841    0.06459        285        640: 47% ━━━━━╸────── 383/809 2.3it/s 3:14<3:04[K       7/10      10.5G     0.7362     0.4841    0.06466        447        640: 47% ━━━━━╸────── 384/809 2.2it/s 3:15<3:09[K       7/10      10.5G     0.7359     0.4841    0.06463        295        640: 47% ━━━━━╸────── 385/809 2.3it/s 3:15<3:07[K       7/10      10.5G     0.7356     0.4843    0.06466        359        640: 47% ━━━━━╸────── 386/809 2.3it/s 3:15<3:06[K       7/10      10.5G      0.736     0.4842    0.06466        540        640: 47% ━━━━━╸────── 387/809 2.1it/s 3:16<3:20[K       7/10      10.5G     0.7357     0.4842    0.06463        322        640: 47% ━━━━━╸────── 388/809 2.2it/s 3:16<3:15[K       7/10      10.5G     0.7358     0.4843    0.06465        373        640: 48% ━━━━━╸────── 389/809 2.2it/s 3:17<3:14[K       7/10      10.5G     0.7355     0.4843    0.06459        238        640: 48% ━━━━━╸────── 390/809 2.3it/s 3:17<3:05[K       7/10      10.5G     0.7359     0.4842    0.06466        445        640: 48% ━━━━━╸────── 391/809 2.1it/s 3:18<3:24[K       7/10      10.5G     0.7358     0.4842    0.06464        466        640: 48% ━━━━━╸────── 392/809 2.0it/s 3:18<3:26[K       7/10      10.5G     0.7361     0.4842    0.06464        571        640: 48% ━━━━━╸────── 393/809 1.9it/s 3:19<3:37[K       7/10      10.5G     0.7358     0.4842    0.06464        269        640: 48% ━━━━━╸────── 394/809 2.1it/s 3:19<3:22[K       7/10      10.5G     0.7358     0.4843    0.06459        248        640: 48% ━━━━━╸────── 395/809 2.1it/s 3:20<3:18[K       7/10      10.5G     0.7361     0.4844    0.06471        329        640: 48% ━━━━━╸────── 396/809 2.1it/s 3:20<3:14[K       7/10      10.5G      0.736     0.4844    0.06467        423        640: 49% ━━━━━╸────── 397/809 2.2it/s 3:21<3:11[K       7/10      10.5G      0.736     0.4843    0.06462        387        640: 49% ━━━━━╸────── 398/809 2.1it/s 3:21<3:13[K       7/10      10.5G     0.7361     0.4843    0.06461        276        640: 49% ━━━━━╸────── 399/809 2.2it/s 3:22<3:06[K       7/10      10.5G     0.7361     0.4843    0.06461        247        640: 49% ━━━━━╸────── 400/809 2.3it/s 3:22<2:59[K       7/10      10.5G     0.7356     0.4843     0.0646        348        640: 49% ━━━━━╸────── 401/809 2.3it/s 3:23<2:60[K       7/10      10.5G     0.7357     0.4843    0.06457        255        640: 49% ━━━━━╸────── 402/809 2.3it/s 3:23<2:55[K       7/10      10.5G     0.7356     0.4843    0.06456        271        640: 49% ━━━━━╸────── 403/809 2.3it/s 3:23<2:60[K       7/10      10.5G     0.7352     0.4844    0.06454        239        640: 49% ━━━━━╸────── 404/809 2.3it/s 3:24<2:54[K       7/10      10.5G      0.735     0.4844    0.06456        284        640: 50% ━━━━━━────── 405/809 2.3it/s 3:24<2:54[K       7/10      10.5G      0.735     0.4844    0.06454        270        640: 50% ━━━━━━────── 406/809 2.3it/s 3:25<2:52[K       7/10      10.5G     0.7347     0.4843    0.06453        369        640: 50% ━━━━━━────── 407/809 2.3it/s 3:25<2:55[K       7/10      10.5G     0.7346     0.4844    0.06449        407        640: 50% ━━━━━━────── 408/809 2.3it/s 3:26<2:58[K       7/10      10.5G     0.7344     0.4845    0.06449        233        640: 50% ━━━━━━────── 409/809 2.3it/s 3:26<2:55[K       7/10      10.5G      0.734     0.4845    0.06444        220        640: 50% ━━━━━━────── 410/809 2.3it/s 3:26<2:50[K       7/10      10.5G     0.7344     0.4846    0.06447        475        640: 50% ━━━━━━────── 411/809 2.1it/s 3:27<3:13[K       7/10      10.5G     0.7337     0.4847    0.06443        264        640: 50% ━━━━━━────── 412/809 2.2it/s 3:28<3:00[K       7/10      10.5G     0.7335     0.4847    0.06442        389        640: 51% ━━━━━━────── 413/809 2.2it/s 3:28<3:01[K       7/10      10.5G     0.7333     0.4848     0.0644        223        640: 51% ━━━━━━────── 414/809 2.3it/s 3:28<2:51[K       7/10      10.5G      0.733     0.4849    0.06443        339        640: 51% ━━━━━━────── 415/809 2.3it/s 3:29<2:53[K       7/10      10.5G     0.7326     0.4849    0.06439        211        640: 51% ━━━━━━────── 416/809 2.3it/s 3:29<2:48[K       7/10      10.5G     0.7322     0.4849    0.06434        213        640: 51% ━━━━━━────── 417/809 2.4it/s 3:30<2:44[K       7/10      10.5G     0.7326     0.4847    0.06442        532        640: 51% ━━━━━━────── 418/809 2.0it/s 3:31<3:15[K       7/10      10.5G     0.7323     0.4848    0.06439        463        640: 51% ━━━━━━────── 419/809 1.9it/s 3:31<3:21[K       7/10      10.5G     0.7319     0.4848    0.06435        275        640: 51% ━━━━━━────── 420/809 2.1it/s 3:32<3:05[K       7/10      10.5G     0.7324     0.4847    0.06435        393        640: 52% ━━━━━━────── 421/809 2.0it/s 3:32<3:11[K       7/10      10.5G     0.7322     0.4848    0.06431        441        640: 52% ━━━━━━────── 422/809 2.0it/s 3:33<3:10[K       7/10      10.5G     0.7323     0.4848    0.06432        349        640: 52% ━━━━━━────── 423/809 2.1it/s 3:33<3:07[K       7/10      10.5G      0.732     0.4847    0.06432        364        640: 52% ━━━━━━────── 424/809 2.2it/s 3:33<2:59[K       7/10      10.5G     0.7324     0.4846    0.06432        527        640: 52% ━━━━━━────── 425/809 1.9it/s 3:34<3:25[K       7/10      10.5G     0.7323     0.4846    0.06437        532        640: 52% ━━━━━━────── 426/809 1.9it/s 3:35<3:26[K       7/10      10.5G     0.7324     0.4846    0.06437        382        640: 52% ━━━━━━────── 427/809 1.9it/s 3:35<3:25[K       7/10      10.5G      0.732     0.4847    0.06434        255        640: 52% ━━━━━━────── 428/809 2.0it/s 3:36<3:07[K       7/10      10.5G     0.7321     0.4846    0.06433        386        640: 53% ━━━━━━────── 429/809 2.1it/s 3:36<3:03[K       7/10      10.5G     0.7324     0.4846    0.06433        429        640: 53% ━━━━━━────── 430/809 2.0it/s 3:37<3:07[K       7/10      10.5G     0.7326     0.4845    0.06441        606        640: 53% ━━━━━━────── 431/809 1.8it/s 3:38<3:34[K       7/10      10.5G     0.7326     0.4845     0.0644        275        640: 53% ━━━━━━────── 432/809 1.9it/s 3:38<3:13[K       7/10      10.5G     0.7329     0.4845    0.06441        378        640: 53% ━━━━━━────── 433/809 2.0it/s 3:38<3:05[K       7/10      10.5G      0.733     0.4845    0.06441        452        640: 53% ━━━━━━────── 434/809 2.0it/s 3:39<3:04[K       7/10      10.5G     0.7329     0.4846    0.06444        357        640: 53% ━━━━━━────── 435/809 2.0it/s 3:39<3:04[K       7/10      10.5G     0.7323     0.4846    0.06442        229        640: 53% ━━━━━━────── 436/809 2.2it/s 3:40<2:47[K       7/10      10.5G     0.7323     0.4847     0.0644        380        640: 54% ━━━━━━────── 437/809 2.2it/s 3:40<2:47[K       7/10      10.5G     0.7327     0.4846    0.06447        447        640: 54% ━━━━━━────── 438/809 1.9it/s 3:41<3:14[K       7/10      10.5G     0.7326     0.4846    0.06443        293        640: 54% ━━━━━━╸───── 439/809 2.0it/s 3:42<3:04[K       7/10      10.5G     0.7329     0.4845    0.06442        209        640: 54% ━━━━━━╸───── 440/809 2.2it/s 3:42<2:49[K       7/10      10.5G     0.7335     0.4843    0.06445        365        640: 54% ━━━━━━╸───── 441/809 2.1it/s 3:42<2:55[K       7/10      10.5G     0.7328     0.4843    0.06441        277        640: 54% ━━━━━━╸───── 442/809 2.2it/s 3:43<2:46[K       7/10      10.5G     0.7328     0.4843    0.06443        410        640: 54% ━━━━━━╸───── 443/809 2.1it/s 3:43<2:53[K       7/10      10.5G     0.7325     0.4843    0.06439        289        640: 54% ━━━━━━╸───── 444/809 2.2it/s 3:44<2:44[K       7/10      10.5G     0.7323     0.4844    0.06438        232        640: 55% ━━━━━━╸───── 445/809 2.3it/s 3:44<2:38[K       7/10      10.5G     0.7322     0.4844    0.06437        437        640: 55% ━━━━━━╸───── 446/809 2.2it/s 3:45<2:43[K       7/10      10.5G      0.732     0.4844    0.06435        326        640: 55% ━━━━━━╸───── 447/809 2.2it/s 3:45<2:41[K       7/10      10.5G     0.7325     0.4842    0.06438        394        640: 55% ━━━━━━╸───── 448/809 2.1it/s 3:46<2:50[K       7/10      10.5G     0.7324     0.4841    0.06438        525        640: 55% ━━━━━━╸───── 449/809 2.0it/s 3:46<3:02[K       7/10      10.5G     0.7324     0.4842    0.06439        579        640: 55% ━━━━━━╸───── 450/809 1.9it/s 3:47<3:05[K       7/10      10.5G     0.7324     0.4843    0.06437        380        640: 55% ━━━━━━╸───── 451/809 1.9it/s 3:47<3:07[K       7/10      10.5G      0.732     0.4842    0.06434        379        640: 55% ━━━━━━╸───── 452/809 2.0it/s 3:48<2:58[K       7/10      10.5G      0.732     0.4842    0.06433        250        640: 55% ━━━━━━╸───── 453/809 2.1it/s 3:48<2:46[K       7/10      10.5G      0.732     0.4843    0.06432        379        640: 56% ━━━━━━╸───── 454/809 2.2it/s 3:49<2:42[K       7/10      10.5G     0.7317     0.4842    0.06429        215        640: 56% ━━━━━━╸───── 455/809 2.3it/s 3:49<2:33[K       7/10      10.5G     0.7318     0.4843    0.06425        325        640: 56% ━━━━━━╸───── 456/809 2.2it/s 3:50<2:37[K       7/10      10.5G     0.7317     0.4844    0.06425        325        640: 56% ━━━━━━╸───── 457/809 2.3it/s 3:50<2:34[K       7/10      10.5G     0.7313     0.4843    0.06424        289        640: 56% ━━━━━━╸───── 458/809 2.3it/s 3:50<2:32[K       7/10      10.5G     0.7317     0.4843    0.06424        338        640: 56% ━━━━━━╸───── 459/809 2.2it/s 3:51<2:41[K       7/10      10.5G     0.7314     0.4843    0.06422        484        640: 56% ━━━━━━╸───── 460/809 2.1it/s 3:51<2:46[K       7/10      10.5G     0.7316     0.4844    0.06424        346        640: 56% ━━━━━━╸───── 461/809 2.1it/s 3:52<2:42[K       7/10      10.5G     0.7316     0.4844    0.06422        342        640: 57% ━━━━━━╸───── 462/809 2.2it/s 3:52<2:39[K       7/10      10.5G     0.7317     0.4844    0.06421        450        640: 57% ━━━━━━╸───── 463/809 2.1it/s 3:53<2:43[K       7/10      10.5G     0.7316     0.4844    0.06417        192        640: 57% ━━━━━━╸───── 464/809 2.2it/s 3:53<2:35[K       7/10      10.5G     0.7316     0.4844    0.06415        422        640: 57% ━━━━━━╸───── 465/809 2.2it/s 3:54<2:37[K       7/10      10.5G     0.7312     0.4844    0.06413        277        640: 57% ━━━━━━╸───── 466/809 2.2it/s 3:54<2:37[K       7/10      10.5G     0.7311     0.4846    0.06411        222        640: 57% ━━━━━━╸───── 467/809 2.2it/s 3:55<2:36[K       7/10      10.5G     0.7311     0.4847     0.0641        428        640: 57% ━━━━━━╸───── 468/809 2.2it/s 3:55<2:38[K       7/10      10.5G     0.7309     0.4846    0.06408        336        640: 57% ━━━━━━╸───── 469/809 2.2it/s 3:56<2:36[K       7/10      10.5G     0.7309     0.4845    0.06406        383        640: 58% ━━━━━━╸───── 470/809 2.2it/s 3:56<2:34[K       7/10      10.5G     0.7306     0.4846    0.06408        240        640: 58% ━━━━━━╸───── 471/809 2.3it/s 3:56<2:29[K       7/10      10.5G     0.7306     0.4846    0.06407        479        640: 58% ━━━━━━━───── 472/809 2.1it/s 3:57<2:38[K       7/10      10.5G     0.7302     0.4846    0.06405        219        640: 58% ━━━━━━━───── 473/809 2.3it/s 3:57<2:29[K       7/10      10.5G       0.73     0.4846    0.06403        348        640: 58% ━━━━━━━───── 474/809 2.3it/s 3:58<2:29[K       7/10      10.5G     0.7302     0.4845    0.06413        335        640: 58% ━━━━━━━───── 475/809 2.2it/s 3:58<2:34[K       7/10      10.5G     0.7304     0.4845     0.0642        497        640: 58% ━━━━━━━───── 476/809 2.1it/s 3:59<2:39[K       7/10      10.5G     0.7306     0.4845    0.06421        328        640: 58% ━━━━━━━───── 477/809 2.1it/s 3:59<2:37[K       7/10      10.5G     0.7304     0.4846    0.06418        341        640: 59% ━━━━━━━───── 478/809 2.2it/s 3:60<2:33[K       7/10      10.5G     0.7303     0.4846    0.06417        310        640: 59% ━━━━━━━───── 479/809 2.2it/s 4:00<2:28[K       7/10      10.5G       0.73     0.4846    0.06418        178        640: 59% ━━━━━━━───── 480/809 2.3it/s 4:01<2:23[K       7/10      10.5G     0.7303     0.4846    0.06417        303        640: 59% ━━━━━━━───── 481/809 2.3it/s 4:01<2:26[K       7/10      10.5G     0.7301     0.4847    0.06417        261        640: 59% ━━━━━━━───── 482/809 2.3it/s 4:01<2:20[K       7/10      10.5G     0.7301     0.4847    0.06416        489        640: 59% ━━━━━━━───── 483/809 2.2it/s 4:02<2:30[K       7/10      10.5G     0.7299     0.4846    0.06417        356        640: 59% ━━━━━━━───── 484/809 2.2it/s 4:02<2:27[K       7/10      10.5G       0.73     0.4846    0.06419        253        640: 59% ━━━━━━━───── 485/809 2.3it/s 4:03<2:23[K       7/10      10.5G       0.73     0.4846    0.06417        251        640: 60% ━━━━━━━───── 486/809 2.3it/s 4:03<2:20[K       7/10      10.5G     0.7297     0.4847    0.06414        258        640: 60% ━━━━━━━───── 487/809 2.4it/s 4:04<2:16[K       7/10      10.5G     0.7296     0.4846    0.06411        270        640: 60% ━━━━━━━───── 488/809 2.4it/s 4:04<2:13[K       7/10      10.5G     0.7298     0.4846    0.06417        428        640: 60% ━━━━━━━───── 489/809 2.2it/s 4:05<2:24[K       7/10      10.5G     0.7299     0.4845    0.06415        472        640: 60% ━━━━━━━───── 490/809 2.1it/s 4:05<2:31[K       7/10      10.5G     0.7297     0.4845    0.06412        292        640: 60% ━━━━━━━───── 491/809 2.1it/s 4:06<2:33[K       7/10      10.5G     0.7297     0.4846    0.06412        256        640: 60% ━━━━━━━───── 492/809 2.2it/s 4:06<2:26[K       7/10      10.5G     0.7301     0.4845    0.06413        362        640: 60% ━━━━━━━───── 493/809 2.1it/s 4:07<2:31[K       7/10      10.5G     0.7304     0.4846    0.06412        333        640: 61% ━━━━━━━───── 494/809 2.1it/s 4:07<2:27[K       7/10      10.5G     0.7305     0.4846    0.06415        471        640: 61% ━━━━━━━───── 495/809 2.1it/s 4:08<2:31[K       7/10      10.5G     0.7303     0.4848    0.06418        180        640: 61% ━━━━━━━───── 496/809 2.2it/s 4:08<2:20[K       7/10      10.5G     0.7302     0.4848    0.06419        332        640: 61% ━━━━━━━───── 497/809 2.3it/s 4:08<2:16[K       7/10      10.5G     0.7302     0.4849    0.06418        468        640: 61% ━━━━━━━───── 498/809 2.2it/s 4:09<2:21[K       7/10      10.5G     0.7302     0.4848    0.06417        183        640: 61% ━━━━━━━───── 499/809 2.2it/s 4:09<2:20[K       7/10      10.5G     0.7304     0.4848    0.06416        486        640: 61% ━━━━━━━───── 500/809 2.2it/s 4:10<2:23[K       7/10      10.5G     0.7306     0.4848    0.06414        512        640: 61% ━━━━━━━───── 501/809 2.1it/s 4:10<2:25[K       7/10      10.5G     0.7303     0.4849    0.06412        326        640: 62% ━━━━━━━───── 502/809 2.2it/s 4:11<2:21[K       7/10      10.5G     0.7302     0.4849    0.06411        572        640: 62% ━━━━━━━───── 503/809 2.0it/s 4:11<2:29[K       7/10      10.5G     0.7302     0.4849     0.0641        339        640: 62% ━━━━━━━───── 504/809 2.1it/s 4:12<2:27[K       7/10      10.5G     0.7308     0.4847    0.06412        617        640: 62% ━━━━━━━───── 505/809 1.9it/s 4:12<2:44[K       7/10      10.5G     0.7309     0.4847    0.06412        519        640: 62% ━━━━━━━╸──── 506/809 1.8it/s 4:13<2:44[K       7/10      10.5G      0.731     0.4847    0.06416        466        640: 62% ━━━━━━━╸──── 507/809 1.8it/s 4:14<2:49[K       7/10      10.5G     0.7307     0.4848    0.06413        352        640: 62% ━━━━━━━╸──── 508/809 1.9it/s 4:14<2:37[K       7/10      10.5G     0.7308     0.4847    0.06417        406        640: 62% ━━━━━━━╸──── 509/809 2.0it/s 4:15<2:31[K       7/10      10.5G     0.7309     0.4847    0.06416        498        640: 63% ━━━━━━━╸──── 510/809 2.0it/s 4:15<2:33[K       7/10      10.5G     0.7308     0.4846    0.06415        464        640: 63% ━━━━━━━╸──── 511/809 2.0it/s 4:16<2:31[K       7/10      10.5G      0.731     0.4846    0.06412        439        640: 63% ━━━━━━━╸──── 512/809 2.0it/s 4:16<2:27[K       7/10      10.5G      0.731     0.4847    0.06413        335        640: 63% ━━━━━━━╸──── 513/809 2.1it/s 4:16<2:21[K       7/10      10.5G     0.7306     0.4847    0.06412        353        640: 63% ━━━━━━━╸──── 514/809 2.1it/s 4:17<2:18[K       7/10      10.5G     0.7305     0.4847    0.06412        203        640: 63% ━━━━━━━╸──── 515/809 2.2it/s 4:17<2:15[K       7/10      10.5G     0.7303     0.4847     0.0641        354        640: 63% ━━━━━━━╸──── 516/809 2.2it/s 4:18<2:14[K       7/10      10.5G     0.7307     0.4846    0.06411        419        640: 63% ━━━━━━━╸──── 517/809 2.1it/s 4:18<2:21[K       7/10      10.5G     0.7307     0.4846    0.06411        264        640: 64% ━━━━━━━╸──── 518/809 2.1it/s 4:19<2:17[K       7/10      10.5G     0.7305     0.4847    0.06414        309        640: 64% ━━━━━━━╸──── 519/809 2.2it/s 4:19<2:12[K       7/10      10.5G     0.7307     0.4847    0.06414        540        640: 64% ━━━━━━━╸──── 520/809 2.1it/s 4:20<2:17[K       7/10      10.5G     0.7308     0.4846    0.06413        578        640: 64% ━━━━━━━╸──── 521/809 1.9it/s 4:20<2:28[K       7/10      10.5G     0.7312     0.4846    0.06415        330        640: 64% ━━━━━━━╸──── 522/809 2.0it/s 4:21<2:24[K       7/10      10.5G     0.7311     0.4845    0.06412        320        640: 64% ━━━━━━━╸──── 523/809 2.0it/s 4:21<2:24[K       7/10      10.5G     0.7311     0.4847     0.0641        330        640: 64% ━━━━━━━╸──── 524/809 2.1it/s 4:22<2:16[K       7/10      10.5G      0.731     0.4847    0.06407        231        640: 64% ━━━━━━━╸──── 525/809 2.2it/s 4:22<2:09[K       7/10      10.5G     0.7308     0.4847    0.06405        347        640: 65% ━━━━━━━╸──── 526/809 2.2it/s 4:23<2:06[K       7/10      10.5G     0.7306     0.4847    0.06403        213        640: 65% ━━━━━━━╸──── 527/809 2.4it/s 4:23<1:60[K       7/10      10.5G     0.7309     0.4847    0.06402        433        640: 65% ━━━━━━━╸──── 528/809 2.2it/s 4:24<2:06[K       7/10      10.5G     0.7309     0.4847      0.064        468        640: 65% ━━━━━━━╸──── 529/809 2.2it/s 4:24<2:10[K       7/10      10.5G     0.7309     0.4848    0.06396        217        640: 65% ━━━━━━━╸──── 530/809 2.3it/s 4:24<2:03[K       7/10      10.5G     0.7304     0.4849    0.06396        185        640: 65% ━━━━━━━╸──── 531/809 2.3it/s 4:25<2:00[K       7/10      10.5G     0.7302     0.4849    0.06396        411        640: 65% ━━━━━━━╸──── 532/809 2.2it/s 4:25<2:05[K       7/10      10.5G     0.7304     0.4849    0.06397        446        640: 65% ━━━━━━━╸──── 533/809 2.1it/s 4:26<2:12[K       7/10      10.5G     0.7308     0.4848    0.06397        451        640: 66% ━━━━━━━╸──── 534/809 1.8it/s 4:27<2:30[K       7/10      10.5G     0.7308     0.4847    0.06394        369        640: 66% ━━━━━━━╸──── 535/809 1.9it/s 4:27<2:24[K       7/10      10.5G     0.7309     0.4848    0.06393        471        640: 66% ━━━━━━━╸──── 536/809 1.9it/s 4:28<2:22[K       7/10      10.5G     0.7306     0.4848     0.0639        411        640: 66% ━━━━━━━╸──── 537/809 2.0it/s 4:28<2:19[K       7/10      10.5G     0.7304     0.4848    0.06389        301        640: 66% ━━━━━━━╸──── 538/809 2.1it/s 4:29<2:12[K       7/10      10.5G     0.7304     0.4848     0.0639        384        640: 66% ━━━━━━━╸──── 539/809 2.0it/s 4:29<2:13[K       7/10      10.5G     0.7303     0.4848    0.06389        328        640: 66% ━━━━━━━━──── 540/809 2.1it/s 4:30<2:07[K       7/10      10.5G     0.7302     0.4849    0.06389        318        640: 66% ━━━━━━━━──── 541/809 2.2it/s 4:30<2:02[K       7/10      10.5G       0.73      0.485    0.06386        254        640: 66% ━━━━━━━━──── 542/809 2.3it/s 4:30<1:57[K       7/10      10.5G     0.7301     0.4849    0.06386        487        640: 67% ━━━━━━━━──── 543/809 2.2it/s 4:31<2:04[K       7/10      10.5G     0.7299      0.485    0.06386        400        640: 67% ━━━━━━━━──── 544/809 2.1it/s 4:31<2:06[K       7/10      10.5G     0.7303     0.4848    0.06386        504        640: 67% ━━━━━━━━──── 545/809 1.9it/s 4:32<2:18[K       7/10      10.5G       0.73     0.4848    0.06387        319        640: 67% ━━━━━━━━──── 546/809 2.0it/s 4:33<2:10[K       7/10      10.5G     0.7303     0.4847    0.06392        624        640: 67% ━━━━━━━━──── 547/809 1.7it/s 4:34<2:33[K       7/10      10.5G     0.7301     0.4848    0.06391        403        640: 67% ━━━━━━━━──── 548/809 1.8it/s 4:34<2:25[K       7/10      10.5G     0.7301     0.4847    0.06389        419        640: 67% ━━━━━━━━──── 549/809 1.9it/s 4:35<2:19[K       7/10      10.5G       0.73     0.4848    0.06386        453        640: 67% ━━━━━━━━──── 550/809 1.9it/s 4:35<2:14[K       7/10      10.5G     0.7302     0.4847    0.06384        316        640: 68% ━━━━━━━━──── 551/809 1.9it/s 4:36<2:13[K       7/10      10.5G       0.73     0.4848    0.06381        224        640: 68% ━━━━━━━━──── 552/809 2.1it/s 4:36<2:02[K       7/10      10.5G     0.7301     0.4848    0.06381        328        640: 68% ━━━━━━━━──── 553/809 2.1it/s 4:36<1:59[K       7/10      10.5G       0.73     0.4847    0.06379        340        640: 68% ━━━━━━━━──── 554/809 2.2it/s 4:37<1:57[K       7/10      10.5G     0.7302     0.4847    0.06379        329        640: 68% ━━━━━━━━──── 555/809 2.1it/s 4:37<1:60[K       7/10      10.5G     0.7304     0.4846    0.06378        499        640: 68% ━━━━━━━━──── 556/809 2.0it/s 4:38<2:07[K       7/10      10.5G     0.7305     0.4846    0.06384        296        640: 68% ━━━━━━━━──── 557/809 2.0it/s 4:38<2:07[K       7/10      10.5G     0.7307     0.4845    0.06384        486        640: 68% ━━━━━━━━──── 558/809 1.9it/s 4:39<2:09[K       7/10      10.5G     0.7307     0.4845    0.06382        297        640: 69% ━━━━━━━━──── 559/809 2.0it/s 4:39<2:02[K       7/10      10.5G     0.7309     0.4845    0.06382        521        640: 69% ━━━━━━━━──── 560/809 2.0it/s 4:40<2:03[K       7/10      10.5G     0.7308     0.4846    0.06385        495        640: 69% ━━━━━━━━──── 561/809 1.9it/s 4:41<2:10[K       7/10      10.5G     0.7307     0.4847    0.06387        439        640: 69% ━━━━━━━━──── 562/809 1.9it/s 4:41<2:07[K       7/10      10.5G     0.7307     0.4847    0.06389        291        640: 69% ━━━━━━━━──── 563/809 2.0it/s 4:42<2:03[K       7/10      10.5G     0.7306     0.4847    0.06388        274        640: 69% ━━━━━━━━──── 564/809 2.1it/s 4:42<1:55[K       7/10      10.5G     0.7307     0.4847     0.0639        441        640: 69% ━━━━━━━━──── 565/809 2.1it/s 4:42<1:56[K       7/10      10.5G     0.7306     0.4847    0.06389        263        640: 69% ━━━━━━━━──── 566/809 2.2it/s 4:43<1:53[K       7/10      10.5G     0.7304     0.4847    0.06387        307        640: 70% ━━━━━━━━──── 567/809 2.2it/s 4:43<1:49[K       7/10      10.5G     0.7303     0.4847    0.06383        384        640: 70% ━━━━━━━━──── 568/809 2.2it/s 4:44<1:48[K       7/10      10.5G     0.7302     0.4847    0.06381        426        640: 70% ━━━━━━━━──── 569/809 2.2it/s 4:44<1:50[K       7/10      10.5G     0.7303     0.4847     0.0638        400        640: 70% ━━━━━━━━──── 570/809 2.2it/s 4:45<1:51[K       7/10      10.5G     0.7302     0.4847    0.06379        382        640: 70% ━━━━━━━━──── 571/809 2.1it/s 4:45<1:53[K       7/10      10.5G     0.7301     0.4848    0.06379        175        640: 70% ━━━━━━━━──── 572/809 2.3it/s 4:46<1:43[K       7/10      10.5G     0.7302     0.4847    0.06379        363        640: 70% ━━━━━━━━──── 573/809 2.3it/s 4:46<1:44[K       7/10      10.5G     0.7303     0.4847    0.06378        299        640: 70% ━━━━━━━━╸─── 574/809 2.3it/s 4:46<1:43[K       7/10      10.5G     0.7304     0.4847    0.06376        277        640: 71% ━━━━━━━━╸─── 575/809 2.3it/s 4:47<1:42[K       7/10      10.5G     0.7305     0.4846    0.06381        437        640: 71% ━━━━━━━━╸─── 576/809 2.2it/s 4:47<1:48[K       7/10      10.5G       0.73     0.4847     0.0638        312        640: 71% ━━━━━━━━╸─── 577/809 2.2it/s 4:48<1:44[K       7/10      10.5G     0.7297     0.4848    0.06377        231        640: 71% ━━━━━━━━╸─── 578/809 2.3it/s 4:48<1:41[K       7/10      10.5G       0.73     0.4847    0.06375        399        640: 71% ━━━━━━━━╸─── 579/809 2.1it/s 4:49<1:48[K       7/10      10.5G     0.7298     0.4847    0.06373        479        640: 71% ━━━━━━━━╸─── 580/809 2.1it/s 4:49<1:49[K       7/10      10.5G     0.7301     0.4846    0.06374        502        640: 71% ━━━━━━━━╸─── 581/809 1.9it/s 4:50<2:02[K       7/10      10.5G       0.73     0.4846    0.06371        378        640: 71% ━━━━━━━━╸─── 582/809 2.0it/s 4:50<1:56[K       7/10      10.5G     0.7302     0.4846    0.06371        248        640: 72% ━━━━━━━━╸─── 583/809 2.1it/s 4:51<1:47[K       7/10      10.5G     0.7303     0.4845    0.06368        491        640: 72% ━━━━━━━━╸─── 584/809 1.9it/s 4:52<1:58[K       7/10      10.5G     0.7303     0.4845    0.06366        515        640: 72% ━━━━━━━━╸─── 585/809 1.9it/s 4:52<1:56[K       7/10      10.5G     0.7303     0.4846    0.06366        358        640: 72% ━━━━━━━━╸─── 586/809 2.0it/s 4:53<1:50[K       7/10      10.5G       0.73     0.4846    0.06367        377        640: 72% ━━━━━━━━╸─── 587/809 2.0it/s 4:53<1:50[K       7/10      10.5G     0.7299     0.4848    0.06368        210        640: 72% ━━━━━━━━╸─── 588/809 2.2it/s 4:53<1:40[K       7/10      10.5G     0.7296     0.4848    0.06367        226        640: 72% ━━━━━━━━╸─── 589/809 2.4it/s 4:54<1:33[K       7/10      10.5G       0.73     0.4847     0.0638        512        640: 72% ━━━━━━━━╸─── 590/809 2.0it/s 4:55<1:51[K       7/10      10.5G     0.7301     0.4847    0.06381        508        640: 73% ━━━━━━━━╸─── 591/809 1.9it/s 4:55<1:56[K       7/10      10.5G     0.7301     0.4846    0.06381        441        640: 73% ━━━━━━━━╸─── 592/809 1.9it/s 4:56<1:53[K       7/10      10.5G     0.7302     0.4846    0.06382        437        640: 73% ━━━━━━━━╸─── 593/809 1.9it/s 4:56<1:53[K       7/10      10.5G     0.7304     0.4847    0.06382        388        640: 73% ━━━━━━━━╸─── 594/809 2.0it/s 4:57<1:50[K       7/10      10.5G     0.7302     0.4847    0.06379        314        640: 73% ━━━━━━━━╸─── 595/809 2.0it/s 4:57<1:48[K       7/10      10.5G     0.7301     0.4849    0.06377        265        640: 73% ━━━━━━━━╸─── 596/809 2.1it/s 4:58<1:40[K       7/10      10.5G     0.7298     0.4849    0.06375        331        640: 73% ━━━━━━━━╸─── 597/809 2.2it/s 4:58<1:36[K       7/10      10.5G       0.73     0.4849    0.06377        310        640: 73% ━━━━━━━━╸─── 598/809 2.2it/s 4:59<1:35[K       7/10      10.5G       0.73     0.4849    0.06374        398        640: 74% ━━━━━━━━╸─── 599/809 2.2it/s 4:59<1:36[K       7/10      10.5G     0.7298     0.4848     0.0637        252        640: 74% ━━━━━━━━╸─── 600/809 2.3it/s 4:59<1:32[K       7/10      10.5G     0.7298     0.4849     0.0637        451        640: 74% ━━━━━━━━╸─── 601/809 2.2it/s 4:60<1:35[K       7/10      10.5G     0.7299     0.4849    0.06367        419        640: 74% ━━━━━━━━╸─── 602/809 2.1it/s 5:00<1:39[K       7/10      10.5G     0.7299     0.4848    0.06367        352        640: 74% ━━━━━━━━╸─── 603/809 2.0it/s 5:01<1:41[K       7/10      10.5G     0.7299     0.4849    0.06369        355        640: 74% ━━━━━━━━╸─── 604/809 2.1it/s 5:01<1:39[K       7/10      10.5G     0.7304     0.4848    0.06374        525        640: 74% ━━━━━━━━╸─── 605/809 1.8it/s 5:02<1:51[K       7/10      10.5G     0.7304     0.4848    0.06374        357        640: 74% ━━━━━━━━╸─── 606/809 1.9it/s 5:03<1:44[K       7/10      10.5G     0.7305     0.4848    0.06371        422        640: 75% ━━━━━━━━━─── 607/809 1.9it/s 5:03<1:44[K       7/10      10.5G     0.7305     0.4848    0.06371        388        640: 75% ━━━━━━━━━─── 608/809 1.9it/s 5:04<1:44[K       7/10      10.5G     0.7302     0.4848     0.0637        375        640: 75% ━━━━━━━━━─── 609/809 2.0it/s 5:04<1:38[K       7/10      10.5G     0.7302     0.4848     0.0637        295        640: 75% ━━━━━━━━━─── 610/809 2.1it/s 5:05<1:34[K       7/10      10.5G     0.7301     0.4848    0.06371        458        640: 75% ━━━━━━━━━─── 611/809 2.1it/s 5:05<1:36[K       7/10      10.5G     0.7301     0.4848    0.06372        435        640: 75% ━━━━━━━━━─── 612/809 2.1it/s 5:06<1:36[K       7/10      10.5G     0.7303     0.4848     0.0637        252        640: 75% ━━━━━━━━━─── 613/809 2.2it/s 5:06<1:30[K       7/10      10.5G     0.7304     0.4848     0.0637        296        640: 75% ━━━━━━━━━─── 614/809 2.2it/s 5:06<1:30[K       7/10      10.5G     0.7302     0.4848    0.06369        250        640: 76% ━━━━━━━━━─── 615/809 2.3it/s 5:07<1:26[K       7/10      10.5G     0.7299     0.4848    0.06367        356        640: 76% ━━━━━━━━━─── 616/809 2.3it/s 5:07<1:25[K       7/10      10.5G     0.7298     0.4849    0.06369        333        640: 76% ━━━━━━━━━─── 617/809 2.3it/s 5:08<1:24[K       7/10      10.5G     0.7298     0.4848    0.06369        355        640: 76% ━━━━━━━━━─── 618/809 2.3it/s 5:08<1:23[K       7/10      10.5G     0.7298     0.4848    0.06369        287        640: 76% ━━━━━━━━━─── 619/809 2.2it/s 5:09<1:25[K       7/10      10.5G     0.7297     0.4848    0.06372        479        640: 76% ━━━━━━━━━─── 620/809 2.2it/s 5:09<1:28[K       7/10      10.5G     0.7301     0.4848    0.06374        329        640: 76% ━━━━━━━━━─── 621/809 2.1it/s 5:10<1:30[K       7/10      10.5G     0.7303     0.4847    0.06374        497        640: 76% ━━━━━━━━━─── 622/809 2.0it/s 5:10<1:33[K       7/10      10.5G     0.7302     0.4847    0.06371        351        640: 77% ━━━━━━━━━─── 623/809 2.1it/s 5:11<1:29[K       7/10      10.5G       0.73     0.4849     0.0637        242        640: 77% ━━━━━━━━━─── 624/809 2.2it/s 5:11<1:25[K       7/10      10.5G       0.73     0.4849    0.06371        538        640: 77% ━━━━━━━━━─── 625/809 2.1it/s 5:12<1:28[K       7/10      10.5G       0.73     0.4849    0.06371        508        640: 77% ━━━━━━━━━─── 626/809 2.0it/s 5:12<1:30[K       7/10      10.5G     0.7297      0.485    0.06369        297        640: 77% ━━━━━━━━━─── 627/809 2.1it/s 5:13<1:28[K       7/10      10.5G     0.7295      0.485    0.06366        421        640: 77% ━━━━━━━━━─── 628/809 2.1it/s 5:13<1:26[K       7/10      10.5G     0.7293      0.485    0.06366        392        640: 77% ━━━━━━━━━─── 629/809 2.1it/s 5:14<1:24[K       7/10      10.5G     0.7293     0.4849    0.06363        457        640: 77% ━━━━━━━━━─── 630/809 2.1it/s 5:14<1:26[K       7/10      10.5G     0.7295     0.4849    0.06363        543        640: 77% ━━━━━━━━━─── 631/809 2.0it/s 5:15<1:30[K       7/10      10.5G     0.7295     0.4849    0.06361        359        640: 78% ━━━━━━━━━─── 632/809 2.1it/s 5:15<1:26[K       7/10      10.5G     0.7293      0.485    0.06358        256        640: 78% ━━━━━━━━━─── 633/809 2.2it/s 5:15<1:21[K       7/10      10.5G     0.7294      0.485    0.06366        443        640: 78% ━━━━━━━━━─── 634/809 2.1it/s 5:16<1:23[K       7/10      10.5G     0.7293      0.485    0.06364        294        640: 78% ━━━━━━━━━─── 635/809 2.1it/s 5:17<1:24[K       7/10      10.5G     0.7293      0.485    0.06363        378        640: 78% ━━━━━━━━━─── 636/809 2.1it/s 5:17<1:23[K       7/10      10.5G     0.7292     0.4851    0.06363        453        640: 78% ━━━━━━━━━─── 637/809 2.1it/s 5:17<1:23[K       7/10      10.5G     0.7297      0.485    0.06383        517        640: 78% ━━━━━━━━━─── 638/809 1.8it/s 5:18<1:35[K       7/10      10.5G       0.73      0.485    0.06383        601        640: 78% ━━━━━━━━━─── 639/809 1.8it/s 5:19<1:36[K       7/10      10.5G     0.7298      0.485     0.0638        414        640: 79% ━━━━━━━━━─── 640/809 1.9it/s 5:19<1:30[K       7/10      10.5G     0.7304     0.4848    0.06382        568        640: 79% ━━━━━━━━━╸── 641/809 1.7it/s 5:20<1:39[K       7/10      10.5G     0.7302     0.4848     0.0638        250        640: 79% ━━━━━━━━━╸── 642/809 1.9it/s 5:21<1:28[K       7/10      10.5G     0.7301     0.4848    0.06377        281        640: 79% ━━━━━━━━━╸── 643/809 2.0it/s 5:21<1:25[K       7/10      10.5G     0.7299     0.4848    0.06377        331        640: 79% ━━━━━━━━━╸── 644/809 2.0it/s 5:22<1:21[K       7/10      10.5G     0.7302     0.4847    0.06386        565        640: 79% ━━━━━━━━━╸── 645/809 1.8it/s 5:22<1:30[K       7/10      10.5G     0.7305     0.4846    0.06394        668        640: 79% ━━━━━━━━━╸── 646/809 1.5it/s 5:24<1:49[K       7/10      10.5G     0.7305     0.4846    0.06395        530        640: 79% ━━━━━━━━━╸── 647/809 1.6it/s 5:24<1:41[K       7/10      10.5G     0.7305     0.4846    0.06394        283        640: 80% ━━━━━━━━━╸── 648/809 1.8it/s 5:25<1:28[K       7/10      10.5G     0.7305     0.4846    0.06393        270        640: 80% ━━━━━━━━━╸── 649/809 2.0it/s 5:25<1:19[K       7/10      10.5G     0.7305     0.4846    0.06393        504        640: 80% ━━━━━━━━━╸── 650/809 2.0it/s 5:26<1:21[K       7/10      10.5G     0.7305     0.4847    0.06391        392        640: 80% ━━━━━━━━━╸── 651/809 2.0it/s 5:26<1:20[K       7/10      10.5G     0.7305     0.4847     0.0639        360        640: 80% ━━━━━━━━━╸── 652/809 2.0it/s 5:27<1:19[K       7/10      10.5G     0.7304     0.4847    0.06386        313        640: 80% ━━━━━━━━━╸── 653/809 2.1it/s 5:27<1:16[K       7/10      10.5G     0.7303     0.4848    0.06387        390        640: 80% ━━━━━━━━━╸── 654/809 2.1it/s 5:27<1:14[K       7/10      10.5G     0.7302     0.4847    0.06385        341        640: 80% ━━━━━━━━━╸── 655/809 2.1it/s 5:28<1:12[K       7/10      10.5G     0.7303     0.4847    0.06382        355        640: 81% ━━━━━━━━━╸── 656/809 2.2it/s 5:28<1:11[K       7/10      10.5G     0.7302     0.4847    0.06382        397        640: 81% ━━━━━━━━━╸── 657/809 2.2it/s 5:29<1:11[K       7/10      10.5G     0.7304     0.4846    0.06382        601        640: 81% ━━━━━━━━━╸── 658/809 2.0it/s 5:29<1:15[K       7/10      10.5G     0.7304     0.4846    0.06379        391        640: 81% ━━━━━━━━━╸── 659/809 2.0it/s 5:30<1:15[K       7/10      10.5G     0.7307     0.4846    0.06381        354        640: 81% ━━━━━━━━━╸── 660/809 2.0it/s 5:30<1:14[K       7/10      10.5G     0.7309     0.4846    0.06381        336        640: 81% ━━━━━━━━━╸── 661/809 2.1it/s 5:31<1:12[K       7/10      10.5G      0.731     0.4845    0.06382        379        640: 81% ━━━━━━━━━╸── 662/809 2.0it/s 5:31<1:14[K       7/10      10.5G      0.731     0.4845    0.06382        319        640: 81% ━━━━━━━━━╸── 663/809 2.1it/s 5:32<1:10[K       7/10      10.5G     0.7307     0.4846    0.06383        225        640: 82% ━━━━━━━━━╸── 664/809 2.2it/s 5:32<1:06[K       7/10      10.5G     0.7308     0.4846    0.06384        388        640: 82% ━━━━━━━━━╸── 665/809 2.2it/s 5:33<1:06[K       7/10      10.5G     0.7307     0.4846     0.0638        490        640: 82% ━━━━━━━━━╸── 666/809 2.1it/s 5:33<1:08[K       7/10      10.5G     0.7307     0.4846    0.06382        268        640: 82% ━━━━━━━━━╸── 667/809 2.1it/s 5:34<1:07[K       7/10      10.5G     0.7308     0.4846    0.06381        407        640: 82% ━━━━━━━━━╸── 668/809 2.1it/s 5:34<1:08[K       7/10      10.5G     0.7309     0.4845    0.06379        355        640: 82% ━━━━━━━━━╸── 669/809 2.1it/s 5:35<1:08[K       7/10      10.5G     0.7306     0.4845    0.06377        284        640: 82% ━━━━━━━━━╸── 670/809 2.2it/s 5:35<1:03[K       7/10      10.5G      0.731     0.4844    0.06385        592        640: 82% ━━━━━━━━━╸── 671/809 1.9it/s 5:36<1:11[K       7/10      10.5G      0.731     0.4845    0.06386        298        640: 83% ━━━━━━━━━╸── 672/809 2.0it/s 5:36<1:07[K       7/10      10.5G     0.7311     0.4844    0.06384        285        640: 83% ━━━━━━━━━╸── 673/809 2.1it/s 5:37<1:05[K       7/10      10.5G     0.7314     0.4845    0.06384        414        640: 83% ━━━━━━━━━╸── 674/809 2.1it/s 5:37<1:04[K       7/10      10.5G     0.7312     0.4845    0.06382        333        640: 83% ━━━━━━━━━━── 675/809 2.1it/s 5:38<1:04[K       7/10      10.5G      0.731     0.4845    0.06381        406        640: 83% ━━━━━━━━━━── 676/809 2.1it/s 5:38<1:02[K       7/10      10.5G     0.7311     0.4845    0.06381        402        640: 83% ━━━━━━━━━━── 677/809 2.1it/s 5:39<1:03[K       7/10      10.5G     0.7312     0.4845    0.06381        279        640: 83% ━━━━━━━━━━── 678/809 2.2it/s 5:39<1:01[K       7/10      10.5G     0.7311     0.4846    0.06381        390        640: 83% ━━━━━━━━━━── 679/809 2.2it/s 5:40<59.6s[K       7/10      10.5G     0.7312     0.4846    0.06379        292        640: 84% ━━━━━━━━━━── 680/809 2.2it/s 5:40<58.3s[K       7/10      10.5G     0.7312     0.4846    0.06378        202        640: 84% ━━━━━━━━━━── 681/809 2.3it/s 5:40<54.8s[K       7/10      10.5G     0.7312     0.4846    0.06379        487        640: 84% ━━━━━━━━━━── 682/809 2.2it/s 5:41<57.3s[K       7/10      10.5G     0.7316     0.4846    0.06381        182        640: 84% ━━━━━━━━━━── 683/809 2.2it/s 5:41<57.1s[K       7/10      10.5G     0.7316     0.4846    0.06378        405        640: 84% ━━━━━━━━━━── 684/809 2.2it/s 5:42<57.2s[K       7/10      10.5G     0.7316     0.4846    0.06379        431        640: 84% ━━━━━━━━━━── 685/809 2.1it/s 5:42<58.9s[K       7/10      10.5G     0.7318     0.4846    0.06382        536        640: 84% ━━━━━━━━━━── 686/809 1.9it/s 5:43<1:04[K       7/10      10.5G     0.7317     0.4846     0.0638        362        640: 84% ━━━━━━━━━━── 687/809 2.0it/s 5:43<1:02[K       7/10      10.5G     0.7315     0.4846    0.06382        332        640: 85% ━━━━━━━━━━── 688/809 2.1it/s 5:44<58.6s[K       7/10      10.5G     0.7316     0.4845    0.06384        562        640: 85% ━━━━━━━━━━── 689/809 2.0it/s 5:44<1:01[K       7/10      10.5G     0.7318     0.4845    0.06389        473        640: 85% ━━━━━━━━━━── 690/809 1.8it/s 5:45<1:05[K       7/10      10.5G     0.7316     0.4845    0.06388        365        640: 85% ━━━━━━━━━━── 691/809 1.9it/s 5:46<1:03[K       7/10      10.5G     0.7315     0.4844    0.06387        329        640: 85% ━━━━━━━━━━── 692/809 1.9it/s 5:46<1:00[K       7/10      10.5G     0.7315     0.4843     0.0639        305        640: 85% ━━━━━━━━━━── 693/809 2.1it/s 5:47<56.3s[K       7/10      10.5G     0.7314     0.4844     0.0639        318        640: 85% ━━━━━━━━━━── 694/809 2.1it/s 5:47<53.8s[K       7/10      10.5G     0.7312     0.4845    0.06391        323        640: 85% ━━━━━━━━━━── 695/809 2.2it/s 5:47<51.9s[K       7/10      10.5G     0.7311     0.4845    0.06388        404        640: 86% ━━━━━━━━━━── 696/809 2.1it/s 5:48<52.7s[K       7/10      10.5G     0.7309     0.4844    0.06388        349        640: 86% ━━━━━━━━━━── 697/809 2.2it/s 5:48<51.9s[K       7/10      10.5G      0.731     0.4844    0.06386        348        640: 86% ━━━━━━━━━━── 698/809 2.1it/s 5:49<51.8s[K       7/10      10.5G     0.7312     0.4844    0.06389        308        640: 86% ━━━━━━━━━━── 699/809 2.1it/s 5:49<52.8s[K       7/10      10.5G     0.7314     0.4844     0.0639        379        640: 86% ━━━━━━━━━━── 700/809 2.1it/s 5:50<52.9s[K       7/10      10.5G     0.7314     0.4843    0.06387        336        640: 86% ━━━━━━━━━━── 701/809 2.1it/s 5:50<51.6s[K       7/10      10.5G     0.7312     0.4843    0.06385        204        640: 86% ━━━━━━━━━━── 702/809 2.2it/s 5:51<49.6s[K       7/10      10.5G     0.7312     0.4844    0.06382        327        640: 86% ━━━━━━━━━━── 703/809 2.2it/s 5:51<49.3s[K       7/10      10.5G      0.731     0.4844     0.0638        251        640: 87% ━━━━━━━━━━── 704/809 2.3it/s 5:52<46.3s[K       7/10      10.5G     0.7312     0.4844    0.06379        236        640: 87% ━━━━━━━━━━── 705/809 2.3it/s 5:52<44.6s[K       7/10      10.5G     0.7315     0.4844     0.0638        335        640: 87% ━━━━━━━━━━── 706/809 2.2it/s 5:53<45.9s[K       7/10      10.5G     0.7318     0.4843    0.06383        615        640: 87% ━━━━━━━━━━── 707/809 1.9it/s 5:53<53.3s[K       7/10      10.5G     0.7317     0.4843    0.06382        306        640: 87% ━━━━━━━━━━╸─ 708/809 2.0it/s 5:54<49.4s[K       7/10      10.5G     0.7322     0.4842    0.06384        588        640: 87% ━━━━━━━━━━╸─ 709/809 1.9it/s 5:54<52.7s[K       7/10      10.5G     0.7321     0.4842    0.06385        263        640: 87% ━━━━━━━━━━╸─ 710/809 2.0it/s 5:55<48.5s[K       7/10      10.5G     0.7321     0.4842    0.06383        424        640: 87% ━━━━━━━━━━╸─ 711/809 2.0it/s 5:55<48.2s[K       7/10      10.5G     0.7318     0.4843    0.06382        184        640: 88% ━━━━━━━━━━╸─ 712/809 2.2it/s 5:56<43.9s[K       7/10      10.5G     0.7318     0.4843    0.06381        363        640: 88% ━━━━━━━━━━╸─ 713/809 2.1it/s 5:56<45.0s[K       7/10      10.5G     0.7322     0.4842    0.06385        508        640: 88% ━━━━━━━━━━╸─ 714/809 1.6it/s 5:58<58.3s[K       7/10      10.5G     0.7321     0.4842    0.06384        419        640: 88% ━━━━━━━━━━╸─ 715/809 1.7it/s 5:59<54.4s[K       7/10      10.5G     0.7321     0.4842    0.06384        368        640: 88% ━━━━━━━━━━╸─ 716/809 1.8it/s 5:59<51.2s[K       7/10      10.5G     0.7321     0.4842    0.06384        360        640: 88% ━━━━━━━━━━╸─ 717/809 1.9it/s 5:60<47.7s[K       7/10      10.5G     0.7321     0.4842    0.06382        287        640: 88% ━━━━━━━━━━╸─ 718/809 2.0it/s 6:00<44.5s[K       7/10      10.5G     0.7322     0.4842    0.06383        332        640: 88% ━━━━━━━━━━╸─ 719/809 2.1it/s 6:01<42.5s[K       7/10      10.5G      0.732     0.4843    0.06381        282        640: 88% ━━━━━━━━━━╸─ 720/809 2.2it/s 6:01<41.1s[K       7/10      10.5G     0.7319     0.4842    0.06379        364        640: 89% ━━━━━━━━━━╸─ 721/809 2.2it/s 6:02<39.7s[K       7/10      10.5G     0.7322     0.4842    0.06381        507        640: 89% ━━━━━━━━━━╸─ 722/809 2.0it/s 6:02<42.8s[K       7/10      10.5G     0.7325     0.4842    0.06382        477        640: 89% ━━━━━━━━━━╸─ 723/809 2.0it/s 6:03<43.9s[K       7/10      10.5G     0.7323     0.4842    0.06382        405        640: 89% ━━━━━━━━━━╸─ 724/809 2.0it/s 6:03<42.1s[K       7/10      10.5G     0.7322     0.4842     0.0638        249        640: 89% ━━━━━━━━━━╸─ 725/809 2.1it/s 6:04<39.3s[K       7/10      10.5G     0.7324     0.4842    0.06381        478        640: 89% ━━━━━━━━━━╸─ 726/809 2.0it/s 6:04<41.8s[K       7/10      10.5G     0.7325     0.4841    0.06381        466        640: 89% ━━━━━━━━━━╸─ 727/809 1.9it/s 6:05<43.5s[K       7/10      10.5G     0.7328     0.4841    0.06382        452        640: 89% ━━━━━━━━━━╸─ 728/809 1.9it/s 6:06<43.2s[K       7/10      10.5G     0.7326     0.4841     0.0638        176        640: 90% ━━━━━━━━━━╸─ 729/809 2.1it/s 6:06<37.9s[K       7/10      10.5G     0.7326      0.484     0.0638        328        640: 90% ━━━━━━━━━━╸─ 730/809 2.2it/s 6:06<36.6s[K       7/10      10.5G     0.7323     0.4841    0.06379        284        640: 90% ━━━━━━━━━━╸─ 731/809 2.2it/s 6:07<36.3s[K       7/10      10.5G     0.7324      0.484    0.06378        268        640: 90% ━━━━━━━━━━╸─ 732/809 2.1it/s 6:07<37.4s[K       7/10      10.5G     0.7325     0.4841    0.06377        405        640: 90% ━━━━━━━━━━╸─ 733/809 2.1it/s 6:08<36.8s[K       7/10      10.5G     0.7323     0.4841    0.06377        314        640: 90% ━━━━━━━━━━╸─ 734/809 2.1it/s 6:08<35.5s[K       7/10      10.5G     0.7323     0.4841    0.06375        424        640: 90% ━━━━━━━━━━╸─ 735/809 2.1it/s 6:09<35.4s[K       7/10      10.5G     0.7322     0.4841    0.06373        361        640: 90% ━━━━━━━━━━╸─ 736/809 2.1it/s 6:09<34.7s[K       7/10      10.5G     0.7321     0.4841    0.06372        356        640: 91% ━━━━━━━━━━╸─ 737/809 2.1it/s 6:10<34.0s[K       7/10      10.5G      0.732     0.4842     0.0637        191        640: 91% ━━━━━━━━━━╸─ 738/809 2.3it/s 6:10<30.6s[K       7/10      10.5G      0.732     0.4842     0.0637        282        640: 91% ━━━━━━━━━━╸─ 739/809 2.3it/s 6:11<31.0s[K       7/10      10.5G     0.7318     0.4842    0.06368        295        640: 91% ━━━━━━━━━━╸─ 740/809 2.3it/s 6:11<30.5s[K       7/10      10.5G     0.7319     0.4843    0.06369        327        640: 91% ━━━━━━━━━━╸─ 741/809 2.2it/s 6:11<31.0s[K       7/10      10.5G      0.732     0.4843     0.0637        437        640: 91% ━━━━━━━━━━━─ 742/809 2.1it/s 6:12<32.2s[K       7/10      10.5G      0.732     0.4844    0.06373        225        640: 91% ━━━━━━━━━━━─ 743/809 2.2it/s 6:12<30.3s[K       7/10      10.5G     0.7319     0.4844    0.06371        287        640: 91% ━━━━━━━━━━━─ 744/809 2.2it/s 6:13<28.9s[K       7/10      10.5G     0.7318     0.4844    0.06369        450        640: 92% ━━━━━━━━━━━─ 745/809 2.2it/s 6:13<28.8s[K       7/10      10.5G     0.7316     0.4845    0.06368        338        640: 92% ━━━━━━━━━━━─ 746/809 2.2it/s 6:14<28.1s[K       7/10      10.5G     0.7317     0.4845    0.06372        385        640: 92% ━━━━━━━━━━━─ 747/809 2.2it/s 6:14<28.7s[K       7/10      10.5G     0.7316     0.4845    0.06371        376        640: 92% ━━━━━━━━━━━─ 748/809 2.2it/s 6:15<28.3s[K       7/10      10.5G     0.7315     0.4845    0.06368        267        640: 92% ━━━━━━━━━━━─ 749/809 2.2it/s 6:15<26.7s[K       7/10      10.5G     0.7315     0.4845    0.06368        368        640: 92% ━━━━━━━━━━━─ 750/809 2.3it/s 6:16<25.9s[K       7/10      10.5G     0.7316     0.4845    0.06367        296        640: 92% ━━━━━━━━━━━─ 751/809 2.1it/s 6:16<27.3s[K       7/10      10.5G     0.7319     0.4845    0.06368        565        640: 92% ━━━━━━━━━━━─ 752/809 2.0it/s 6:17<28.7s[K       7/10      10.5G     0.7318     0.4845    0.06367        306        640: 93% ━━━━━━━━━━━─ 753/809 2.1it/s 6:17<26.5s[K       7/10      10.5G     0.7315     0.4845    0.06366        307        640: 93% ━━━━━━━━━━━─ 754/809 2.2it/s 6:18<25.4s[K       7/10      10.5G     0.7317     0.4844    0.06365        306        640: 93% ━━━━━━━━━━━─ 755/809 2.1it/s 6:18<25.2s[K       7/10      10.5G     0.7316     0.4844    0.06363        323        640: 93% ━━━━━━━━━━━─ 756/809 2.2it/s 6:18<24.4s[K       7/10      10.5G     0.7316     0.4845    0.06362        353        640: 93% ━━━━━━━━━━━─ 757/809 2.2it/s 6:19<23.7s[K       7/10      10.5G     0.7316     0.4845     0.0636        340        640: 93% ━━━━━━━━━━━─ 758/809 2.2it/s 6:19<22.8s[K       7/10      10.5G     0.7315     0.4846     0.0636        366        640: 93% ━━━━━━━━━━━─ 759/809 2.3it/s 6:20<22.1s[K       7/10      10.5G     0.7312     0.4846    0.06359        214        640: 93% ━━━━━━━━━━━─ 760/809 2.3it/s 6:20<21.1s[K       7/10      10.5G      0.731     0.4847    0.06357        321        640: 94% ━━━━━━━━━━━─ 761/809 2.3it/s 6:21<20.6s[K       7/10      10.5G     0.7311     0.4847    0.06355        478        640: 94% ━━━━━━━━━━━─ 762/809 2.3it/s 6:21<20.7s[K       7/10      10.5G     0.7309     0.4848    0.06355        255        640: 94% ━━━━━━━━━━━─ 763/809 2.2it/s 6:22<20.6s[K       7/10      10.5G     0.7309     0.4848    0.06354        377        640: 94% ━━━━━━━━━━━─ 764/809 2.2it/s 6:22<20.1s[K       7/10      10.5G     0.7308     0.4848    0.06351        331        640: 94% ━━━━━━━━━━━─ 765/809 2.3it/s 6:22<19.4s[K       7/10      10.5G     0.7305     0.4848     0.0635        218        640: 94% ━━━━━━━━━━━─ 766/809 2.3it/s 6:23<18.4s[K       7/10      10.5G     0.7304     0.4849    0.06351        319        640: 94% ━━━━━━━━━━━─ 767/809 2.3it/s 6:23<18.2s[K       7/10      10.5G     0.7306     0.4848     0.0635        322        640: 94% ━━━━━━━━━━━─ 768/809 2.3it/s 6:24<18.0s[K       7/10      10.5G     0.7307     0.4848     0.0635        454        640: 95% ━━━━━━━━━━━─ 769/809 2.2it/s 6:24<18.1s[K       7/10      10.5G     0.7306     0.4848    0.06349        280        640: 95% ━━━━━━━━━━━─ 770/809 2.2it/s 6:25<17.4s[K       7/10      10.5G     0.7306     0.4848    0.06348        360        640: 95% ━━━━━━━━━━━─ 771/809 2.2it/s 6:25<17.5s[K       7/10      10.5G     0.7307     0.4848     0.0635        629        640: 95% ━━━━━━━━━━━─ 772/809 2.0it/s 6:26<18.1s[K       7/10      10.5G     0.7308     0.4848    0.06349        416        640: 95% ━━━━━━━━━━━─ 773/809 2.0it/s 6:26<17.9s[K       7/10      10.5G     0.7309     0.4848     0.0635        374        640: 95% ━━━━━━━━━━━─ 774/809 2.1it/s 6:27<16.9s[K       7/10      10.5G     0.7308     0.4849    0.06349        313        640: 95% ━━━━━━━━━━━─ 775/809 2.1it/s 6:27<15.9s[K       7/10      10.5G     0.7306     0.4849    0.06347        371        640: 95% ━━━━━━━━━━━╸ 776/809 2.2it/s 6:28<15.2s[K       7/10      10.5G     0.7312     0.4847     0.0635        955        640: 96% ━━━━━━━━━━━╸ 777/809 2.0it/s 6:28<16.3s[K       7/10      10.5G     0.7312     0.4847     0.0635        407        640: 96% ━━━━━━━━━━━╸ 778/809 2.0it/s 6:29<15.6s[K       7/10      10.5G      0.731     0.4847    0.06349        357        640: 96% ━━━━━━━━━━━╸ 779/809 2.0it/s 6:29<15.0s[K       7/10      10.5G      0.731     0.4847    0.06348        502        640: 96% ━━━━━━━━━━━╸ 780/809 2.0it/s 6:30<14.7s[K       7/10      10.5G      0.731     0.4847    0.06347        302        640: 96% ━━━━━━━━━━━╸ 781/809 2.1it/s 6:30<13.5s[K       7/10      10.5G     0.7309     0.4848    0.06347        318        640: 96% ━━━━━━━━━━━╸ 782/809 2.2it/s 6:31<12.4s[K       7/10      10.5G     0.7311     0.4848    0.06349        348        640: 96% ━━━━━━━━━━━╸ 783/809 2.2it/s 6:31<12.0s[K       7/10      10.5G      0.731     0.4849    0.06348        319        640: 96% ━━━━━━━━━━━╸ 784/809 2.2it/s 6:31<11.2s[K       7/10      10.5G     0.7309     0.4849    0.06347        271        640: 97% ━━━━━━━━━━━╸ 785/809 2.3it/s 6:32<10.4s[K       7/10      10.5G      0.731     0.4848    0.06347        470        640: 97% ━━━━━━━━━━━╸ 786/809 2.0it/s 6:33<11.3s[K       7/10      10.5G     0.7311     0.4848    0.06348        297        640: 97% ━━━━━━━━━━━╸ 787/809 2.0it/s 6:33<10.8s[K       7/10      10.5G      0.731     0.4849    0.06347        228        640: 97% ━━━━━━━━━━━╸ 788/809 2.2it/s 6:34<9.7s[K       7/10      10.5G      0.731     0.4849    0.06346        364        640: 97% ━━━━━━━━━━━╸ 789/809 2.2it/s 6:34<9.0s[K       7/10      10.5G     0.7313     0.4849    0.06351        327        640: 97% ━━━━━━━━━━━╸ 790/809 2.2it/s 6:34<8.7s[K       7/10      10.5G      0.731     0.4849    0.06351        231        640: 97% ━━━━━━━━━━━╸ 791/809 2.3it/s 6:35<8.0s[K       7/10      10.5G     0.7312     0.4849    0.06354        254        640: 97% ━━━━━━━━━━━╸ 792/809 2.2it/s 6:35<7.6s[K       7/10      10.5G     0.7311     0.4849    0.06353        353        640: 98% ━━━━━━━━━━━╸ 793/809 2.2it/s 6:36<7.2s[K       7/10      10.5G     0.7312     0.4849    0.06354        453        640: 98% ━━━━━━━━━━━╸ 794/809 2.2it/s 6:36<6.9s[K       7/10      10.5G      0.731      0.485    0.06354        273        640: 98% ━━━━━━━━━━━╸ 795/809 2.2it/s 6:37<6.5s[K       7/10      10.5G      0.731     0.4851    0.06353        310        640: 98% ━━━━━━━━━━━╸ 796/809 2.2it/s 6:37<5.8s[K       7/10      10.5G     0.7311      0.485    0.06355        432        640: 98% ━━━━━━━━━━━╸ 797/809 2.2it/s 6:38<5.5s[K       7/10      10.5G     0.7311      0.485    0.06355        475        640: 98% ━━━━━━━━━━━╸ 798/809 2.1it/s 6:38<5.3s[K       7/10      10.5G     0.7312     0.4849    0.06362        508        640: 98% ━━━━━━━━━━━╸ 799/809 1.9it/s 6:39<5.2s[K       7/10      10.5G     0.7311     0.4849    0.06361        338        640: 98% ━━━━━━━━━━━╸ 800/809 2.0it/s 6:39<4.5s[K       7/10      10.5G     0.7314     0.4849    0.06362        268        640: 99% ━━━━━━━━━━━╸ 801/809 2.1it/s 6:40<3.9s[K       7/10      10.5G     0.7314     0.4849    0.06362        352        640: 99% ━━━━━━━━━━━╸ 802/809 2.1it/s 6:40<3.4s[K       7/10      10.5G     0.7311     0.4848    0.06359        343        640: 99% ━━━━━━━━━━━╸ 803/809 2.1it/s 6:41<2.9s[K       7/10      10.5G     0.7311     0.4848    0.06359        301        640: 99% ━━━━━━━━━━━╸ 804/809 2.1it/s 6:41<2.4s[K       7/10      10.5G      0.731     0.4848    0.06358        355        640: 99% ━━━━━━━━━━━╸ 805/809 2.2it/s 6:42<1.9s[K       7/10      10.5G     0.7309     0.4848    0.06357        229        640: 99% ━━━━━━━━━━━╸ 806/809 2.3it/s 6:42<1.3s[K       7/10      10.5G     0.7308     0.4848    0.06356        335        640: 99% ━━━━━━━━━━━╸ 807/809 2.3it/s 6:42<0.9s[K       7/10      10.5G     0.7306     0.4848    0.06355        331        640: 99% ━━━━━━━━━━━╸ 808/809 2.3it/s 6:43<0.4s[K       7/10      10.5G     0.7306     0.4848    0.06355        331        640: 100% ━━━━━━━━━━━━ 809/809 2.0it/s 6:43
[K                 Class     Images  Instances      Box(P          R      mAP50  mAP50-95): 2% ──────────── 1/35 1.2s/it 0.4s<40.5s[K                 Class     Images  Instances      Box(P          R      mAP50  mAP50-95): 5% ╸─────────── 2/35 2.3it/s 0.5s<14.4s[K                 Class     Images  Instances      Box(P          R      mAP50  mAP50-95): 8% ━─────────── 3/35 2.7it/s 0.8s<11.7s[K                 Class     Images  Instances      Box(P          R      mAP50  mAP50-95): 11% ━─────────── 4/35 3.0it/s 1.1s<10.4s[K                 Class     Images  Instances      Box(P          R      mAP50  mAP50-95): 14% ━╸────────── 5/35 3.0it/s 1.4s<9.9s[K                 Class     Images  Instances      Box(P          R      mAP50  mAP50-95): 17% ━━────────── 6/35 3.1it/s 1.7s<9.4s[K                 Class     Images  Instances      Box(P          R      mAP50  mAP50-95): 20% ━━────────── 7/35 3.1it/s 2.0s<8.9s[K                 Class     Images  Instances      Box(P          R      mAP50  mAP50-95): 22% ━━╸───────── 8/35 3.0it/s 2.4s<9.1s[K                 Class     Images  Instances      Box(P          R      mAP50  mAP50-95): 25% ━━━───────── 9/35 3.2it/s 2.7s<8.0s[K                 Class     Images  Instances      Box(P          R      mAP50  mAP50-95): 28% ━━━───────── 10/35 3.7it/s 2.9s<6.7s[K                 Class     Images  Instances      Box(P          R      mAP50  mAP50-95): 31% ━━━╸──────── 11/35 3.4it/s 3.2s<7.0s[K                 Class     Images  Instances      Box(P          R      mAP50  mAP50-95): 34% ━━━━──────── 12/35 3.4it/s 3.5s<6.8s[K                 Class     Images  Instances      Box(P          R      mAP50  mAP50-95): 37% ━━━━──────── 13/35 3.5it/s 3.8s<6.3s[K                 Class     Images  Instances      Box(P          R      mAP50  mAP50-95): 40% ━━━━╸─────── 14/35 3.4it/s 4.1s<6.2s[K                 Class     Images  Instances      Box(P          R      mAP50  mAP50-95): 42% ━━━━━─────── 15/35 3.7it/s 4.3s<5.4s[K                 Class     Images  Instances      Box(P          R      mAP50  mAP50-95): 45% ━━━━━─────── 16/35 3.6it/s 4.6s<5.3s[K                 Class     Images  Instances      Box(P          R      mAP50  mAP50-95): 48% ━━━━━╸────── 17/35 3.4it/s 5.0s<5.4s[K                 Class     Images  Instances      Box(P          R      mAP50  mAP50-95): 51% ━━━━━━────── 18/35 3.5it/s 5.3s<4.8s[K                 Class     Images  Instances      Box(P          R      mAP50  mAP50-95): 54% ━━━━━━╸───── 19/35 3.7it/s 5.5s<4.4s[K                 Class     Images  Instances      Box(P          R      mAP50  mAP50-95): 57% ━━━━━━╸───── 20/35 3.8it/s 5.7s<3.9s[K                 Class     Images  Instances      Box(P          R      mAP50  mAP50-95): 60% ━━━━━━━───── 21/35 3.7it/s 6.0s<3.8s[K                 Class     Images  Instances      Box(P          R      mAP50  mAP50-95): 62% ━━━━━━━╸──── 22/35 3.2it/s 6.5s<4.1s[K                 Class     Images  Instances      Box(P          R      mAP50  mAP50-95): 65% ━━━━━━━╸──── 23/35 2.5it/s 7.5s<4.8s[K                 Class     Images  Instances      Box(P          R      mAP50  mAP50-95): 68% ━━━━━━━━──── 24/35 1.9it/s 9.5s<5.7s[K                 Class     Images  Instances      Box(P          R      mAP50  mAP50-95): 71% ━━━━━━━━╸─── 25/35 2.2it/s 9.8s<4.5s[K                 Class     Images  Instances      Box(P          R      mAP50  mAP50-95): 74% ━━━━━━━━╸─── 26/35 2.9it/s 10.0s<3.1s[K                 Class     Images  Instances      Box(P          R      mAP50  mAP50-95): 77% ━━━━━━━━━─── 27/35 2.9it/s 10.4s<2.8s[K                 Class     Images  Instances      Box(P          R      mAP50  mAP50-95): 80% ━━━━━━━━━╸── 28/35 2.9it/s 10.7s<2.4s[K                 Class     Images  Instances      Box(P          R      mAP50  mAP50-95): 82% ━━━━━━━━━╸── 29/35 3.1it/s 11.0s<1.9s[K                 Class     Images  Instances      Box(P          R      mAP50  mAP50-95): 85% ━━━━━━━━━━── 30/35 3.4it/s 11.2s<1.5s[K                 Class     Images  Instances      Box(P          R      mAP50  mAP50-95): 88% ━━━━━━━━━━╸─ 31/35 3.3it/s 11.6s<1.2s[K                 Class     Images  Instances      Box(P          R      mAP50  mAP50-95): 91% ━━━━━━━━━━╸─ 32/35 3.3it/s 11.9s<0.9s[K                 Class     Images  Instances      Box(P          R      mAP50  mAP50-95): 94% ━━━━━━━━━━━─ 33/35 3.5it/s 12.1s<0.6s[K                 Class     Images  Instances      Box(P          R      mAP50  mAP50-95): 97% ━━━━━━━━━━━╸ 34/35 3.8it/s 12.3s<0.3s[K                 Class     Images  Instances      Box(P          R      mAP50  mAP50-95): 100% ━━━━━━━━━━━━ 35/35 2.8it/s 12.5s
                   all        548      38759      0.512      0.436      0.414      0.242

      Epoch    GPU_mem  giou_loss   cls_loss    l1_loss  Instances       Size
/root/data/uav/venv/lib/python3.10/site-packages/torch/autograd/graph.py:825: UserWarning: grid_sampler_2d_backward_cuda does not have a deterministic implementation, but you set 'torch.use_deterministic_algorithms(True, warn_only=True)'. You can file an issue at https://github.com/pytorch/pytorch/issues to help us prioritize adding deterministic support for this operation. (Triggered internally at ../aten/src/ATen/Context.cpp:91.)
  return Variable._execution_engine.run_backward(  # Calls into the C++ engine to run the backward pass
[K       8/10      10.5G     0.7116     0.5032    0.09049        431        640: 0% ──────────── 0/809  0.5s[K       8/10      10.5G     0.7188     0.5139    0.06908        265        640: 0% ──────────── 1/809 1.4s/it 0.9s<18:18[K       8/10      10.5G      0.811     0.4881    0.07007        452        640: 0% ──────────── 2/809 1.1s/it 1.6s<14:19[K       8/10      10.5G     0.7437     0.5003    0.06262        328        640: 0% ──────────── 3/809 1.3it/s 2.1s<10:02[K       8/10      10.5G     0.7207     0.4988    0.06395        510        640: 0% ──────────── 4/809 1.5it/s 2.6s<8:41[K       8/10      10.5G     0.7262      0.495    0.06213        551        640: 0% ──────────── 5/809 1.7it/s 3.1s<8:07[K       8/10      10.5G     0.7097     0.4943    0.06089        402        640: 0% ──────────── 6/809 1.8it/s 3.5s<7:19[K       8/10      10.5G     0.7106     0.4897    0.06084        541        640: 0% ──────────── 7/809 1.8it/s 4.1s<7:30[K       8/10      10.5G     0.7126     0.4874    0.06058        516        640: 0% ──────────── 8/809 1.8it/s 4.7s<7:18[K       8/10      10.5G     0.7203     0.4875    0.05989        400        640: 1% ──────────── 9/809 1.9it/s 5.1s<6:58[K       8/10      10.5G     0.7157     0.4895    0.06033        258        640: 1% ──────────── 10/809 2.0it/s 5.6s<6:39[K       8/10      10.5G      0.722     0.4903    0.06047        390        640: 1% ──────────── 11/809 2.0it/s 6.1s<6:37[K       8/10      10.5G     0.7265     0.4891    0.06036        395        640: 1% ──────────── 12/809 2.1it/s 6.5s<6:24[K       8/10      10.5G     0.7375     0.4884    0.06108        334        640: 1% ──────────── 13/809 2.1it/s 7.0s<6:19[K       8/10      10.5G     0.7356     0.4911    0.06061        366        640: 1% ──────────── 14/809 2.1it/s 7.4s<6:16[K       8/10      10.5G     0.7426     0.4897    0.06189        520        640: 1% ──────────── 15/809 2.0it/s 8.0s<6:40[K       8/10      10.5G     0.7444     0.4866    0.06125        379        640: 1% ──────────── 16/809 2.0it/s 8.5s<6:29[K       8/10      10.5G     0.7424     0.4858    0.06187        410        640: 2% ──────────── 17/809 2.1it/s 9.0s<6:22[K       8/10      10.5G       0.75     0.4852    0.06296        563        640: 2% ──────────── 18/809 1.9it/s 9.6s<6:50[K       8/10      10.5G     0.7522     0.4829    0.06239        300        640: 2% ──────────── 19/809 2.0it/s 10.0s<6:31[K       8/10      10.5G     0.7435     0.4852    0.06217        207        640: 2% ──────────── 20/809 2.1it/s 10.5s<6:13[K       8/10      10.5G      0.739      0.485    0.06179        241        640: 2% ──────────── 21/809 2.2it/s 10.9s<5:52[K       8/10      10.5G     0.7354      0.486     0.0633        189        640: 2% ──────────── 22/809 2.4it/s 11.2s<5:27[K       8/10      10.5G     0.7418     0.4841    0.06401        460        640: 2% ──────────── 23/809 2.3it/s 11.7s<5:47[K       8/10      10.5G     0.7469     0.4831    0.06467        328        640: 2% ──────────── 24/809 2.2it/s 12.2s<5:52[K       8/10      10.5G     0.7527     0.4827    0.06614        491        640: 3% ──────────── 25/809 2.1it/s 12.8s<6:18[K       8/10      10.5G     0.7582     0.4811    0.06637        468        640: 3% ──────────── 26/809 2.0it/s 13.4s<6:40[K       8/10      10.5G     0.7577     0.4802    0.06588        374        640: 3% ──────────── 27/809 2.0it/s 13.8s<6:26[K       8/10      10.5G     0.7523     0.4815    0.06542        340        640: 3% ──────────── 28/809 2.1it/s 14.3s<6:13[K       8/10      10.5G     0.7444     0.4831    0.06563        269        640: 3% ──────────── 29/809 2.2it/s 14.7s<5:47[K       8/10      10.5G     0.7432     0.4836    0.06537        261        640: 3% ──────────── 30/809 2.3it/s 15.1s<5:40[K       8/10      10.5G     0.7435     0.4827    0.06507        447        640: 3% ──────────── 31/809 2.2it/s 15.6s<6:01[K       8/10      10.5G     0.7454     0.4835    0.06476        293        640: 3% ──────────── 32/809 2.2it/s 16.1s<5:56[K       8/10      10.5G     0.7489     0.4818    0.06439        315        640: 4% ──────────── 33/809 2.2it/s 16.5s<5:55[K       8/10      10.5G     0.7396     0.4827    0.06457        285        640: 4% ╸─────────── 34/809 2.2it/s 17.0s<5:53[K       8/10      10.5G     0.7349      0.483    0.06422        390        640: 4% ╸─────────── 35/809 2.2it/s 17.4s<5:46[K       8/10      10.5G     0.7466     0.4797    0.06646        535        640: 4% ╸─────────── 36/809 1.8it/s 18.7s<7:09[K       8/10      10.5G     0.7502     0.4793    0.06645        653        640: 4% ╸─────────── 37/809 1.8it/s 19.3s<7:21[K       8/10      10.5G     0.7475     0.4796    0.06608        301        640: 4% ╸─────────── 38/809 1.9it/s 19.7s<6:38[K       8/10      10.5G     0.7473     0.4786    0.06558        370        640: 4% ╸─────────── 39/809 2.0it/s 20.2s<6:27[K       8/10      10.5G      0.747     0.4794    0.06521        343        640: 4% ╸─────────── 40/809 2.1it/s 20.6s<6:14[K       8/10      10.5G     0.7425     0.4807    0.06476        436        640: 5% ╸─────────── 41/809 2.1it/s 21.1s<6:14[K       8/10      10.5G     0.7439      0.481    0.06525        395        640: 5% ╸─────────── 42/809 2.0it/s 21.7s<6:23[K       8/10      10.5G     0.7402     0.4815    0.06515        255        640: 5% ╸─────────── 43/809 2.2it/s 22.0s<5:49[K       8/10      10.5G      0.737     0.4815    0.06485        313        640: 5% ╸─────────── 44/809 2.3it/s 22.5s<5:40[K       8/10      10.5G     0.7417     0.4799    0.06508        542        640: 5% ╸─────────── 45/809 2.0it/s 23.2s<6:28[K       8/10      10.5G     0.7479     0.4789    0.06848        571        640: 5% ╸─────────── 46/809 1.6it/s 24.8s<8:04[K       8/10      10.5G     0.7513     0.4782     0.0685        523        640: 5% ╸─────────── 47/809 1.7it/s 25.3s<7:39[K       8/10      10.5G     0.7497      0.479    0.06829        337        640: 5% ╸─────────── 48/809 1.9it/s 25.7s<6:44[K       8/10      10.5G     0.7481     0.4792    0.06816        151        640: 6% ╸─────────── 49/809 2.2it/s 26.1s<5:49[K       8/10      10.5G      0.749     0.4797    0.06817        315        640: 6% ╸─────────── 50/809 2.2it/s 26.5s<5:53[K       8/10      10.5G     0.7497     0.4798     0.0679        386        640: 6% ╸─────────── 51/809 2.1it/s 27.0s<5:55[K       8/10      10.5G     0.7532      0.478    0.06819        319        640: 6% ╸─────────── 52/809 2.0it/s 27.6s<6:12[K       8/10      10.5G     0.7493     0.4782    0.06791        306        640: 6% ╸─────────── 53/809 2.1it/s 28.0s<5:55[K       8/10      10.5G     0.7504     0.4777    0.06775        432        640: 6% ╸─────────── 54/809 2.1it/s 28.5s<6:00[K       8/10      10.5G     0.7519     0.4775    0.06792        473        640: 6% ╸─────────── 55/809 2.0it/s 29.0s<6:09[K       8/10      10.5G     0.7506     0.4777    0.06776        234        640: 6% ╸─────────── 56/809 2.2it/s 29.4s<5:40[K       8/10      10.5G     0.7502     0.4781    0.06766        197        640: 7% ╸─────────── 57/809 2.4it/s 29.7s<5:10[K       8/10      10.5G     0.7462     0.4782    0.06753        300        640: 7% ╸─────────── 58/809 2.4it/s 30.2s<5:16[K       8/10      10.5G     0.7438     0.4791    0.06755        340        640: 7% ╸─────────── 59/809 2.3it/s 30.6s<5:22[K       8/10      10.5G     0.7421     0.4786    0.06744        340        640: 7% ╸─────────── 60/809 2.3it/s 31.0s<5:20[K       8/10      10.5G     0.7425     0.4787    0.06721        446        640: 7% ╸─────────── 61/809 2.3it/s 31.5s<5:28[K       8/10      10.5G     0.7384     0.4794    0.06697        298        640: 7% ╸─────────── 62/809 2.3it/s 31.9s<5:22[K       8/10      10.5G     0.7376     0.4805     0.0669        285        640: 7% ╸─────────── 63/809 2.4it/s 32.3s<5:17[K       8/10      10.5G     0.7352     0.4808    0.06664        454        640: 7% ╸─────────── 64/809 2.3it/s 32.8s<5:25[K       8/10      10.5G     0.7332     0.4812    0.06632        249        640: 8% ╸─────────── 65/809 2.3it/s 33.2s<5:20[K       8/10      10.5G     0.7304     0.4815    0.06615        270        640: 8% ╸─────────── 66/809 2.3it/s 33.7s<5:24[K       8/10      10.5G     0.7285     0.4818    0.06595        250        640: 8% ╸─────────── 67/809 2.4it/s 34.1s<5:14[K       8/10      10.5G     0.7279     0.4819    0.06585        260        640: 8% ━─────────── 68/809 2.4it/s 34.5s<5:06[K       8/10      10.5G     0.7263     0.4822    0.06555        210        640: 8% ━─────────── 69/809 2.5it/s 34.8s<4:57[K       8/10      10.5G     0.7292      0.482    0.06564        349        640: 8% ━─────────── 70/809 2.3it/s 35.3s<5:15[K       8/10      10.5G     0.7311      0.482    0.06564        334        640: 8% ━─────────── 71/809 2.3it/s 35.8s<5:17[K       8/10      10.5G     0.7343     0.4811    0.06581        417        640: 8% ━─────────── 72/809 2.0it/s 36.5s<6:04[K       8/10      10.5G     0.7337     0.4811    0.06561        297        640: 9% ━─────────── 73/809 2.1it/s 37.0s<5:59[K       8/10      10.5G     0.7344     0.4808    0.06556        561        640: 9% ━─────────── 74/809 2.0it/s 37.6s<6:17[K       8/10      10.5G     0.7336     0.4812    0.06537        412        640: 9% ━─────────── 75/809 2.0it/s 38.1s<6:04[K       8/10      10.5G     0.7315      0.481    0.06539        349        640: 9% ━─────────── 76/809 2.1it/s 38.5s<5:51[K       8/10      10.5G     0.7302      0.481    0.06529        289        640: 9% ━─────────── 77/809 2.2it/s 38.9s<5:39[K       8/10      10.5G       0.73     0.4813    0.06542        438        640: 9% ━─────────── 78/809 2.2it/s 39.4s<5:37[K       8/10      10.5G     0.7308     0.4817     0.0656        214        640: 9% ━─────────── 79/809 2.3it/s 39.8s<5:14[K       8/10      10.5G     0.7325      0.481    0.06592        582        640: 9% ━─────────── 80/809 1.9it/s 40.7s<6:15[K       8/10      10.5G     0.7308     0.4816    0.06586        242        640: 10% ━─────────── 81/809 2.1it/s 41.1s<5:52[K       8/10      10.5G     0.7313     0.4815    0.06571        373        640: 10% ━─────────── 82/809 2.0it/s 41.6s<5:56[K       8/10      10.5G     0.7292     0.4816    0.06543        415        640: 10% ━─────────── 83/809 2.1it/s 42.1s<5:49[K       8/10      10.5G     0.7286     0.4817    0.06552        382        640: 10% ━─────────── 84/809 2.1it/s 42.5s<5:43[K       8/10      10.5G      0.727     0.4825     0.0655        350        640: 10% ━─────────── 85/809 2.2it/s 43.0s<5:34[K       8/10      10.5G     0.7285     0.4822    0.06549        256        640: 10% ━─────────── 86/809 2.2it/s 43.4s<5:34[K       8/10      10.5G     0.7301     0.4821    0.06563        295        640: 10% ━─────────── 87/809 2.2it/s 43.9s<5:29[K       8/10      10.5G      0.731     0.4819    0.06569        502        640: 10% ━─────────── 88/809 2.1it/s 44.4s<5:36[K       8/10      10.5G     0.7312     0.4822    0.06557        310        640: 11% ━─────────── 89/809 2.2it/s 44.8s<5:31[K       8/10      10.5G     0.7324     0.4824    0.06561        303        640: 11% ━─────────── 90/809 2.1it/s 45.3s<5:36[K       8/10      10.5G     0.7339     0.4823    0.06572        443        640: 11% ━─────────── 91/809 2.1it/s 45.8s<5:50[K       8/10      10.5G      0.735     0.4826    0.06579        384        640: 11% ━─────────── 92/809 2.0it/s 46.3s<5:51[K       8/10      10.5G     0.7381     0.4817    0.06594        487        640: 11% ━─────────── 93/809 1.9it/s 46.9s<6:09[K       8/10      10.5G     0.7401     0.4816    0.06578        327        640: 11% ━─────────── 94/809 2.0it/s 47.4s<5:57[K       8/10      10.5G     0.7393      0.482    0.06585        293        640: 11% ━─────────── 95/809 2.1it/s 47.8s<5:32[K       8/10      10.5G     0.7393      0.482    0.06565        329        640: 11% ━─────────── 96/809 2.2it/s 48.2s<5:23[K       8/10      10.5G     0.7377     0.4824    0.06546        152        640: 11% ━─────────── 97/809 2.3it/s 48.6s<5:03[K       8/10      10.5G     0.7366     0.4829    0.06529        274        640: 12% ━─────────── 98/809 2.3it/s 49.0s<5:07[K       8/10      10.5G     0.7359     0.4832    0.06528        433        640: 12% ━─────────── 99/809 2.3it/s 49.5s<5:10[K       8/10      10.5G     0.7359     0.4831    0.06525        419        640: 12% ━─────────── 100/809 2.2it/s 50.0s<5:17