epoch,time,train/giou_loss,train/cls_loss,train/l1_loss,train/vsf_local_loss,train/vsf_global_loss,metrics/precision(B),metrics/recall(B),metrics/mAP50(B),metrics/mAP50-95(B),val/giou_loss,val/cls_loss,val/l1_loss,val/vsf_local_loss,val/vsf_global_loss,lr/pg0,lr/pg1,lr/pg2,lr/pg3,lr/pg4,lr/pg5,lr/pg6,lr/pg7
1,1770.53,2.36816,0.45289,0.94227,0.27185,0.10288,0.60289,0.00537,0.00022,4e-05,2.32442,0.12275,0.78765,0,0,0.00998764,0.00332921,0.00998764,0.00332921,0.00998764,0.00332921,0.00998764,0.00332921
2,3363.53,2.25699,0.16592,0.77671,0.26528,0.10582,0.2174,0.05137,0.00564,0.00188,1.81246,0.34318,0.49147,0,0,0.0197898,0.00659659,0.0197898,0.00659659,0.0197898,0.00659659,0.0197898,0.00659659
