epoch,time,train/giou_loss,train/cls_loss,train/l1_loss,train/vsf_local_loss,train/vsf_global_loss,metrics/precision(B),metrics/recall(B),metrics/mAP50(B),metrics/mAP50-95(B),val/giou_loss,val/cls_loss,val/l1_loss,val/vsf_local_loss,val/vsf_global_loss,lr/pg0,lr/pg1,lr/pg2,lr/pg3,lr/pg4,lr/pg5,lr/pg6,lr/pg7
1,1770.53,2.36816,0.45289,0.94227,0.27185,0.10288,0.60289,0.00537,0.00022,4e-05,2.32442,0.12275,0.78765,0,0,0.00998764,0.00332921,0.00998764,0.00332921,0.00998764,0.00332921,0.00998764,0.00332921
2,3363.53,2.25699,0.16592,0.77671,0.26528,0.10582,0.2174,0.05137,0.00564,0.00188,1.81246,0.34318,0.49147,0,0,0.0197898,0.00659659,0.0197898,0.00659659,0.0197898,0.00659659,0.0197898,0.00659659
3,4736.31,2.04201,0.2299,0.60253,0.20432,0.09238,0.02347,0.07238,0.01196,0.00467,1.71714,0.33707,0.44151,0,0,0.0293939,0.00979796,0.0293939,0.00979796,0.0293939,0.00979796,0.0293939,0.00979796
4,6031.85,1.94607,0.25848,0.50384,0.13973,0.08156,0.1556,0.08519,0.01965,0.00697,1.63085,0.34471,0.32292,0,0,0.029109,0.009703,0.029109,0.009703,0.029109,0.009703,0.029109,0.009703
5,7238.08,1.80132,0.30525,0.39588,0.1046,0.07011,0.12707,0.05218,0.00938,0.00245,1.73785,0.26726,0.32944,0,0,0.028812,0.009604,0.028812,0.009604,0.028812,0.009604,0.028812,0.009604
6,8393.33,1.73526,0.31924,0.3489,0.08798,0.06607,0.09285,0.13381,0.04816,0.02064,1.4148,0.43273,0.24221,0,0,0.028515,0.009505,0.028515,0.009505,0.028515,0.009505,0.028515,0.009505
