epoch,time,train/giou_loss,train/cls_loss,train/l1_loss,metrics/precision(B),metrics/recall(B),metrics/mAP50(B),metrics/mAP50-95(B),val/giou_loss,val/cls_loss,val/l1_loss,lr/pg0,lr/pg1,lr/pg2,lr/pg3,lr/pg4,lr/pg5,lr/pg6,lr/pg7
1,635.714,2.37835,0.56315,0.96745,0.00217,0.00489,0.00022,4e-05,2.28613,0.10817,0.92937,0.00996296,0.00332099,0.00996296,0.00332099,0.00996296,0.00332099,0.00996296,0.00332099
2,1236.41,2.40457,0.10071,0.90313,0.30501,0.01114,0.00103,0.00025,1.98118,0.19426,0.54162,0.0197653,0.00658844,0.0197653,0.00658844,0.0197653,0.00658844,0.0197653,0.00658844
3,1764.61,2.15108,0.17107,0.67285,0.01757,0.05985,0.00719,0.00249,1.77514,0.30106,0.45148,0.0293697,0.0097899,0.0293697,0.0097899,0.0293697,0.0097899,0.0293697,0.0097899
