Ultralytics 8.4.90 🚀 Python-3.10.13 torch-2.5.1+cu121 CUDA:0 (NVIDIA GeForce RTX 4090, 24081MiB)
[34m[1mengine/trainer: [0magnostic_nms=False, amp=True, angle=1.0, augment=False, auto_augment=randaugment, batch=8, bgr=0.0, box=7.5, cache=False, cfg=None, classes=None, close_mosaic=10, cls=0.5, cls_pw=0.0, compile=False, conf=None, copy_paste=0.0, copy_paste_mode=flip, cos_lr=False, cutmix=0.0, data=/root/data/uav/protocols/tsgr-p2-e1/source-VisDrone-full.yaml, degrees=0.0, deterministic=True, device=0, dfl=1.5, dis=6.0, distill_model=None, dnn=False, dropout=0.0, dynamic=False, embed=None, end2end=None, epochs=3, erasing=0.4, exist_ok=True, fliplr=0.5, flipud=0.0, format=torchscript, fraction=1.0, freeze=[0, 1, 2, 3, 4, 5, 6, 7, 8, 9, 10, 11, 12, 13, 14, 15, 16, 17, 18, 19, 20, 21, 22, 23, 24, 25, 26, 27, 28], hsv_h=0.015, hsv_s=0.7, hsv_v=0.4, imgsz=640, iou=0.7, keras=False, kobj=1.0, line_width=None, lr0=0.0001, lrf=1.0, mask_ratio=4, max_det=300, mixup=0.0, mode=train, model=rtdetr-l.yaml, momentum=0.9, mosaic=1.0, multi_scale=0.0, name=sqda-geometry-smgt-g1-seed0-3ep, nbs=64, nms=False, opset=None, optimize=False, optimizer=AdamW, overlap_mask=True, patience=100, perspective=0.0, plots=True, pose=12.0, pretrained=False, profile=False, project=/root/data/uav/runs/sqda-geometry-gate, quantize=None, rect=False, resume=False, retina_masks=False, rle=1.0, save=True, save_conf=False, save_crop=False, save_dir=/root/data/uav/runs/sqda-geometry-gate/sqda-geometry-smgt-g1-seed0-3ep, save_frames=False, save_json=False, save_period=1, save_txt=False, scale=0.5, seed=0, shear=0.0, show=False, show_boxes=True, show_conf=True, show_labels=True, simplify=True, single_cls=False, source=None, split=val, stream_buffer=False, task=detect, time=None, tracker=tracktrack.yaml, translate=0.1, val=True, verbose=True, vid_stride=1, visualize=False, warmup_bias_lr=0.0, warmup_epochs=0.5, warmup_momentum=0.8, weight_decay=0.0001, workers=8, workspace=None
Overriding model.yaml nc=80 with nc=10
WARNING ⚠️ no model scale passed. Assuming scale='l'.

                   from  n    params  module                                       arguments                     
  0                  -1  1     25248  ultralytics.nn.modules.block.HGStem          [3, 32, 48]                   
  1                  -1  6    155072  ultralytics.nn.modules.block.HGBlock         [48, 48, 128, 3, 6]           
  2                  -1  1      1408  ultralytics.nn.modules.conv.DWConv           [128, 128, 3, 2, 1, False]    
  3                  -1  6    839296  ultralytics.nn.modules.block.HGBlock         [128, 96, 512, 3, 6]          
  4                  -1  1      5632  ultralytics.nn.modules.conv.DWConv           [512, 512, 3, 2, 1, False]    
  5                  -1  6   1695360  ultralytics.nn.modules.block.HGBlock         [512, 192, 1024, 5, 6, True, False]
  6                  -1  6   2055808  ultralytics.nn.modules.block.HGBlock         [1024, 192, 1024, 5, 6, True, True]
  7                  -1  6   2055808  ultralytics.nn.modules.block.HGBlock         [1024, 192, 1024, 5, 6, True, True]
  8                  -1  1     11264  ultralytics.nn.modules.conv.DWConv           [1024, 1024, 3, 2, 1, False]  
  9                  -1  6   6708480  ultralytics.nn.modules.block.HGBlock         [1024, 384, 2048, 5, 6, True, False]
 10                  -1  1    524800  ultralytics.nn.modules.conv.Conv             [2048, 256, 1, 1, None, 1, 1, False]
 11                  -1  1    789760  ultralytics.nn.modules.transformer.AIFI      [256, 1024, 8]                
 12                  -1  1     66048  ultralytics.nn.modules.conv.Conv             [256, 256, 1, 1]              
 13                  -1  1         0  torch.nn.modules.upsampling.Upsample         [None, 2, 'nearest']          
 14                   7  1    262656  ultralytics.nn.modules.conv.Conv             [1024, 256, 1, 1, None, 1, 1, False]
 15            [-2, -1]  1         0  ultralytics.nn.modules.conv.Concat           [1]                           
 16                  -1  3   2232320  ultralytics.nn.modules.block.RepC3           [512, 256, 3]                 
 17                  -1  1     66048  ultralytics.nn.modules.conv.Conv             [256, 256, 1, 1]              
 18                  -1  1         0  torch.nn.modules.upsampling.Upsample         [None, 2, 'nearest']          
 19                   3  1    131584  ultralytics.nn.modules.conv.Conv             [512, 256, 1, 1, None, 1, 1, False]
 20            [-2, -1]  1         0  ultralytics.nn.modules.conv.Concat           [1]                           
 21                  -1  3   2232320  ultralytics.nn.modules.block.RepC3           [512, 256, 3]                 
 22                  -1  1    590336  ultralytics.nn.modules.conv.Conv             [256, 256, 3, 2]              
 23            [-1, 17]  1         0  ultralytics.nn.modules.conv.Concat           [1]                           
 24                  -1  3   2232320  ultralytics.nn.modules.block.RepC3           [512, 256, 3]                 
 25                  -1  1    590336  ultralytics.nn.modules.conv.Conv             [256, 256, 3, 2]              
 26            [-1, 12]  1         0  ultralytics.nn.modules.conv.Concat           [1]                           
 27                  -1  3   2232320  ultralytics.nn.modules.block.RepC3           [512, 256, 3]                 
 28        [21, 24, 27]  1   7322402  ultralytics.nn.modules.head.RTDETRDecoder    [10, [256, 256, 256]]         
rtdetr-l summary: 465 layers, 32,826,626 parameters, 32,826,626 gradients

Freezing layer 'model.0.stem1.conv.weight'
Freezing layer 'model.0.stem1.bn.weight'
Freezing layer 'model.0.stem1.bn.bias'
Freezing layer 'model.0.stem2a.conv.weight'
Freezing layer 'model.0.stem2a.bn.weight'
Freezing layer 'model.0.stem2a.bn.bias'
Freezing layer 'model.0.stem2b.conv.weight'
Freezing layer 'model.0.stem2b.bn.weight'
Freezing layer 'model.0.stem2b.bn.bias'
Freezing layer 'model.0.stem3.conv.weight'
Freezing layer 'model.0.stem3.bn.weight'
Freezing layer 'model.0.stem3.bn.bias'
Freezing layer 'model.0.stem4.conv.weight'
Freezing layer 'model.0.stem4.bn.weight'
Freezing layer 'model.0.stem4.bn.bias'
Freezing layer 'model.1.m.0.conv.weight'
Freezing layer 'model.1.m.0.bn.weight'
Freezing layer 'model.1.m.0.bn.bias'
Freezing layer 'model.1.m.1.conv.weight'
Freezing layer 'model.1.m.1.bn.weight'
Freezing layer 'model.1.m.1.bn.bias'
Freezing layer 'model.1.m.2.conv.weight'
Freezing layer 'model.1.m.2.bn.weight'
Freezing layer 'model.1.m.2.bn.bias'
Freezing layer 'model.1.m.3.conv.weight'
Freezing layer 'model.1.m.3.bn.weight'
Freezing layer 'model.1.m.3.bn.bias'
Freezing layer 'model.1.m.4.conv.weight'
Freezing layer 'model.1.m.4.bn.weight'
Freezing layer 'model.1.m.4.bn.bias'
Freezing layer 'model.1.m.5.conv.weight'
Freezing layer 'model.1.m.5.bn.weight'
Freezing layer 'model.1.m.5.bn.bias'
Freezing layer 'model.1.sc.conv.weight'
Freezing layer 'model.1.sc.bn.weight'
Freezing layer 'model.1.sc.bn.bias'
Freezing layer 'model.1.ec.conv.weight'
Freezing layer 'model.1.ec.bn.weight'
Freezing layer 'model.1.ec.bn.bias'
Freezing layer 'model.2.conv.weight'
Freezing layer 'model.2.bn.weight'
Freezing layer 'model.2.bn.bias'
Freezing layer 'model.3.m.0.conv.weight'
Freezing layer 'model.3.m.0.bn.weight'
Freezing layer 'model.3.m.0.bn.bias'
Freezing layer 'model.3.m.1.conv.weight'
Freezing layer 'model.3.m.1.bn.weight'
Freezing layer 'model.3.m.1.bn.bias'
Freezing layer 'model.3.m.2.conv.weight'
Freezing layer 'model.3.m.2.bn.weight'
Freezing layer 'model.3.m.2.bn.bias'
Freezing layer 'model.3.m.3.conv.weight'
Freezing layer 'model.3.m.3.bn.weight'
Freezing layer 'model.3.m.3.bn.bias'
Freezing layer 'model.3.m.4.conv.weight'
Freezing layer 'model.3.m.4.bn.weight'
Freezing layer 'model.3.m.4.bn.bias'
Freezing layer 'model.3.m.5.conv.weight'
Freezing layer 'model.3.m.5.bn.weight'
Freezing layer 'model.3.m.5.bn.bias'
Freezing layer 'model.3.sc.conv.weight'
Freezing layer 'model.3.sc.bn.weight'
Freezing layer 'model.3.sc.bn.bias'
Freezing layer 'model.3.ec.conv.weight'
Freezing layer 'model.3.ec.bn.weight'
Freezing layer 'model.3.ec.bn.bias'
Freezing layer 'model.4.conv.weight'
Freezing layer 'model.4.bn.weight'
Freezing layer 'model.4.bn.bias'
Freezing layer 'model.5.m.0.conv1.conv.weight'
Freezing layer 'model.5.m.0.conv1.bn.weight'
Freezing layer 'model.5.m.0.conv1.bn.bias'
Freezing layer 'model.5.m.0.conv2.conv.weight'
Freezing layer 'model.5.m.0.conv2.bn.weight'
Freezing layer 'model.5.m.0.conv2.bn.bias'
Freezing layer 'model.5.m.1.conv1.conv.weight'
Freezing layer 'model.5.m.1.conv1.bn.weight'
Freezing layer 'model.5.m.1.conv1.bn.bias'
Freezing layer 'model.5.m.1.conv2.conv.weight'
Freezing layer 'model.5.m.1.conv2.bn.weight'
Freezing layer 'model.5.m.1.conv2.bn.bias'
Freezing layer 'model.5.m.2.conv1.conv.weight'
Freezing layer 'model.5.m.2.conv1.bn.weight'
Freezing layer 'model.5.m.2.conv1.bn.bias'
Freezing layer 'model.5.m.2.conv2.conv.weight'
Freezing layer 'model.5.m.2.conv2.bn.weight'
Freezing layer 'model.5.m.2.conv2.bn.bias'
Freezing layer 'model.5.m.3.conv1.conv.weight'
Freezing layer 'model.5.m.3.conv1.bn.weight'
Freezing layer 'model.5.m.3.conv1.bn.bias'
Freezing layer 'model.5.m.3.conv2.conv.weight'
Freezing layer 'model.5.m.3.conv2.bn.weight'
Freezing layer 'model.5.m.3.conv2.bn.bias'
Freezing layer 'model.5.m.4.conv1.conv.weight'
Freezing layer 'model.5.m.4.conv1.bn.weight'
Freezing layer 'model.5.m.4.conv1.bn.bias'
Freezing layer 'model.5.m.4.conv2.conv.weight'
Freezing layer 'model.5.m.4.conv2.bn.weight'
Freezing layer 'model.5.m.4.conv2.bn.bias'
Freezing layer 'model.5.m.5.conv1.conv.weight'
Freezing layer 'model.5.m.5.conv1.bn.weight'
Freezing layer 'model.5.m.5.conv1.bn.bias'
Freezing layer 'model.5.m.5.conv2.conv.weight'
Freezing layer 'model.5.m.5.conv2.bn.weight'
Freezing layer 'model.5.m.5.conv2.bn.bias'
Freezing layer 'model.5.sc.conv.weight'
Freezing layer 'model.5.sc.bn.weight'
Freezing layer 'model.5.sc.bn.bias'
Freezing layer 'model.5.ec.conv.weight'
Freezing layer 'model.5.ec.bn.weight'
Freezing layer 'model.5.ec.bn.bias'
Freezing layer 'model.6.m.0.conv1.conv.weight'
Freezing layer 'model.6.m.0.conv1.bn.weight'
Freezing layer 'model.6.m.0.conv1.bn.bias'
Freezing layer 'model.6.m.0.conv2.conv.weight'
Freezing layer 'model.6.m.0.conv2.bn.weight'
Freezing layer 'model.6.m.0.conv2.bn.bias'
Freezing layer 'model.6.m.1.conv1.conv.weight'
Freezing layer 'model.6.m.1.conv1.bn.weight'
Freezing layer 'model.6.m.1.conv1.bn.bias'
Freezing layer 'model.6.m.1.conv2.conv.weight'
Freezing layer 'model.6.m.1.conv2.bn.weight'
Freezing layer 'model.6.m.1.conv2.bn.bias'
Freezing layer 'model.6.m.2.conv1.conv.weight'
Freezing layer 'model.6.m.2.conv1.bn.weight'
Freezing layer 'model.6.m.2.conv1.bn.bias'
Freezing layer 'model.6.m.2.conv2.conv.weight'
Freezing layer 'model.6.m.2.conv2.bn.weight'
Freezing layer 'model.6.m.2.conv2.bn.bias'
Freezing layer 'model.6.m.3.conv1.conv.weight'
Freezing layer 'model.6.m.3.conv1.bn.weight'
Freezing layer 'model.6.m.3.conv1.bn.bias'
Freezing layer 'model.6.m.3.conv2.conv.weight'
Freezing layer 'model.6.m.3.conv2.bn.weight'
Freezing layer 'model.6.m.3.conv2.bn.bias'
Freezing layer 'model.6.m.4.conv1.conv.weight'
Freezing layer 'model.6.m.4.conv1.bn.weight'
Freezing layer 'model.6.m.4.conv1.bn.bias'
Freezing layer 'model.6.m.4.conv2.conv.weight'
Freezing layer 'model.6.m.4.conv2.bn.weight'
Freezing layer 'model.6.m.4.conv2.bn.bias'
Freezing layer 'model.6.m.5.conv1.conv.weight'
Freezing layer 'model.6.m.5.conv1.bn.weight'
Freezing layer 'model.6.m.5.conv1.bn.bias'
Freezing layer 'model.6.m.5.conv2.conv.weight'
Freezing layer 'model.6.m.5.conv2.bn.weight'
Freezing layer 'model.6.m.5.conv2.bn.bias'
Freezing layer 'model.6.sc.conv.weight'
Freezing layer 'model.6.sc.bn.weight'
Freezing layer 'model.6.sc.bn.bias'
Freezing layer 'model.6.ec.conv.weight'
Freezing layer 'model.6.ec.bn.weight'
Freezing layer 'model.6.ec.bn.bias'
Freezing layer 'model.7.m.0.conv1.conv.weight'
Freezing layer 'model.7.m.0.conv1.bn.weight'
Freezing layer 'model.7.m.0.conv1.bn.bias'
Freezing layer 'model.7.m.0.conv2.conv.weight'
Freezing layer 'model.7.m.0.conv2.bn.weight'
Freezing layer 'model.7.m.0.conv2.bn.bias'
Freezing layer 'model.7.m.1.conv1.conv.weight'
Freezing layer 'model.7.m.1.conv1.bn.weight'
Freezing layer 'model.7.m.1.conv1.bn.bias'
Freezing layer 'model.7.m.1.conv2.conv.weight'
Freezing layer 'model.7.m.1.conv2.bn.weight'
Freezing layer 'model.7.m.1.conv2.bn.bias'
Freezing layer 'model.7.m.2.conv1.conv.weight'
Freezing layer 'model.7.m.2.conv1.bn.weight'
Freezing layer 'model.7.m.2.conv1.bn.bias'
Freezing layer 'model.7.m.2.conv2.conv.weight'
Freezing layer 'model.7.m.2.conv2.bn.weight'
Freezing layer 'model.7.m.2.conv2.bn.bias'
Freezing layer 'model.7.m.3.conv1.conv.weight'
Freezing layer 'model.7.m.3.conv1.bn.weight'
Freezing layer 'model.7.m.3.conv1.bn.bias'
Freezing layer 'model.7.m.3.conv2.conv.weight'
Freezing layer 'model.7.m.3.conv2.bn.weight'
Freezing layer 'model.7.m.3.conv2.bn.bias'
Freezing layer 'model.7.m.4.conv1.conv.weight'
Freezing layer 'model.7.m.4.conv1.bn.weight'
Freezing layer 'model.7.m.4.conv1.bn.bias'
Freezing layer 'model.7.m.4.conv2.conv.weight'
Freezing layer 'model.7.m.4.conv2.bn.weight'
Freezing layer 'model.7.m.4.conv2.bn.bias'
Freezing layer 'model.7.m.5.conv1.conv.weight'
Freezing layer 'model.7.m.5.conv1.bn.weight'
Freezing layer 'model.7.m.5.conv1.bn.bias'
Freezing layer 'model.7.m.5.conv2.conv.weight'
Freezing layer 'model.7.m.5.conv2.bn.weight'
Freezing layer 'model.7.m.5.conv2.bn.bias'
Freezing layer 'model.7.sc.conv.weight'
Freezing layer 'model.7.sc.bn.weight'
Freezing layer 'model.7.sc.bn.bias'
Freezing layer 'model.7.ec.conv.weight'
Freezing layer 'model.7.ec.bn.weight'
Freezing layer 'model.7.ec.bn.bias'
Freezing layer 'model.8.conv.weight'
Freezing layer 'model.8.bn.weight'
Freezing layer 'model.8.bn.bias'
Freezing layer 'model.9.m.0.conv1.conv.weight'
Freezing layer 'model.9.m.0.conv1.bn.weight'
Freezing layer 'model.9.m.0.conv1.bn.bias'
Freezing layer 'model.9.m.0.conv2.conv.weight'
Freezing layer 'model.9.m.0.conv2.bn.weight'
Freezing layer 'model.9.m.0.conv2.bn.bias'
Freezing layer 'model.9.m.1.conv1.conv.weight'
Freezing layer 'model.9.m.1.conv1.bn.weight'
Freezing layer 'model.9.m.1.conv1.bn.bias'
Freezing layer 'model.9.m.1.conv2.conv.weight'
Freezing layer 'model.9.m.1.conv2.bn.weight'
Freezing layer 'model.9.m.1.conv2.bn.bias'
Freezing layer 'model.9.m.2.conv1.conv.weight'
Freezing layer 'model.9.m.2.conv1.bn.weight'
Freezing layer 'model.9.m.2.conv1.bn.bias'
Freezing layer 'model.9.m.2.conv2.conv.weight'
Freezing layer 'model.9.m.2.conv2.bn.weight'
Freezing layer 'model.9.m.2.conv2.bn.bias'
Freezing layer 'model.9.m.3.conv1.conv.weight'
Freezing layer 'model.9.m.3.conv1.bn.weight'
Freezing layer 'model.9.m.3.conv1.bn.bias'
Freezing layer 'model.9.m.3.conv2.conv.weight'
Freezing layer 'model.9.m.3.conv2.bn.weight'
Freezing layer 'model.9.m.3.conv2.bn.bias'
Freezing layer 'model.9.m.4.conv1.conv.weight'
Freezing layer 'model.9.m.4.conv1.bn.weight'
Freezing layer 'model.9.m.4.conv1.bn.bias'
Freezing layer 'model.9.m.4.conv2.conv.weight'
Freezing layer 'model.9.m.4.conv2.bn.weight'
Freezing layer 'model.9.m.4.conv2.bn.bias'
Freezing layer 'model.9.m.5.conv1.conv.weight'
Freezing layer 'model.9.m.5.conv1.bn.weight'
Freezing layer 'model.9.m.5.conv1.bn.bias'
Freezing layer 'model.9.m.5.conv2.conv.weight'
Freezing layer 'model.9.m.5.conv2.bn.weight'
Freezing layer 'model.9.m.5.conv2.bn.bias'
Freezing layer 'model.9.sc.conv.weight'
Freezing layer 'model.9.sc.bn.weight'
Freezing layer 'model.9.sc.bn.bias'
Freezing layer 'model.9.ec.conv.weight'
Freezing layer 'model.9.ec.bn.weight'
Freezing layer 'model.9.ec.bn.bias'
Freezing layer 'model.10.conv.weight'
Freezing layer 'model.10.bn.weight'
Freezing layer 'model.10.bn.bias'
Freezing layer 'model.11.ma.in_proj_weight'
Freezing layer 'model.11.ma.in_proj_bias'
Freezing layer 'model.11.ma.out_proj.weight'
Freezing layer 'model.11.ma.out_proj.bias'
Freezing layer 'model.11.fc1.weight'
Freezing layer 'model.11.fc1.bias'
Freezing layer 'model.11.fc2.weight'
Freezing layer 'model.11.fc2.bias'
Freezing layer 'model.11.norm1.weight'
Freezing layer 'model.11.norm1.bias'
Freezing layer 'model.11.norm2.weight'
Freezing layer 'model.11.norm2.bias'
Freezing layer 'model.12.conv.weight'
Freezing layer 'model.12.bn.weight'
Freezing layer 'model.12.bn.bias'
Freezing layer 'model.14.conv.weight'
Freezing layer 'model.14.bn.weight'
Freezing layer 'model.14.bn.bias'
Freezing layer 'model.16.cv1.conv.weight'
Freezing layer 'model.16.cv1.bn.weight'
Freezing layer 'model.16.cv1.bn.bias'
Freezing layer 'model.16.cv2.conv.weight'
Freezing layer 'model.16.cv2.bn.weight'
Freezing layer 'model.16.cv2.bn.bias'
Freezing layer 'model.16.m.0.conv1.conv.weight'
Freezing layer 'model.16.m.0.conv1.bn.weight'
Freezing layer 'model.16.m.0.conv1.bn.bias'
Freezing layer 'model.16.m.0.conv2.conv.weight'
Freezing layer 'model.16.m.0.conv2.bn.weight'
Freezing layer 'model.16.m.0.conv2.bn.bias'
Freezing layer 'model.16.m.1.conv1.conv.weight'
Freezing layer 'model.16.m.1.conv1.bn.weight'
Freezing layer 'model.16.m.1.conv1.bn.bias'
Freezing layer 'model.16.m.1.conv2.conv.weight'
Freezing layer 'model.16.m.1.conv2.bn.weight'
Freezing layer 'model.16.m.1.conv2.bn.bias'
Freezing layer 'model.16.m.2.conv1.conv.weight'
Freezing layer 'model.16.m.2.conv1.bn.weight'
Freezing layer 'model.16.m.2.conv1.bn.bias'
Freezing layer 'model.16.m.2.conv2.conv.weight'
Freezing layer 'model.16.m.2.conv2.bn.weight'
Freezing layer 'model.16.m.2.conv2.bn.bias'
Freezing layer 'model.17.conv.weight'
Freezing layer 'model.17.bn.weight'
Freezing layer 'model.17.bn.bias'
Freezing layer 'model.19.conv.weight'
Freezing layer 'model.19.bn.weight'
Freezing layer 'model.19.bn.bias'
Freezing layer 'model.21.cv1.conv.weight'
Freezing layer 'model.21.cv1.bn.weight'
Freezing layer 'model.21.cv1.bn.bias'
Freezing layer 'model.21.cv2.conv.weight'
Freezing layer 'model.21.cv2.bn.weight'
Freezing layer 'model.21.cv2.bn.bias'
Freezing layer 'model.21.m.0.conv1.conv.weight'
Freezing layer 'model.21.m.0.conv1.bn.weight'
Freezing layer 'model.21.m.0.conv1.bn.bias'
Freezing layer 'model.21.m.0.conv2.conv.weight'
Freezing layer 'model.21.m.0.conv2.bn.weight'
Freezing layer 'model.21.m.0.conv2.bn.bias'
Freezing layer 'model.21.m.1.conv1.conv.weight'
Freezing layer 'model.21.m.1.conv1.bn.weight'
Freezing layer 'model.21.m.1.conv1.bn.bias'
Freezing layer 'model.21.m.1.conv2.conv.weight'
Freezing layer 'model.21.m.1.conv2.bn.weight'
Freezing layer 'model.21.m.1.conv2.bn.bias'
Freezing layer 'model.21.m.2.conv1.conv.weight'
Freezing layer 'model.21.m.2.conv1.bn.weight'
Freezing layer 'model.21.m.2.conv1.bn.bias'
Freezing layer 'model.21.m.2.conv2.conv.weight'
Freezing layer 'model.21.m.2.conv2.bn.weight'
Freezing layer 'model.21.m.2.conv2.bn.bias'
Freezing layer 'model.22.conv.weight'
Freezing layer 'model.22.bn.weight'
Freezing layer 'model.22.bn.bias'
Freezing layer 'model.24.cv1.conv.weight'
Freezing layer 'model.24.cv1.bn.weight'
Freezing layer 'model.24.cv1.bn.bias'
Freezing layer 'model.24.cv2.conv.weight'
Freezing layer 'model.24.cv2.bn.weight'
Freezing layer 'model.24.cv2.bn.bias'
Freezing layer 'model.24.m.0.conv1.conv.weight'
Freezing layer 'model.24.m.0.conv1.bn.weight'
Freezing layer 'model.24.m.0.conv1.bn.bias'
Freezing layer 'model.24.m.0.conv2.conv.weight'
Freezing layer 'model.24.m.0.conv2.bn.weight'
Freezing layer 'model.24.m.0.conv2.bn.bias'
Freezing layer 'model.24.m.1.conv1.conv.weight'
Freezing layer 'model.24.m.1.conv1.bn.weight'
Freezing layer 'model.24.m.1.conv1.bn.bias'
Freezing layer 'model.24.m.1.conv2.conv.weight'
Freezing layer 'model.24.m.1.conv2.bn.weight'
Freezing layer 'model.24.m.1.conv2.bn.bias'
Freezing layer 'model.24.m.2.conv1.conv.weight'
Freezing layer 'model.24.m.2.conv1.bn.weight'
Freezing layer 'model.24.m.2.conv1.bn.bias'
Freezing layer 'model.24.m.2.conv2.conv.weight'
Freezing layer 'model.24.m.2.conv2.bn.weight'
Freezing layer 'model.24.m.2.conv2.bn.bias'
Freezing layer 'model.25.conv.weight'
Freezing layer 'model.25.bn.weight'
Freezing layer 'model.25.bn.bias'
Freezing layer 'model.27.cv1.conv.weight'
Freezing layer 'model.27.cv1.bn.weight'
Freezing layer 'model.27.cv1.bn.bias'
Freezing layer 'model.27.cv2.conv.weight'
Freezing layer 'model.27.cv2.bn.weight'
Freezing layer 'model.27.cv2.bn.bias'
Freezing layer 'model.27.m.0.conv1.conv.weight'
Freezing layer 'model.27.m.0.conv1.bn.weight'
Freezing layer 'model.27.m.0.conv1.bn.bias'
Freezing layer 'model.27.m.0.conv2.conv.weight'
Freezing layer 'model.27.m.0.conv2.bn.weight'
Freezing layer 'model.27.m.0.conv2.bn.bias'
Freezing layer 'model.27.m.1.conv1.conv.weight'
Freezing layer 'model.27.m.1.conv1.bn.weight'
Freezing layer 'model.27.m.1.conv1.bn.bias'
Freezing layer 'model.27.m.1.conv2.conv.weight'
Freezing layer 'model.27.m.1.conv2.bn.weight'
Freezing layer 'model.27.m.1.conv2.bn.bias'
Freezing layer 'model.27.m.2.conv1.conv.weight'
Freezing layer 'model.27.m.2.conv1.bn.weight'
Freezing layer 'model.27.m.2.conv1.bn.bias'
Freezing layer 'model.27.m.2.conv2.conv.weight'
Freezing layer 'model.27.m.2.conv2.bn.weight'
Freezing layer 'model.27.m.2.conv2.bn.bias'
Freezing layer 'model.28.input_proj.0.0.weight'
Freezing layer 'model.28.input_proj.0.1.weight'
Freezing layer 'model.28.input_proj.0.1.bias'
Freezing layer 'model.28.input_proj.1.0.weight'
Freezing layer 'model.28.input_proj.1.1.weight'
Freezing layer 'model.28.input_proj.1.1.bias'
Freezing layer 'model.28.input_proj.2.0.weight'
Freezing layer 'model.28.input_proj.2.1.weight'
Freezing layer 'model.28.input_proj.2.1.bias'
Freezing layer 'model.28.decoder.layers.0.self_attn.in_proj_weight'
Freezing layer 'model.28.decoder.layers.0.self_attn.in_proj_bias'
Freezing layer 'model.28.decoder.layers.0.self_attn.out_proj.weight'
Freezing layer 'model.28.decoder.layers.0.self_attn.out_proj.bias'
Freezing layer 'model.28.decoder.layers.0.norm1.weight'
Freezing layer 'model.28.decoder.layers.0.norm1.bias'
Freezing layer 'model.28.decoder.layers.0.cross_attn.sampling_offsets.weight'
Freezing layer 'model.28.decoder.layers.0.cross_attn.sampling_offsets.bias'
Freezing layer 'model.28.decoder.layers.0.cross_attn.attention_weights.weight'
Freezing layer 'model.28.decoder.layers.0.cross_attn.attention_weights.bias'
Freezing layer 'model.28.decoder.layers.0.cross_attn.value_proj.weight'
Freezing layer 'model.28.decoder.layers.0.cross_attn.value_proj.bias'
Freezing layer 'model.28.decoder.layers.0.cross_attn.output_proj.weight'
Freezing layer 'model.28.decoder.layers.0.cross_attn.output_proj.bias'
Freezing layer 'model.28.decoder.layers.0.norm2.weight'
Freezing layer 'model.28.decoder.layers.0.norm2.bias'
Freezing layer 'model.28.decoder.layers.0.linear1.weight'
Freezing layer 'model.28.decoder.layers.0.linear1.bias'
Freezing layer 'model.28.decoder.layers.0.linear2.weight'
Freezing layer 'model.28.decoder.layers.0.linear2.bias'
Freezing layer 'model.28.decoder.layers.0.norm3.weight'
Freezing layer 'model.28.decoder.layers.0.norm3.bias'
Freezing layer 'model.28.decoder.layers.1.self_attn.in_proj_weight'
Freezing layer 'model.28.decoder.layers.1.self_attn.in_proj_bias'
Freezing layer 'model.28.decoder.layers.1.self_attn.out_proj.weight'
Freezing layer 'model.28.decoder.layers.1.self_attn.out_proj.bias'
Freezing layer 'model.28.decoder.layers.1.norm1.weight'
Freezing layer 'model.28.decoder.layers.1.norm1.bias'
Freezing layer 'model.28.decoder.layers.1.cross_attn.sampling_offsets.weight'
Freezing layer 'model.28.decoder.layers.1.cross_attn.sampling_offsets.bias'
Freezing layer 'model.28.decoder.layers.1.cross_attn.attention_weights.weight'
Freezing layer 'model.28.decoder.layers.1.cross_attn.attention_weights.bias'
Freezing layer 'model.28.decoder.layers.1.cross_attn.value_proj.weight'
Freezing layer 'model.28.decoder.layers.1.cross_attn.value_proj.bias'
Freezing layer 'model.28.decoder.layers.1.cross_attn.output_proj.weight'
Freezing layer 'model.28.decoder.layers.1.cross_attn.output_proj.bias'
Freezing layer 'model.28.decoder.layers.1.norm2.weight'
Freezing layer 'model.28.decoder.layers.1.norm2.bias'
Freezing layer 'model.28.decoder.layers.1.linear1.weight'
Freezing layer 'model.28.decoder.layers.1.linear1.bias'
Freezing layer 'model.28.decoder.layers.1.linear2.weight'
Freezing layer 'model.28.decoder.layers.1.linear2.bias'
Freezing layer 'model.28.decoder.layers.1.norm3.weight'
Freezing layer 'model.28.decoder.layers.1.norm3.bias'
Freezing layer 'model.28.decoder.layers.2.self_attn.in_proj_weight'
Freezing layer 'model.28.decoder.layers.2.self_attn.in_proj_bias'
Freezing layer 'model.28.decoder.layers.2.self_attn.out_proj.weight'
Freezing layer 'model.28.decoder.layers.2.self_attn.out_proj.bias'
Freezing layer 'model.28.decoder.layers.2.norm1.weight'
Freezing layer 'model.28.decoder.layers.2.norm1.bias'
Freezing layer 'model.28.decoder.layers.2.cross_attn.sampling_offsets.weight'
Freezing layer 'model.28.decoder.layers.2.cross_attn.sampling_offsets.bias'
Freezing layer 'model.28.decoder.layers.2.cross_attn.attention_weights.weight'
Freezing layer 'model.28.decoder.layers.2.cross_attn.attention_weights.bias'
Freezing layer 'model.28.decoder.layers.2.cross_attn.value_proj.weight'
Freezing layer 'model.28.decoder.layers.2.cross_attn.value_proj.bias'
Freezing layer 'model.28.decoder.layers.2.cross_attn.output_proj.weight'
Freezing layer 'model.28.decoder.layers.2.cross_attn.output_proj.bias'
Freezing layer 'model.28.decoder.layers.2.norm2.weight'
Freezing layer 'model.28.decoder.layers.2.norm2.bias'
Freezing layer 'model.28.decoder.layers.2.linear1.weight'
Freezing layer 'model.28.decoder.layers.2.linear1.bias'
Freezing layer 'model.28.decoder.layers.2.linear2.weight'
Freezing layer 'model.28.decoder.layers.2.linear2.bias'
Freezing layer 'model.28.decoder.layers.2.norm3.weight'
Freezing layer 'model.28.decoder.layers.2.norm3.bias'
Freezing layer 'model.28.decoder.layers.3.self_attn.in_proj_weight'
Freezing layer 'model.28.decoder.layers.3.self_attn.in_proj_bias'
Freezing layer 'model.28.decoder.layers.3.self_attn.out_proj.weight'
Freezing layer 'model.28.decoder.layers.3.self_attn.out_proj.bias'
Freezing layer 'model.28.decoder.layers.3.norm1.weight'
Freezing layer 'model.28.decoder.layers.3.norm1.bias'
Freezing layer 'model.28.decoder.layers.3.cross_attn.sampling_offsets.weight'
Freezing layer 'model.28.decoder.layers.3.cross_attn.sampling_offsets.bias'
Freezing layer 'model.28.decoder.layers.3.cross_attn.attention_weights.weight'
Freezing layer 'model.28.decoder.layers.3.cross_attn.attention_weights.bias'
Freezing layer 'model.28.decoder.layers.3.cross_attn.value_proj.weight'
Freezing layer 'model.28.decoder.layers.3.cross_attn.value_proj.bias'
Freezing layer 'model.28.decoder.layers.3.cross_attn.output_proj.weight'
Freezing layer 'model.28.decoder.layers.3.cross_attn.output_proj.bias'
Freezing layer 'model.28.decoder.layers.3.norm2.weight'
Freezing layer 'model.28.decoder.layers.3.norm2.bias'
Freezing layer 'model.28.decoder.layers.3.linear1.weight'
Freezing layer 'model.28.decoder.layers.3.linear1.bias'
Freezing layer 'model.28.decoder.layers.3.linear2.weight'
Freezing layer 'model.28.decoder.layers.3.linear2.bias'
Freezing layer 'model.28.decoder.layers.3.norm3.weight'
Freezing layer 'model.28.decoder.layers.3.norm3.bias'
Freezing layer 'model.28.decoder.layers.4.self_attn.in_proj_weight'
Freezing layer 'model.28.decoder.layers.4.self_attn.in_proj_bias'
Freezing layer 'model.28.decoder.layers.4.self_attn.out_proj.weight'
Freezing layer 'model.28.decoder.layers.4.self_attn.out_proj.bias'
Freezing layer 'model.28.decoder.layers.4.norm1.weight'
Freezing layer 'model.28.decoder.layers.4.norm1.bias'
Freezing layer 'model.28.decoder.layers.4.cross_attn.sampling_offsets.weight'
Freezing layer 'model.28.decoder.layers.4.cross_attn.sampling_offsets.bias'
Freezing layer 'model.28.decoder.layers.4.cross_attn.attention_weights.weight'
Freezing layer 'model.28.decoder.layers.4.cross_attn.attention_weights.bias'
Freezing layer 'model.28.decoder.layers.4.cross_attn.value_proj.weight'
Freezing layer 'model.28.decoder.layers.4.cross_attn.value_proj.bias'
Freezing layer 'model.28.decoder.layers.4.cross_attn.output_proj.weight'
Freezing layer 'model.28.decoder.layers.4.cross_attn.output_proj.bias'
Freezing layer 'model.28.decoder.layers.4.norm2.weight'
Freezing layer 'model.28.decoder.layers.4.norm2.bias'
Freezing layer 'model.28.decoder.layers.4.linear1.weight'
Freezing layer 'model.28.decoder.layers.4.linear1.bias'
Freezing layer 'model.28.decoder.layers.4.linear2.weight'
Freezing layer 'model.28.decoder.layers.4.linear2.bias'
Freezing layer 'model.28.decoder.layers.4.norm3.weight'
Freezing layer 'model.28.decoder.layers.4.norm3.bias'
Freezing layer 'model.28.decoder.layers.5.self_attn.in_proj_weight'
Freezing layer 'model.28.decoder.layers.5.self_attn.in_proj_bias'
Freezing layer 'model.28.decoder.layers.5.self_attn.out_proj.weight'
Freezing layer 'model.28.decoder.layers.5.self_attn.out_proj.bias'
Freezing layer 'model.28.decoder.layers.5.norm1.weight'
Freezing layer 'model.28.decoder.layers.5.norm1.bias'
Freezing layer 'model.28.decoder.layers.5.cross_attn.sampling_offsets.weight'
Freezing layer 'model.28.decoder.layers.5.cross_attn.sampling_offsets.bias'
Freezing layer 'model.28.decoder.layers.5.cross_attn.attention_weights.weight'
Freezing layer 'model.28.decoder.layers.5.cross_attn.attention_weights.bias'
Freezing layer 'model.28.decoder.layers.5.cross_attn.value_proj.weight'
Freezing layer 'model.28.decoder.layers.5.cross_attn.value_proj.bias'
Freezing layer 'model.28.decoder.layers.5.cross_attn.output_proj.weight'
Freezing layer 'model.28.decoder.layers.5.cross_attn.output_proj.bias'
Freezing layer 'model.28.decoder.layers.5.norm2.weight'
Freezing layer 'model.28.decoder.layers.5.norm2.bias'
Freezing layer 'model.28.decoder.layers.5.linear1.weight'
Freezing layer 'model.28.decoder.layers.5.linear1.bias'
Freezing layer 'model.28.decoder.layers.5.linear2.weight'
Freezing layer 'model.28.decoder.layers.5.linear2.bias'
Freezing layer 'model.28.decoder.layers.5.norm3.weight'
Freezing layer 'model.28.decoder.layers.5.norm3.bias'
Freezing layer 'model.28.denoising_class_embed.weight'
Freezing layer 'model.28.query_pos_head.layers.0.weight'
Freezing layer 'model.28.query_pos_head.layers.0.bias'
Freezing layer 'model.28.query_pos_head.layers.1.weight'
Freezing layer 'model.28.query_pos_head.layers.1.bias'
Freezing layer 'model.28.enc_output.0.weight'
Freezing layer 'model.28.enc_output.0.bias'
Freezing layer 'model.28.enc_output.1.weight'
Freezing layer 'model.28.enc_output.1.bias'
Freezing layer 'model.28.enc_score_head.weight'
Freezing layer 'model.28.enc_score_head.bias'
Freezing layer 'model.28.enc_bbox_head.layers.0.weight'
Freezing layer 'model.28.enc_bbox_head.layers.0.bias'
Freezing layer 'model.28.enc_bbox_head.layers.1.weight'
Freezing layer 'model.28.enc_bbox_head.layers.1.bias'
Freezing layer 'model.28.enc_bbox_head.layers.2.weight'
Freezing layer 'model.28.enc_bbox_head.layers.2.bias'
Freezing layer 'model.28.dec_score_head.0.weight'
Freezing layer 'model.28.dec_score_head.0.bias'
Freezing layer 'model.28.dec_score_head.1.weight'
Freezing layer 'model.28.dec_score_head.1.bias'
Freezing layer 'model.28.dec_score_head.2.weight'
Freezing layer 'model.28.dec_score_head.2.bias'
Freezing layer 'model.28.dec_score_head.3.weight'
Freezing layer 'model.28.dec_score_head.3.bias'
Freezing layer 'model.28.dec_score_head.4.weight'
Freezing layer 'model.28.dec_score_head.4.bias'
Freezing layer 'model.28.dec_score_head.5.weight'
Freezing layer 'model.28.dec_score_head.5.bias'
Freezing layer 'model.28.dec_bbox_head.0.layers.0.weight'
Freezing layer 'model.28.dec_bbox_head.0.layers.0.bias'
Freezing layer 'model.28.dec_bbox_head.0.layers.1.weight'
Freezing layer 'model.28.dec_bbox_head.0.layers.1.bias'
Freezing layer 'model.28.dec_bbox_head.0.layers.2.weight'
Freezing layer 'model.28.dec_bbox_head.0.layers.2.bias'
Freezing layer 'model.28.dec_bbox_head.1.layers.0.weight'
Freezing layer 'model.28.dec_bbox_head.1.layers.0.bias'
Freezing layer 'model.28.dec_bbox_head.1.layers.1.weight'
Freezing layer 'model.28.dec_bbox_head.1.layers.1.bias'
Freezing layer 'model.28.dec_bbox_head.1.layers.2.weight'
Freezing layer 'model.28.dec_bbox_head.1.layers.2.bias'
Freezing layer 'model.28.dec_bbox_head.2.layers.0.weight'
Freezing layer 'model.28.dec_bbox_head.2.layers.0.bias'
Freezing layer 'model.28.dec_bbox_head.2.layers.1.weight'
Freezing layer 'model.28.dec_bbox_head.2.layers.1.bias'
Freezing layer 'model.28.dec_bbox_head.2.layers.2.weight'
Freezing layer 'model.28.dec_bbox_head.2.layers.2.bias'
Freezing layer 'model.28.dec_bbox_head.3.layers.0.weight'
Freezing layer 'model.28.dec_bbox_head.3.layers.0.bias'
Freezing layer 'model.28.dec_bbox_head.3.layers.1.weight'
Freezing layer 'model.28.dec_bbox_head.3.layers.1.bias'
Freezing layer 'model.28.dec_bbox_head.3.layers.2.weight'
Freezing layer 'model.28.dec_bbox_head.3.layers.2.bias'
Freezing layer 'model.28.dec_bbox_head.4.layers.0.weight'
Freezing layer 'model.28.dec_bbox_head.4.layers.0.bias'
Freezing layer 'model.28.dec_bbox_head.4.layers.1.weight'
Freezing layer 'model.28.dec_bbox_head.4.layers.1.bias'
Freezing layer 'model.28.dec_bbox_head.4.layers.2.weight'
Freezing layer 'model.28.dec_bbox_head.4.layers.2.bias'
Freezing layer 'model.28.dec_bbox_head.5.layers.0.weight'
Freezing layer 'model.28.dec_bbox_head.5.layers.0.bias'
Freezing layer 'model.28.dec_bbox_head.5.layers.1.weight'
Freezing layer 'model.28.dec_bbox_head.5.layers.1.bias'
Freezing layer 'model.28.dec_bbox_head.5.layers.2.weight'
Freezing layer 'model.28.dec_bbox_head.5.layers.2.bias'
WARNING ⚠️ setting 'requires_grad=True' for frozen layer 'sqda_sgc.role_scale'. See ultralytics.engine.trainer for customization of frozen layers.
WARNING ⚠️ setting 'requires_grad=True' for frozen layer 'sqda_sgc.role_bias'. See ultralytics.engine.trainer for customization of frozen layers.
WARNING ⚠️ setting 'requires_grad=True' for frozen layer 'sqda_sgc.context_logit'. See ultralytics.engine.trainer for customization of frozen layers.
WARNING ⚠️ setting 'requires_grad=True' for frozen layer 'sqda_sgc.layer_scale_logit'. See ultralytics.engine.trainer for customization of frozen layers.
WARNING ⚠️ setting 'requires_grad=True' for frozen layer 'sqda_sgc.query_geometry.0.weight'. See ultralytics.engine.trainer for customization of frozen layers.
WARNING ⚠️ setting 'requires_grad=True' for frozen layer 'sqda_sgc.query_geometry.0.bias'. See ultralytics.engine.trainer for customization of frozen layers.
WARNING ⚠️ setting 'requires_grad=True' for frozen layer 'sqda_sgc.query_geometry.1.weight'. See ultralytics.engine.trainer for customization of frozen layers.
WARNING ⚠️ setting 'requires_grad=True' for frozen layer 'sqda_sgc.query_geometry.1.bias'. See ultralytics.engine.trainer for customization of frozen layers.
WARNING ⚠️ setting 'requires_grad=True' for frozen layer 'sqda_sgc.query_geometry.3.weight'. See ultralytics.engine.trainer for customization of frozen layers.
WARNING ⚠️ setting 'requires_grad=True' for frozen layer 'sqda_sgc.query_geometry.3.bias'. See ultralytics.engine.trainer for customization of frozen layers.
WARNING ⚠️ setting 'requires_grad=True' for frozen layer 'sqda_sgc.box_geometry.0.weight'. See ultralytics.engine.trainer for customization of frozen layers.
WARNING ⚠️ setting 'requires_grad=True' for frozen layer 'sqda_sgc.box_geometry.0.bias'. See ultralytics.engine.trainer for customization of frozen layers.
WARNING ⚠️ setting 'requires_grad=True' for frozen layer 'sqda_sgc.box_geometry.2.weight'. See ultralytics.engine.trainer for customization of frozen layers.
WARNING ⚠️ setting 'requires_grad=True' for frozen layer 'sqda_sgc.box_geometry.2.bias'. See ultralytics.engine.trainer for customization of frozen layers.
WARNING ⚠️ setting 'requires_grad=True' for frozen layer 'sqda_sgc.shared_role_projection.weight'. See ultralytics.engine.trainer for customization of frozen layers.
WARNING ⚠️ setting 'requires_grad=True' for frozen layer 'sqda_sgc.shared_role_projection.bias'. See ultralytics.engine.trainer for customization of frozen layers.
WARNING ⚠️ setting 'requires_grad=True' for frozen layer 'sqda_sgc.role_norm.weight'. See ultralytics.engine.trainer for customization of frozen layers.
WARNING ⚠️ setting 'requires_grad=True' for frozen layer 'sqda_sgc.role_norm.bias'. See ultralytics.engine.trainer for customization of frozen layers.
WARNING ⚠️ setting 'requires_grad=True' for frozen layer 'sqda_sgc.point_offset_heads.0.weight'. See ultralytics.engine.trainer for customization of frozen layers.
WARNING ⚠️ setting 'requires_grad=True' for frozen layer 'sqda_sgc.point_offset_heads.0.bias'. See ultralytics.engine.trainer for customization of frozen layers.
WARNING ⚠️ setting 'requires_grad=True' for frozen layer 'sqda_sgc.point_offset_heads.1.weight'. See ultralytics.engine.trainer for customization of frozen layers.
WARNING ⚠️ setting 'requires_grad=True' for frozen layer 'sqda_sgc.point_offset_heads.1.bias'. See ultralytics.engine.trainer for customization of frozen layers.
WARNING ⚠️ setting 'requires_grad=True' for frozen layer 'sqda_sgc.point_offset_heads.2.weight'. See ultralytics.engine.trainer for customization of frozen layers.
WARNING ⚠️ setting 'requires_grad=True' for frozen layer 'sqda_sgc.point_offset_heads.2.bias'. See ultralytics.engine.trainer for customization of frozen layers.
WARNING ⚠️ setting 'requires_grad=True' for frozen layer 'sqda_sgc.point_offset_heads.3.weight'. See ultralytics.engine.trainer for customization of frozen layers.
WARNING ⚠️ setting 'requires_grad=True' for frozen layer 'sqda_sgc.point_offset_heads.3.bias'. See ultralytics.engine.trainer for customization of frozen layers.
WARNING ⚠️ setting 'requires_grad=True' for frozen layer 'sqda_sgc.point_offset_heads.4.weight'. See ultralytics.engine.trainer for customization of frozen layers.
WARNING ⚠️ setting 'requires_grad=True' for frozen layer 'sqda_sgc.point_offset_heads.4.bias'. See ultralytics.engine.trainer for customization of frozen layers.
WARNING ⚠️ setting 'requires_grad=True' for frozen layer 'sqda_sgc.point_offset_heads.5.weight'. See ultralytics.engine.trainer for customization of frozen layers.
WARNING ⚠️ setting 'requires_grad=True' for frozen layer 'sqda_sgc.point_offset_heads.5.bias'. See ultralytics.engine.trainer for customization of frozen layers.
WARNING ⚠️ setting 'requires_grad=True' for frozen layer 'sqda_sgc.value_projector.0.weight'. See ultralytics.engine.trainer for customization of frozen layers.
WARNING ⚠️ setting 'requires_grad=True' for frozen layer 'sqda_sgc.value_projector.0.bias'. See ultralytics.engine.trainer for customization of frozen layers.
WARNING ⚠️ setting 'requires_grad=True' for frozen layer 'sqda_sgc.value_projector.1.weight'. See ultralytics.engine.trainer for customization of frozen layers.
WARNING ⚠️ setting 'requires_grad=True' for frozen layer 'sqda_sgc.value_projector.1.bias'. See ultralytics.engine.trainer for customization of frozen layers.
WARNING ⚠️ setting 'requires_grad=True' for frozen layer 'sqda_sgc.value_projector.3.weight'. See ultralytics.engine.trainer for customization of frozen layers.
WARNING ⚠️ setting 'requires_grad=True' for frozen layer 'sqda_sgc.value_projector.3.bias'. See ultralytics.engine.trainer for customization of frozen layers.
WARNING ⚠️ setting 'requires_grad=True' for frozen layer 'sqda_sgc.point_query.weight'. See ultralytics.engine.trainer for customization of frozen layers.
WARNING ⚠️ setting 'requires_grad=True' for frozen layer 'sqda_sgc.point_key.weight'. See ultralytics.engine.trainer for customization of frozen layers.
WARNING ⚠️ setting 'requires_grad=True' for frozen layer 'sqda_sgc.edge_query.weight'. See ultralytics.engine.trainer for customization of frozen layers.
WARNING ⚠️ setting 'requires_grad=True' for frozen layer 'sqda_sgc.edge_key.weight'. See ultralytics.engine.trainer for customization of frozen layers.
WARNING ⚠️ setting 'requires_grad=True' for frozen layer 'sqda_sgc.reliability_projection.weight'. See ultralytics.engine.trainer for customization of frozen layers.
WARNING ⚠️ setting 'requires_grad=True' for frozen layer 'sqda_sgc.gate_query_norm.weight'. See ultralytics.engine.trainer for customization of frozen layers.
WARNING ⚠️ setting 'requires_grad=True' for frozen layer 'sqda_sgc.gate_query_norm.bias'. See ultralytics.engine.trainer for customization of frozen layers.
WARNING ⚠️ setting 'requires_grad=True' for frozen layer 'sqda_sgc.gate_evidence_norm.weight'. See ultralytics.engine.trainer for customization of frozen layers.
WARNING ⚠️ setting 'requires_grad=True' for frozen layer 'sqda_sgc.gate_evidence_norm.bias'. See ultralytics.engine.trainer for customization of frozen layers.
WARNING ⚠️ setting 'requires_grad=True' for frozen layer 'sqda_sgc.gate.0.weight'. See ultralytics.engine.trainer for customization of frozen layers.
WARNING ⚠️ setting 'requires_grad=True' for frozen layer 'sqda_sgc.gate.0.bias'. See ultralytics.engine.trainer for customization of frozen layers.
WARNING ⚠️ setting 'requires_grad=True' for frozen layer 'sqda_sgc.gate.2.weight'. See ultralytics.engine.trainer for customization of frozen layers.
WARNING ⚠️ setting 'requires_grad=True' for frozen layer 'sqda_sgc.gate.2.bias'. See ultralytics.engine.trainer for customization of frozen layers.
WARNING ⚠️ setting 'requires_grad=True' for frozen layer 'sqda_sgc.fusion.weight'. See ultralytics.engine.trainer for customization of frozen layers.
WARNING ⚠️ setting 'requires_grad=True' for frozen layer 'sqda_sgc.fusion.bias'. See ultralytics.engine.trainer for customization of frozen layers.
[34m[1mtrain: [0mFast image access ✅ (ping: 0.0±0.0 ms, read: 2844.5±380.1 MB/s, size: 260.7 KB)
[K[34m[1mtrain: [0mScanning /root/data/uav/datasets/VisDrone/labels/train.cache... 6471 images, 0 backgrounds, 0 corrupt: 100% ━━━━━━━━━━━━ 6471/6471 678.5Mit/s 0.0s
[34m[1mtrain: [0m/root/data/uav/datasets/VisDrone/images/train/0000137_02220_d_0000163.jpg: 1 duplicate labels removed
[34m[1mtrain: [0m/root/data/uav/datasets/VisDrone/images/train/0000140_00118_d_0000002.jpg: 1 duplicate labels removed
[34m[1mtrain: [0m/root/data/uav/datasets/VisDrone/images/train/9999945_00000_d_0000114.jpg: 1 duplicate labels removed
[34m[1mtrain: [0m/root/data/uav/datasets/VisDrone/images/train/9999987_00000_d_0000049.jpg: 1 duplicate labels removed
[34m[1mval: [0mFast image access ✅ (ping: 0.0±0.0 ms, read: 639.9±168.7 MB/s, size: 142.1 KB)
[K[34m[1mval: [0mScanning /root/data/uav/datasets/VisDrone/labels/val.cache... 548 images, 0 backgrounds, 0 corrupt: 100% ━━━━━━━━━━━━ 548/548 23.0Mit/s 0.0s
Plotting labels to /root/data/uav/runs/sqda-geometry-gate/sqda-geometry-smgt-g1-seed0-3ep/labels.jpg... 
Image sizes 640 train, 640 val
Using 8 dataloader workers
Logging results to [1m/root/data/uav/runs/sqda-geometry-gate/sqda-geometry-smgt-g1-seed0-3ep[0m
Starting training for 3 epochs...

      Epoch    GPU_mem  giou_loss   cls_loss    l1_loss  Instances       Size
/root/data/uav/venv/lib/python3.10/site-packages/torch/autograd/graph.py:825: UserWarning: grid_sampler_2d_backward_cuda does not have a deterministic implementation, but you set 'torch.use_deterministic_algorithms(True, warn_only=True)'. You can file an issue at https://github.com/pytorch/pytorch/issues to help us prioritize adding deterministic support for this operation. (Triggered internally at ../aten/src/ATen/Context.cpp:91.)
  return Variable._execution_engine.run_backward(  # Calls into the C++ engine to run the backward pass
[K        1/3      2.46G      0.548     0.4579    0.04507        529        640: 0% ──────────── 0/809  1.6s[K        1/3      2.81G     0.6986     0.4806    0.06262        337        640: 0% ──────────── 1/809 2.1s/it 2.2s<28:06[K        1/3      2.97G     0.7978     0.4734    0.09719        448        640: 0% ──────────── 2/809 1.3s/it 2.9s<17:47[K        1/3      3.15G     0.7916     0.4669    0.09415        612        640: 0% ──────────── 3/809 1.1s/it 3.7s<14:46[K        1/3      3.15G     0.7967     0.4665    0.09008        511        640: 0% ──────────── 4/809 1.1it/s 4.3s<12:14[K        1/3      3.89G     0.8285     0.4609     0.0901        541        640: 0% ──────────── 5/809 1.2it/s 5.1s<11:24[K        1/3      3.89G     0.8382     0.4588    0.08803        379        640: 0% ──────────── 6/809 1.3it/s 5.6s<10:00[K        1/3      3.89G     0.8051     0.4599    0.08383        296        640: 0% ──────────── 7/809 1.6it/s 6.1s<8:33[K        1/3      3.89G     0.7993     0.4624    0.08307        426        640: 0% ──────────── 8/809 1.7it/s 6.7s<8:01[K        1/3      3.89G     0.8249     0.4605     0.0871        470        640: 1% ──────────── 9/809 1.5it/s 7.5s<8:45[K        1/3      6.28G     0.8537     0.4555    0.09809        761        640: 1% ──────────── 10/809 1.3it/s 8.9s<10:23[K        1/3      6.28G     0.8433     0.4579    0.09667        477        640: 1% ──────────── 11/809 1.4it/s 9.4s<9:18[K        1/3      6.28G     0.8348     0.4585    0.09491        460        640: 1% ──────────── 12/809 1.5it/s 10.0s<8:50[K        1/3      6.28G     0.8178       0.46    0.09261        374        640: 1% ──────────── 13/809 1.7it/s 10.5s<7:59[K        1/3      6.28G     0.8287     0.4597    0.09206        554        640: 1% ──────────── 14/809 1.6it/s 11.3s<8:29[K        1/3      6.28G     0.8315     0.4604    0.09146        440        640: 1% ──────────── 15/809 1.6it/s 11.8s<8:06[K        1/3      6.28G      0.837     0.4599    0.09419        775        640: 1% ──────────── 16/809 1.4it/s 13.2s<9:38[K        1/3      6.28G     0.8281     0.4633    0.09328        309        640: 2% ──────────── 17/809 1.6it/s 13.6s<8:14[K        1/3      6.28G       0.83     0.4621    0.09519        669        640: 2% ──────────── 18/809 1.5it/s 14.5s<8:58[K        1/3      6.28G     0.8443     0.4611    0.09691        596        640: 2% ──────────── 19/809 1.4it/s 15.3s<9:34[K        1/3      6.28G     0.8415     0.4612    0.09607        613        640: 2% ──────────── 20/809 1.4it/s 16.0s<9:06[K        1/3      6.28G     0.8418     0.4601    0.09596        679        640: 2% ──────────── 21/809 1.4it/s 16.8s<9:28[K        1/3      6.28G     0.8508     0.4586    0.09606        624        640: 2% ──────────── 22/809 1.4it/s 17.5s<9:36[K        1/3      6.28G     0.8428     0.4604    0.09556        269        640: 2% ──────────── 23/809 1.6it/s 18.0s<8:15[K        1/3      6.28G     0.8393     0.4609    0.09488        427        640: 2% ──────────── 24/809 1.6it/s 18.6s<8:03[K        1/3      6.28G     0.8485     0.4589    0.09559        629        640: 3% ──────────── 25/809 1.3it/s 20.1s<9:48[K        1/3      6.28G     0.8477     0.4601    0.09485        499        640: 3% ──────────── 26/809 1.4it/s 20.7s<9:05[K        1/3      6.28G     0.8377     0.4614      0.094        300        640: 3% ──────────── 27/809 1.7it/s 21.2s<7:53[K        1/3      6.28G     0.8375     0.4619     0.0932        692        640: 3% ──────────── 28/809 1.6it/s 21.8s<8:03[K        1/3      6.28G     0.8355     0.4628    0.09219        524        640: 3% ──────────── 29/809 1.7it/s 22.4s<7:37[K        1/3      6.28G     0.8349     0.4628    0.09183        360        640: 3% ──────────── 30/809 1.8it/s 22.9s<7:14[K        1/3      6.28G     0.8326     0.4634    0.09111        367        640: 3% ──────────── 31/809 1.9it/s 23.3s<6:55[K        1/3      6.28G     0.8292     0.4648     0.0911        464        640: 3% ──────────── 32/809 1.9it/s 23.9s<6:57[K        1/3      6.28G     0.8279     0.4656     0.0904        437        640: 4% ──────────── 33/809 1.9it/s 24.4s<6:50[K        1/3      6.28G     0.8205     0.4672    0.08985        321        640: 4% ╸─────────── 34/809 2.0it/s 24.9s<6:30[K        1/3      6.28G     0.8246     0.4665    0.09004        681        640: 4% ╸─────────── 35/809 1.8it/s 25.5s<7:03[K        1/3      6.28G     0.8259     0.4658    0.08947        646        640: 4% ╸─────────── 36/809 1.7it/s 26.2s<7:29[K        1/3      6.28G     0.8296     0.4651    0.08992        694        640: 4% ╸─────────── 37/809 1.6it/s 27.0s<8:03[K        1/3      6.28G     0.8256     0.4656    0.08905        494        640: 4% ╸─────────── 38/809 1.6it/s 27.6s<7:48[K        1/3      6.28G     0.8273      0.465    0.08829        477        640: 4% ╸─────────── 39/809 1.8it/s 28.0s<7:17[K        1/3      6.28G     0.8233     0.4658    0.08756        507        640: 4% ╸─────────── 40/809 1.8it/s 28.6s<7:10[K        1/3      6.28G      0.821     0.4677    0.08771        251        640: 5% ╸─────────── 41/809 2.0it/s 29.0s<6:30[K        1/3      6.28G     0.8188      0.468    0.08724        408        640: 5% ╸─────────── 42/809 2.0it/s 29.5s<6:33[K        1/3      6.28G     0.8217     0.4673    0.08908        575        640: 5% ╸─────────── 43/809 1.6it/s 30.8s<8:01[K        1/3      6.28G     0.8211     0.4674    0.08846        388        640: 5% ╸─────────── 44/809 1.7it/s 31.4s<7:40[K        1/3      6.28G     0.8249     0.4661    0.08951        764        640: 5% ╸─────────── 45/809 1.5it/s 32.4s<8:38[K        1/3      9.06G     0.8304     0.4645    0.08988        725        640: 5% ╸─────────── 46/809 1.4it/s 33.2s<9:04[K        1/3      9.06G     0.8307     0.4644    0.08956        615        640: 5% ╸─────────── 47/809 1.4it/s 33.9s<8:58[K        1/3      9.06G      0.824     0.4659    0.08885        288        640: 5% ╸─────────── 48/809 1.6it/s 34.3s<7:48[K        1/3      9.06G      0.823      0.466    0.08824        473        640: 6% ╸─────────── 49/809 1.7it/s 34.9s<7:22[K        1/3      9.06G     0.8231     0.4663    0.08785        529        640: 6% ╸─────────── 50/809 1.7it/s 35.5s<7:26[K        1/3      9.06G     0.8218     0.4669    0.08742        430        640: 6% ╸─────────── 51/809 1.8it/s 35.9s<7:00[K        1/3      9.06G     0.8246     0.4668     0.0872        523        640: 6% ╸─────────── 52/809 1.7it/s 36.6s<7:27[K        1/3      9.06G     0.8243     0.4669    0.08694        508        640: 6% ╸─────────── 53/809 1.7it/s 37.2s<7:15[K        1/3      9.06G     0.8208     0.4682    0.08679        293        640: 6% ╸─────────── 54/809 1.9it/s 37.6s<6:41[K        1/3      9.06G     0.8249     0.4673    0.08719        564        640: 6% ╸─────────── 55/809 1.7it/s 38.3s<7:11[K        1/3      9.06G     0.8262      0.467    0.08702        661        640: 6% ╸─────────── 56/809 1.7it/s 39.0s<7:29[K        1/3      9.06G     0.8246     0.4675    0.08668        457        640: 7% ╸─────────── 57/809 1.8it/s 39.5s<7:09[K        1/3      9.06G     0.8228     0.4679    0.08624        438        640: 7% ╸─────────── 58/809 1.8it/s 40.0s<6:55[K        1/3      9.06G     0.8206     0.4683    0.08583        459        640: 7% ╸─────────── 59/809 1.9it/s 40.5s<6:43[K        1/3      9.06G     0.8202     0.4681    0.08534        665        640: 7% ╸─────────── 60/809 1.8it/s 41.2s<7:06[K        1/3      9.06G     0.8205     0.4678    0.08495        535        640: 7% ╸─────────── 61/809 1.8it/s 41.7s<7:01[K        1/3      9.06G     0.8232     0.4672    0.08564        495        640: 7% ╸─────────── 62/809 1.5it/s 43.1s<8:32[K        1/3      9.06G     0.8243     0.4671    0.08539        346        640: 7% ╸─────────── 63/809 1.6it/s 43.7s<7:51[K        1/3      9.06G     0.8253      0.467     0.0861        595        640: 7% ╸─────────── 64/809 1.5it/s 44.5s<8:27[K        1/3      9.06G     0.8235     0.4676    0.08586        260        640: 8% ╸─────────── 65/809 1.7it/s 44.9s<7:13[K        1/3      9.06G     0.8213     0.4683    0.08538        321        640: 8% ╸─────────── 66/809 1.8it/s 45.4s<6:46[K        1/3      9.06G      0.822     0.4685    0.08526        486        640: 8% ╸─────────── 67/809 1.8it/s 45.9s<6:46[K        1/3      9.06G     0.8216      0.469    0.08497        500        640: 8% ━─────────── 68/809 1.8it/s 46.5s<6:49[K        1/3      9.06G       0.82     0.4695    0.08462        263        640: 8% ━─────────── 69/809 2.0it/s 46.9s<6:03[K        1/3      9.06G     0.8178       0.47    0.08436        320        640: 8% ━─────────── 70/809 2.1it/s 47.4s<6:00[K        1/3      9.06G     0.8214      0.469    0.08598        879        640: 8% ━─────────── 71/809 1.6it/s 49.9s<7:54[K        1/3      9.06G     0.8233     0.4686    0.08591        665        640: 8% ━─────────── 72/809 1.5it/s 50.6s<8:10[K        1/3      9.06G     0.8198     0.4698    0.08549        278        640: 9% ━─────────── 73/809 1.8it/s 51.0s<6:49[K        1/3      9.06G     0.8251     0.4687    0.08768        802        640: 9% ━─────────── 74/809 1.5it/s 52.4s<8:20[K        1/3      9.06G     0.8252     0.4689    0.08745        523        640: 9% ━─────────── 75/809 1.6it/s 53.0s<7:52[K        1/3      9.06G     0.8207     0.4691    0.08712        241        640: 9% ━─────────── 76/809 1.8it/s 53.5s<6:54[K        1/3      9.06G     0.8189      0.469    0.08679        359        640: 9% ━─────────── 77/809 1.9it/s 53.9s<6:27[K        1/3      9.06G     0.8179     0.4701    0.08653        354        640: 9% ━─────────── 78/809 1.9it/s 54.4s<6:22[K        1/3      9.06G     0.8207     0.4695    0.08724        673        640: 9% ━─────────── 79/809 1.4it/s 57.1s<8:24[K        1/3      9.06G     0.8229     0.4691    0.08788        610        640: 9% ━─────────── 80/809 1.3it/s 58.2s<9:25[K        1/3      9.06G     0.8199     0.4698    0.08742        387        640: 10% ━─────────── 81/809 1.6it/s 58.7s<7:43[K        1/3      9.06G     0.8182     0.4702    0.08709        548        640: 10% ━─────────── 82/809 1.6it/s 59.3s<7:28[K        1/3      9.06G     0.8201     0.4698    0.08705        653        640: 10% ━─────────── 83/809 1.6it/s 59.9s<7:39[K        1/3      9.06G      0.821       0.47     0.0869        299        640: 10% ━─────────── 84/809 1.7it/s 1:00<6:58[K        1/3      9.06G     0.8204     0.4698    0.08687        576        640: 10% ━─────────── 85/809 1.7it/s 1:01<6:56[K        1/3      9.06G     0.8251     0.4689    0.08779        754        640: 10% ━─────────── 86/809 1.4it/s 1:02<8:20[K        1/3      9.06G     0.8253     0.4691    0.08826        566        640: 10% ━─────────── 87/809 1.5it/s 1:03<8:06[K        1/3      9.06G     0.8247     0.4691     0.0881        440        640: 10% ━─────────── 88/809 1.7it/s 1:03<7:09[K        1/3      9.06G     0.8253     0.4691    0.08802        546        640: 11% ━─────────── 89/809 1.6it/s 1:04<7:33[K        1/3      9.06G     0.8251     0.4689    0.08785        594        640: 11% ━─────────── 90/809 1.6it/s 1:05<7:20[K        1/3      9.06G     0.8276     0.4682    0.08824        527        640: 11% ━─────────── 91/809 1.5it/s 1:05<7:53[K        1/3      9.06G     0.8289     0.4677    0.08821        646        640: 11% ━─────────── 92/809 1.5it/s 1:06<8:05[K        1/3      9.06G     0.8315     0.4674    0.08898        774        640: 11% ━─────────── 93/809 1.4it/s 1:07<8:38[K        1/3      9.06G     0.8332     0.4672    0.08884        586        640: 11% ━─────────── 94/809 1.2it/s 1:08<9:46[K        1/3      9.06G     0.8348     0.4668    0.08876        703        640: 11% ━─────────── 95/809 1.2it/s 1:09<9:59[K        1/3      9.06G     0.8337     0.4674    0.08873        295        640: 11% ━─────────── 96/809 1.6it/s 1:10<7:31[K        1/3      9.06G     0.8349     0.4672    0.08862        641        640: 11% ━─────────── 97/809 1.6it/s 1:10<7:17[K        1/3      9.06G     0.8338     0.4674    0.08828        542        640: 12% ━─────────── 98/809 1.7it/s 1:11<7:06[K        1/3      9.06G     0.8368      0.467    0.08828        582        640: 12% ━─────────── 99/809 1.6it/s 1:11<7:18[K        1/3      9.06G      0.837     0.4669    0.08834        434        640: 12% ━─────────── 100/809 1.7it/s 1:12<7:04[K        1/3      9.06G     0.8381     0.4666    0.08855        452        640: 12% ━─────────── 101/809 1.7it/s 1:13<6:60[K        1/3      9.06G     0.8358     0.4671    0.08823        359        640: 12% ━╸────────── 102/809 1.8it/s 1:13<6:23[K        1/3      9.06G     0.8359     0.4672    0.08808        324        640: 12% ━╸────────── 103/809 2.0it/s 1:13<5:60[K        1/3      9.06G     0.8348     0.4676    0.08789        426        640: 12% ━╸────────── 104/809 1.9it/s 1:14<6:02[K        1/3      9.06G     0.8351     0.4675    0.08783        479        640: 12% ━╸────────── 105/809 1.9it/s 1:14<6:10[K        1/3      9.06G     0.8357     0.4676    0.08797        576        640: 13% ━╸────────── 106/809 1.9it/s 1:15<6:16[K        1/3      9.06G     0.8356     0.4678    0.08787        611        640: 13% ━╸────────── 107/809 1.8it/s 1:16<6:40[K        1/3      9.06G      0.835     0.4677    0.08771        423        640: 13% ━╸────────── 108/809 1.8it/s 1:16<6:27[K        1/3      9.06G      0.834     0.4678    0.08761        542        640: 13% ━╸────────── 109/809 1.8it/s 1:17<6:27[K        1/3      9.06G     0.8329      0.468     0.0876        404        640: 13% ━╸────────── 110/809 1.8it/s 1:17<6:23[K        1/3      9.06G     0.8346     0.4678    0.08791        693        640: 13% ━╸────────── 111/809 1.7it/s 1:18<6:43[K        1/3      9.06G     0.8323     0.4684    0.08784        221        640: 13% ━╸────────── 112/809 2.0it/s 1:18<5:44[K        1/3      9.06G     0.8327     0.4682    0.08767        592        640: 13% ━╸────────── 113/809 1.9it/s 1:19<6:05[K        1/3      9.06G     0.8345     0.4677    0.08887        746        640: 14% ━╸────────── 114/809 1.6it/s 1:20<7:16[K        1/3      9.06G     0.8357     0.4676    0.08885        527        640: 14% ━╸────────── 115/809 1.6it/s 1:21<7:20[K        1/3      9.06G     0.8388      0.467    0.08925        636        640: 14% ━╸────────── 116/809 1.4it/s 1:22<8:03[K        1/3      9.06G     0.8401     0.4667    0.08949        617        640: 14% ━╸────────── 117/809 1.5it/s 1:22<7:54[K        1/3      9.06G     0.8391     0.4667     0.0893        341        640: 14% ━╸────────── 118/809 1.7it/s 1:23<6:39[K        1/3      9.06G     0.8393     0.4664    0.08919        558        640: 14% ━╸────────── 119/809 1.7it/s 1:23<6:49[K        1/3      9.06G     0.8395     0.4662    0.08901        403        640: 14% ━╸────────── 120/809 1.7it/s 1:24<6:34[K        1/3      9.06G      0.839     0.4664    0.08885        450        640: 14% ━╸────────── 121/809 1.8it/s 1:24<6:15[K        1/3      9.06G     0.8413     0.4659    0.08934        722        640: 15% ━╸────────── 122/809 1.5it/s 1:26<7:46[K        1/3      9.06G     0.8432     0.4659    0.08945        695        640: 15% ━╸────────── 123/809 1.5it/s 1:27<7:41[K        1/3      9.06G     0.8431     0.4659    0.08933        756        640: 15% ━╸────────── 124/809 1.5it/s 1:27<7:23[K        1/3      9.06G      0.845     0.4656     0.0904        569        640: 15% ━╸────────── 125/809 1.3it/s 1:29<8:48[K        1/3      9.06G     0.8438      0.466    0.09022        304        640: 15% ━╸────────── 126/809 1.6it/s 1:29<7:06[K        1/3      9.06G      0.842     0.4663    0.08992        312        640: 15% ━╸────────── 127/809 1.8it/s 1:30<6:11[K        1/3      9.06G     0.8401     0.4669    0.08962        278        640: 15% ━╸────────── 128/809 2.0it/s 1:30<5:48[K        1/3      9.06G     0.8407      0.467    0.08977        393        640: 15% ━╸────────── 129/809 2.0it/s 1:30<5:47[K        1/3      9.06G     0.8392     0.4675    0.08957        364        640: 16% ━╸────────── 130/809 2.1it/s 1:31<5:30[K        1/3      9.06G     0.8402     0.4675    0.08943        663        640: 16% ━╸────────── 131/809 1.9it/s 1:32<5:57[K        1/3      9.06G     0.8398     0.4675    0.08923        341        640: 16% ━╸────────── 132/809 2.0it/s 1:32<5:42[K        1/3      9.06G     0.8387     0.4678    0.08901        433        640: 16% ━╸────────── 133/809 2.0it/s 1:33<5:37[K        1/3      9.06G     0.8375     0.4675    0.08878        360        640: 16% ━╸────────── 134/809 2.0it/s 1:33<5:36[K        1/3      9.06G     0.8377     0.4674    0.08879        291        640: 16% ━━────────── 135/809 2.1it/s 1:33<5:18[K        1/3      9.06G     0.8382     0.4672    0.08867        474        640: 16% ━━────────── 136/809 2.0it/s 1:34<5:43[K        1/3      9.06G     0.8404     0.4667    0.08881        538        640: 16% ━━────────── 137/809 1.7it/s 1:35<6:32[K        1/3      9.06G     0.8419     0.4665     0.0892        697        640: 17% ━━────────── 138/809 1.6it/s 1:36<7:00[K        1/3      9.06G     0.8418     0.4669    0.08911        381        640: 17% ━━────────── 139/809 1.8it/s 1:36<6:12[K        1/3      9.06G     0.8422     0.4669    0.08932        566        640: 17% ━━────────── 140/809 1.6it/s 1:37<6:55[K        1/3      9.06G     0.8431     0.4667    0.08945        807        640: 17% ━━────────── 141/809 1.5it/s 1:38<7:30[K        1/3      9.06G     0.8424     0.4674    0.08935        305        640: 17% ━━────────── 142/809 1.7it/s 1:38<6:30[K        1/3      9.06G     0.8416     0.4673     0.0892        485        640: 17% ━━────────── 143/809 1.7it/s 1:39<6:26[K        1/3      9.06G     0.8434     0.4669    0.08921        482        640: 17% ━━────────── 144/809 1.6it/s 1:40<6:54[K        1/3      9.06G     0.8422     0.4674    0.08902        331        640: 17% ━━────────── 145/809 1.8it/s 1:40<6:11[K        1/3      9.06G     0.8413     0.4674    0.08884        535        640: 18% ━━────────── 146/809 1.8it/s 1:41<6:08[K        1/3      9.06G     0.8404     0.4676    0.08864        501        640: 18% ━━────────── 147/809 1.8it/s 1:41<6:06[K        1/3      9.06G     0.8402     0.4678     0.0885        565        640: 18% ━━────────── 148/809 1.8it/s 1:42<5:60[K        1/3      9.06G     0.8405     0.4677    0.08856        594        640: 18% ━━────────── 149/809 1.8it/s 1:42<6:17[K        1/3      9.06G     0.8414     0.4675    0.08854        525        640: 18% ━━────────── 150/809 1.7it/s 1:43<6:37[K        1/3      9.06G     0.8415     0.4673    0.08845        620        640: 18% ━━────────── 151/809 1.6it/s 1:44<6:46[K        1/3      9.06G     0.8415     0.4673    0.08838        595        640: 18% ━━────────── 152/809 1.6it/s 1:44<6:39[K        1/3      9.06G     0.8416     0.4676    0.08839        371        640: 18% ━━────────── 153/809 1.8it/s 1:45<6:14[K        1/3      9.06G     0.8407     0.4677    0.08824        434        640: 19% ━━────────── 154/809 1.8it/s 1:45<5:54[K        1/3      9.06G     0.8403     0.4676    0.08812        607        640: 19% ━━────────── 155/809 1.8it/s 1:46<6:04[K        1/3      9.06G     0.8397     0.4677    0.08796        433        640: 19% ━━────────── 156/809 1.9it/s 1:46<5:48[K        1/3      9.06G     0.8404     0.4673    0.08797        668        640: 19% ━━────────── 157/809 1.7it/s 1:47<6:13[K        1/3      9.06G     0.8398     0.4673    0.08778        301        640: 19% ━━────────── 158/809 1.9it/s 1:47<5:40[K        1/3      9.06G     0.8396     0.4674    0.08772        396        640: 19% ━━────────── 159/809 1.9it/s 1:48<5:38[K        1/3      9.06G     0.8392     0.4675    0.08754        494        640: 19% ━━────────── 160/809 1.9it/s 1:48<5:39[K        1/3      9.06G     0.8392     0.4674    0.08767        574        640: 19% ━━────────── 161/809 1.8it/s 1:49<6:06[K        1/3      9.06G     0.8385     0.4674    0.08757        458        640: 20% ━━────────── 162/809 1.9it/s 1:50<5:49[K        1/3      9.06G       0.84      0.467    0.08765        468        640: 20% ━━────────── 163/809 1.7it/s 1:50<6:15[K        1/3      9.06G     0.8406     0.4668    0.08771        700        640: 20% ━━────────── 164/809 1.6it/s 1:51<6:36[K        1/3      9.06G      0.841     0.4668    0.08783        567        640: 20% ━━────────── 165/809 1.7it/s 1:52<6:24[K        1/3      9.06G      0.843     0.4662    0.08859        514        640: 20% ━━────────── 166/809 1.3it/s 1:54<8:22[K        1/3      9.06G     0.8418     0.4665    0.08846        433        640: 20% ━━────────── 167/809 1.5it/s 1:55<7:15[K        1/3      9.06G     0.8418     0.4664     0.0884        545        640: 20% ━━────────── 168/809 1.5it/s 1:56<7:03[K        1/3      9.06G     0.8416     0.4665    0.08838        414        640: 20% ━━╸───────── 169/809 1.7it/s 1:56<6:21[K        1/3      9.06G     0.8423     0.4663    0.08829        607        640: 21% ━━╸───────── 170/809 1.7it/s 1:57<6:22[K        1/3      9.06G     0.8414     0.4664    0.08814        533        640: 21% ━━╸───────── 171/809 1.7it/s 1:57<6:15[K        1/3      9.06G     0.8421     0.4664     0.0885        425        640: 21% ━━╸───────── 172/809 1.7it/s 1:58<6:20[K        1/3      9.06G     0.8424     0.4664    0.08859        474        640: 21% ━━╸───────── 173/809 1.7it/s 1:58<6:23[K        1/3      9.06G     0.8426     0.4665    0.08848        380        640: 21% ━━╸───────── 174/809 1.8it/s 1:59<5:56[K        1/3      9.06G      0.842     0.4667    0.08835        641        640: 21% ━━╸───────── 175/809 1.7it/s 1:60<6:13[K        1/3      9.06G     0.8426     0.4665    0.08826        427        640: 21% ━━╸───────── 176/809 1.8it/s 2:00<5:56[K        1/3      9.06G     0.8441     0.4663    0.08856        623        640: 21% ━━╸───────── 177/809 1.6it/s 2:01<6:38[K        1/3      9.06G      0.844     0.4667    0.08848        356        640: 22% ━━╸───────── 178/809 1.7it/s 2:01<6:08[K        1/3      9.06G     0.8446     0.4665    0.08858        525        640: 22% ━━╸───────── 179/809 1.6it/s 2:02<6:45[K        1/3      9.06G      0.846     0.4663    0.08865        619        640: 22% ━━╸───────── 180/809 1.3it/s 2:04<7:55[K        1/3      9.06G     0.8472     0.4661    0.08869        795        640: 22% ━━╸───────── 181/809 1.2it/s 2:05<8:52[K        1/3      9.06G     0.8476     0.4659    0.08869        481        640: 22% ━━╸───────── 182/809 1.3it/s 2:05<7:46[K        1/3      9.06G     0.8471      0.466    0.08858        464        640: 22% ━━╸───────── 183/809 1.5it/s 2:06<6:60[K        1/3      9.06G     0.8473     0.4659    0.08849        509        640: 22% ━━╸───────── 184/809 1.6it/s 2:07<6:42[K        1/3      9.06G     0.8478     0.4657    0.08847        490        640: 22% ━━╸───────── 185/809 1.7it/s 2:07<6:17[K        1/3      9.06G     0.8479     0.4658    0.08843        431        640: 22% ━━╸───────── 186/809 1.7it/s 2:08<6:02[K        1/3      9.06G     0.8468     0.4659    0.08842        364        640: 23% ━━╸───────── 187/809 1.8it/s 2:08<5:45[K        1/3      9.06G     0.8468     0.4658    0.08824        411        640: 23% ━━╸───────── 188/809 1.9it/s 2:09<5:29[K        1/3      9.06G     0.8477     0.4655    0.08858        583        640: 23% ━━╸───────── 189/809 1.7it/s 2:09<5:57[K        1/3      9.06G      0.849     0.4651    0.08871        799        640: 23% ━━╸───────── 190/809 1.6it/s 2:10<6:34[K        1/3      9.06G     0.8488      0.465    0.08859        540        640: 23% ━━╸───────── 191/809 1.6it/s 2:11<6:26[K        1/3      9.06G     0.8482     0.4654    0.08846        352        640: 23% ━━╸───────── 192/809 1.8it/s 2:11<5:46[K        1/3      9.06G     0.8477     0.4658    0.08835        317        640: 23% ━━╸───────── 193/809 1.9it/s 2:12<5:16[K        1/3      9.06G     0.8478      0.466    0.08826        418        640: 23% ━━╸───────── 194/809 2.0it/s 2:12<5:09[K        1/3      9.06G     0.8485     0.4658    0.08843        711        640: 24% ━━╸───────── 195/809 1.7it/s 2:13<6:12[K        1/3      9.06G     0.8476      0.466    0.08832        385        640: 24% ━━╸───────── 196/809 1.8it/s 2:14<5:49[K        1/3      9.06G     0.8487     0.4657    0.08835        465        640: 24% ━━╸───────── 197/809 1.6it/s 2:14<6:12[K        1/3      9.06G     0.8485     0.4658    0.08839        516        640: 24% ━━╸───────── 198/809 1.7it/s 2:15<5:57[K        1/3      9.06G     0.8499     0.4655    0.08946        749        640: 24% ━━╸───────── 199/809 1.3it/s 2:17<7:38[K        1/3      9.06G     0.8505     0.4655    0.08946        409        640: 24% ━━╸───────── 200/809 1.5it/s 2:18<6:45[K        1/3      9.06G     0.8509     0.4654    0.08941        546        640: 24% ━━╸───────── 201/809 1.6it/s 2:18<6:18[K        1/3      9.06G     0.8505     0.4656    0.08937        494        640: 24% ━━╸───────── 202/809 1.7it/s 2:19<5:59[K        1/3      9.06G       0.85     0.4658    0.08931        464        640: 25% ━━━───────── 203/809 1.8it/s 2:19<5:42[K        1/3      9.06G     0.8508     0.4656    0.08935        596        640: 25% ━━━───────── 204/809 1.7it/s 2:20<5:58[K        1/3      9.06G     0.8513     0.4656    0.08931        522        640: 25% ━━━───────── 205/809 1.7it/s 2:21<6:03[K        1/3      9.06G     0.8509     0.4655    0.08915        728        640: 25% ━━━───────── 206/809 1.7it/s 2:21<6:04[K        1/3      9.06G      0.851     0.4654    0.08905        753        640: 25% ━━━───────── 207/809 1.6it/s 2:22<6:05[K        1/3      9.06G     0.8509     0.4654    0.08903        484        640: 25% ━━━───────── 208/809 1.5it/s 2:23<6:34[K        1/3      9.06G     0.8508     0.4653    0.08891        580        640: 25% ━━━───────── 209/809 1.5it/s 2:23<6:38[K        1/3      9.06G     0.8506     0.4656     0.0889        168        640: 25% ━━━───────── 210/809 1.8it/s 2:24<5:26[K        1/3      9.06G     0.8496     0.4658     0.0888        331        640: 26% ━━━───────── 211/809 2.0it/s 2:24<5:02[K        1/3      9.06G     0.8492     0.4659    0.08876        308        640: 26% ━━━───────── 212/809 2.1it/s 2:25<4:47[K        1/3      9.06G     0.8496     0.4657    0.08873        654        640: 26% ━━━───────── 213/809 1.8it/s 2:25<5:27[K        1/3      9.06G     0.8501     0.4656    0.08875        855        640: 26% ━━━───────── 214/809 1.6it/s 2:26<6:16[K        1/3      9.06G     0.8501     0.4656    0.08867        537        640: 26% ━━━───────── 215/809 1.6it/s 2:27<6:01[K        1/3      9.06G     0.8494     0.4656    0.08857        434        640: 26% ━━━───────── 216/809 1.8it/s 2:27<5:36[K        1/3      9.06G     0.8495     0.4657    0.08856        550        640: 26% ━━━───────── 217/809 1.8it/s 2:28<5:34[K        1/3      9.06G     0.8487      0.466    0.08842        394        640: 26% ━━━───────── 218/809 1.8it/s 2:28<5:22[K        1/3      9.06G     0.8488     0.4658    0.08837        680        640: 27% ━━━───────── 219/809 1.7it/s 2:29<5:40[K        1/3      9.06G     0.8493     0.4658    0.08842        444        640: 27% ━━━───────── 220/809 1.8it/s 2:30<5:29[K        1/3      9.06G     0.8489     0.4658    0.08833        329        640: 27% ━━━───────── 221/809 1.9it/s 2:30<5:04[K        1/3      9.06G     0.8493     0.4657    0.08831        695        640: 27% ━━━───────── 222/809 1.8it/s 2:31<5:22[K        1/3      9.06G     0.8493     0.4657    0.08821        550        640: 27% ━━━───────── 223/809 1.8it/s 2:31<5:25[K        1/3      9.06G     0.8501     0.4655     0.0882        711        640: 27% ━━━───────── 224/809 1.5it/s 2:33<6:27[K        1/3      9.06G     0.8498     0.4658    0.08811        304        640: 27% ━━━───────── 225/809 1.8it/s 2:33<5:33[K        1/3      9.06G     0.8499     0.4657    0.08815        648        640: 27% ━━━───────── 226/809 1.7it/s 2:34<5:48[K        1/3      9.06G     0.8511     0.4653     0.0885        754        640: 28% ━━━───────── 227/809 1.3it/s 2:36<7:20[K        1/3      9.06G     0.8511     0.4655    0.08846        318        640: 28% ━━━───────── 228/809 1.6it/s 2:36<6:05[K        1/3      9.06G     0.8506     0.4656    0.08841        422        640: 28% ━━━───────── 229/809 1.7it/s 2:37<5:39[K        1/3      9.06G     0.8512     0.4655    0.08872        677        640: 28% ━━━───────── 230/809 1.3it/s 2:39<7:20[K        1/3      9.06G     0.8529     0.4652    0.08997        766        640: 28% ━━━───────── 231/809 1.0it/s 2:43<9:38[K        1/3      9.06G     0.8537     0.4652    0.09004        602        640: 28% ━━━───────── 232/809 1.1it/s 2:44<8:29[K        1/3      9.06G     0.8535     0.4654    0.08998        356        640: 28% ━━━───────── 233/809 1.4it/s 2:44<6:40[K        1/3      9.06G      0.854     0.4653    0.08993        600        640: 28% ━━━───────── 234/809 1.5it/s 2:45<6:22[K        1/3      9.06G     0.8544     0.4653    0.09006        721        640: 29% ━━━───────── 235/809 1.5it/s 2:45<6:36[K        1/3      9.06G     0.8539     0.4654    0.09003        466        640: 29% ━━━╸──────── 236/809 1.6it/s 2:46<5:51[K        1/3      9.06G      0.854     0.4653    0.08994        390        640: 29% ━━━╸──────── 237/809 1.8it/s 2:46<5:25[K        1/3      9.06G     0.8537     0.4655    0.08984        437        640: 29% ━━━╸──────── 238/809 1.8it/s 2:47<5:12[K        1/3      9.06G     0.8546     0.4652    0.09006        607        640: 29% ━━━╸──────── 239/809 1.5it/s 2:49<6:30[K        1/3      9.06G     0.8535     0.4654    0.08995        402        640: 29% ━━━╸──────── 240/809 1.6it/s 2:49<5:49[K        1/3      9.06G     0.8537     0.4652    0.08985        720        640: 29% ━━━╸──────── 241/809 1.5it/s 2:50<6:08[K        1/3      9.06G     0.8528     0.4653    0.08972        398        640: 29% ━━━╸──────── 242/809 1.7it/s 2:50<5:26[K        1/3      9.06G      0.854     0.4651    0.09014       1093        640: 30% ━━━╸──────── 243/809 1.3it/s 2:53<7:08[K        1/3      9.06G     0.8547      0.465     0.0901        762        640: 30% ━━━╸──────── 244/809 1.3it/s 2:54<7:26[K        1/3      9.06G     0.8551     0.4649    0.09005        530        640: 30% ━━━╸──────── 245/809 1.4it/s 2:55<6:40[K        1/3      9.06G     0.8563     0.4646     0.0901        665        640: 30% ━━━╸──────── 246/809 1.4it/s 2:55<6:52[K        1/3      9.06G     0.8563     0.4646    0.09012        678        640: 30% ━━━╸──────── 247/809 1.4it/s 2:56<6:35[K        1/3      9.06G     0.8567     0.4645    0.09018        357        640: 30% ━━━╸──────── 248/809 1.4it/s 2:57<6:38[K        1/3      9.06G     0.8561     0.4646    0.09008        381        640: 30% ━━━╸──────── 249/809 1.6it/s 2:57<5:53[K        1/3      9.06G     0.8558     0.4646    0.08996        607        640: 30% ━━━╸──────── 250/809 1.6it/s 2:58<5:51[K        1/3      9.06G     0.8551     0.4649    0.08984        351        640: 31% ━━━╸──────── 251/809 1.8it/s 2:58<5:07[K        1/3      9.06G     0.8554     0.4649    0.08977        468        640: 31% ━━━╸──────── 252/809 1.8it/s 2:59<5:03[K        1/3      9.06G     0.8553     0.4649     0.0897        656        640: 31% ━━━╸──────── 253/809 1.8it/s 2:59<5:16[K        1/3      9.06G     0.8553      0.465    0.08965        471        640: 31% ━━━╸──────── 254/809 1.6it/s 3:00<5:39[K        1/3      9.06G     0.8562     0.4647    0.08975       1128        640: 31% ━━━╸──────── 255/809 1.4it/s 3:01<6:26[K        1/3      9.06G     0.8566     0.4646    0.08975        775        640: 31% ━━━╸──────── 256/809 1.4it/s 3:02<6:31[K        1/3      9.06G      0.857     0.4645    0.08978        725        640: 31% ━━━╸──────── 257/809 1.3it/s 3:03<6:52[K        1/3      9.06G      0.857     0.4645    0.08981        561        640: 31% ━━━╸──────── 258/809 1.4it/s 3:03<6:27[K        1/3      9.06G     0.8583     0.4641    0.09017        859        640: 32% ━━━╸──────── 259/809 1.1it/s 3:06<8:12[K        1/3      9.06G     0.8586     0.4642    0.09015        620        640: 32% ━━━╸──────── 260/809 1.2it/s 3:07<7:28[K        1/3      9.06G     0.8586     0.4641    0.09009        547        640: 32% ━━━╸──────── 261/809 1.4it/s 3:07<6:35[K        1/3      9.06G     0.8582     0.4641    0.08999        453        640: 32% ━━━╸──────── 262/809 1.6it/s 3:08<5:48[K        1/3      9.06G     0.8583     0.4642     0.0901        401        640: 32% ━━━╸──────── 263/809 1.7it/s 3:08<5:17[K        1/3      9.06G     0.8576     0.4643    0.09009        323        640: 32% ━━━╸──────── 264/809 1.8it/s 3:09<4:55[K        1/3      9.06G     0.8569     0.4646    0.08997        360        640: 32% ━━━╸──────── 265/809 1.9it/s 3:09<4:54[K        1/3      9.06G     0.8579     0.4644    0.09003        413        640: 32% ━━━╸──────── 266/809 1.8it/s 3:10<5:09[K        1/3      9.06G     0.8576     0.4645    0.08994        522        640: 33% ━━━╸──────── 267/809 1.8it/s 3:10<5:01[K        1/3      9.06G     0.8579     0.4644    0.08987        500        640: 33% ━━━╸──────── 268/809 1.8it/s 3:11<5:01[K        1/3      9.06G     0.8579     0.4645    0.08988        585        640: 33% ━━━╸──────── 269/809 1.8it/s 3:11<5:00[K        1/3      9.06G     0.8577     0.4645    0.08979        554        640: 33% ━━━━──────── 270/809 1.8it/s 3:12<5:00[K        1/3      9.06G     0.8568     0.4646    0.08972        323        640: 33% ━━━━──────── 271/809 1.9it/s 3:12<4:46[K        1/3      9.06G     0.8564     0.4647    0.08965        622        640: 33% ━━━━──────── 272/809 1.8it/s 3:13<4:52[K        1/3      9.06G     0.8557     0.4647    0.08954        467        640: 33% ━━━━──────── 273/809 1.9it/s 3:14<4:44[K        1/3      9.06G     0.8553     0.4649    0.08951        328        640: 33% ━━━━──────── 274/809 1.9it/s 3:14<4:38[K        1/3      9.06G     0.8546      0.465    0.08939        440        640: 33% ━━━━──────── 275/809 2.0it/s 3:15<4:33[K        1/3      9.06G     0.8549      0.465    0.08946        510        640: 34% ━━━━──────── 276/809 1.9it/s 3:15<4:47[K        1/3      9.06G     0.8548     0.4651     0.0894        579        640: 34% ━━━━──────── 277/809 1.8it/s 3:16<4:52[K        1/3      9.06G     0.8542     0.4653    0.08937        386        640: 34% ━━━━──────── 278/809 1.9it/s 3:16<4:36[K        1/3      9.06G     0.8535     0.4655    0.08926        423        640: 34% ━━━━──────── 279/809 2.0it/s 3:17<4:27[K        1/3      9.06G     0.8539     0.4653    0.08928        806        640: 34% ━━━━──────── 280/809 1.7it/s 3:18<5:15[K        1/3      9.06G     0.8544     0.4654    0.08942        394        640: 34% ━━━━──────── 281/809 1.7it/s 3:18<5:07[K        1/3      9.06G     0.8543     0.4655    0.08935        411        640: 34% ━━━━──────── 282/809 1.8it/s 3:19<4:55[K        1/3      9.06G      0.855     0.4654    0.08943        595        640: 34% ━━━━──────── 283/809 1.6it/s 3:20<5:23[K        1/3      9.06G     0.8542     0.4657    0.08932        289        640: 35% ━━━━──────── 284/809 1.9it/s 3:20<4:44[K        1/3      9.06G     0.8544     0.4657    0.08929        519        640: 35% ━━━━──────── 285/809 1.8it/s 3:21<4:49[K        1/3      9.06G     0.8555     0.4654    0.08974        883        640: 35% ━━━━──────── 286/809 1.4it/s 3:22<6:04[K        1/3      9.06G     0.8556     0.4654    0.08975        548        640: 35% ━━━━──────── 287/809 1.5it/s 3:23<5:43[K        1/3      9.06G     0.8553     0.4655    0.08968        470        640: 35% ━━━━──────── 288/809 1.7it/s 3:23<5:15[K        1/3      9.06G     0.8547     0.4657     0.0896        358        640: 35% ━━━━──────── 289/809 1.8it/s 3:24<4:54[K        1/3      9.06G     0.8556     0.4655    0.08966        421        640: 35% ━━━━──────── 290/809 1.7it/s 3:25<5:11[K        1/3      9.06G     0.8554     0.4654     0.0896        627        640: 35% ━━━━──────── 291/809 1.7it/s 3:25<5:07[K        1/3      9.06G      0.855     0.4656    0.08952        466        640: 36% ━━━━──────── 292/809 1.8it/s 3:26<4:54[K        1/3      9.06G     0.8545     0.4658    0.08939        551        640: 36% ━━━━──────── 293/809 1.8it/s 3:26<4:47[K        1/3      9.06G     0.8543     0.4659    0.08939        539        640: 36% ━━━━──────── 294/809 1.8it/s 3:27<4:49[K        1/3      9.06G     0.8558     0.4657    0.08976        997        640: 36% ━━━━──────── 295/809 1.4it/s 3:29<6:18[K        1/3      9.06G      0.855     0.4659    0.08965        321        640: 36% ━━━━──────── 296/809 1.7it/s 3:30<5:09[K        1/3      9.06G     0.8552     0.4658    0.08967        519        640: 36% ━━━━──────── 297/809 1.6it/s 3:31<5:16[K        1/3      9.06G      0.855     0.4659    0.08961        478        640: 36% ━━━━──────── 298/809 1.7it/s 3:31<4:56[K        1/3      9.06G     0.8552     0.4658    0.08959        864        640: 36% ━━━━──────── 299/809 1.6it/s 3:32<5:25[K        1/3      9.06G     0.8549      0.466    0.08954        377        640: 37% ━━━━──────── 300/809 1.7it/s 3:32<4:54[K        1/3      9.06G     0.8552     0.4659    0.08949        702        640: 37% ━━━━──────── 301/809 1.6it/s 3:33<5:10[K        1/3      9.06G     0.8552     0.4658    0.08943        369        640: 37% ━━━━──────── 302/809 1.7it/s 3:34<4:52[K        1/3      9.06G     0.8552     0.4659    0.08942        434        640: 37% ━━━━──────── 303/809 1.9it/s 3:34<4:33[K        1/3      9.06G     0.8552     0.4659    0.08934        681        640: 37% ━━━━╸─────── 304/809 1.8it/s 3:35<4:41[K        1/3      9.06G     0.8555     0.4658    0.08931        544        640: 37% ━━━━╸─────── 305/809 1.7it/s 3:35<4:59[K        1/3      9.06G     0.8551     0.4658    0.08927        362        640: 37% ━━━━╸─────── 306/809 1.8it/s 3:36<4:40[K        1/3      9.06G     0.8552     0.4659    0.08922        664        640: 37% ━━━━╸─────── 307/809 1.7it/s 3:36<4:51[K        1/3      9.06G     0.8549     0.4659    0.08913        527        640: 38% ━━━━╸─────── 308/809 1.8it/s 3:37<4:43[K        1/3      9.06G     0.8546     0.4658    0.08903        549        640: 38% ━━━━╸─────── 309/809 1.8it/s 3:38<4:39[K        1/3      9.06G     0.8545     0.4659    0.08897        261        640: 38% ━━━━╸─────── 310/809 2.0it/s 3:38<4:13[K        1/3      9.06G     0.8558     0.4656    0.08928       1033        640: 38% ━━━━╸─────── 311/809 1.5it/s 3:40<5:24[K        1/3      9.06G     0.8561     0.4655    0.08927        764        640: 38% ━━━━╸─────── 312/809 1.5it/s 3:41<5:36[K        1/3      9.06G     0.8559     0.4656    0.08924        337        640: 38% ━━━━╸─────── 313/809 1.6it/s 3:41<5:09[K        1/3      9.06G     0.8564     0.4655    0.08922        604        640: 38% ━━━━╸─────── 314/809 1.6it/s 3:42<5:04[K        1/3      9.06G     0.8576     0.4653    0.08939        641        640: 38% ━━━━╸─────── 315/809 1.3it/s 3:43<6:08[K        1/3      9.06G      0.858     0.4653    0.08953        541        640: 39% ━━━━╸─────── 316/809 1.3it/s 3:44<6:22[K        1/3      9.06G      0.858     0.4654    0.08943        511        640: 39% ━━━━╸─────── 317/809 1.5it/s 3:45<5:35[K        1/3      9.06G     0.8581     0.4653    0.08936        336        640: 39% ━━━━╸─────── 318/809 1.6it/s 3:45<4:59[K        1/3      9.06G     0.8581     0.4654    0.08933        236        640: 39% ━━━━╸─────── 319/809 1.9it/s 3:46<4:17[K        1/3      9.06G     0.8589     0.4652    0.08946        792        640: 39% ━━━━╸─────── 320/809 1.6it/s 3:47<4:59[K        1/3      9.06G     0.8585     0.4653    0.08934        359        640: 39% ━━━━╸─────── 321/809 1.8it/s 3:47<4:28[K        1/3      9.06G     0.8583     0.4653    0.08929        496        640: 39% ━━━━╸─────── 322/809 1.9it/s 3:47<4:22[K        1/3      9.06G     0.8583     0.4654    0.08928        544        640: 39% ━━━━╸─────── 323/809 1.8it/s 3:48<4:27[K        1/3      9.06G     0.8578     0.4654    0.08927        429        640: 40% ━━━━╸─────── 324/809 1.9it/s 3:49<4:21[K        1/3      9.06G     0.8578     0.4653    0.08924        531        640: 40% ━━━━╸─────── 325/809 1.8it/s 3:49<4:26[K        1/3      9.06G      0.858     0.4653    0.08924        640        640: 40% ━━━━╸─────── 326/809 1.6it/s 3:50<5:06[K        1/3      9.06G     0.8576     0.4653    0.08917        518        640: 40% ━━━━╸─────── 327/809 1.6it/s 3:51<4:56[K        1/3      9.06G     0.8576     0.4653     0.0891        505        640: 40% ━━━━╸─────── 328/809 1.7it/s 3:51<4:40[K        1/3      9.06G      0.857     0.4654    0.08903        372        640: 40% ━━━━╸─────── 329/809 1.9it/s 3:52<4:19[K        1/3      9.06G     0.8575     0.4653    0.08912        529        640: 40% ━━━━╸─────── 330/809 1.8it/s 3:52<4:31[K        1/3      9.06G     0.8572     0.4653    0.08906        506        640: 40% ━━━━╸─────── 331/809 1.8it/s 3:53<4:25[K        1/3      9.06G     0.8563     0.4655    0.08895        336        640: 41% ━━━━╸─────── 332/809 2.0it/s 3:53<3:57[K        1/3      9.06G      0.857     0.4653    0.08919        441        640: 41% ━━━━╸─────── 333/809 1.8it/s 3:54<4:21[K        1/3      9.06G      0.857     0.4654    0.08916        482        640: 41% ━━━━╸─────── 334/809 1.8it/s 3:55<4:27[K        1/3      9.06G     0.8573     0.4652    0.08922        603        640: 41% ━━━━╸─────── 335/809 1.7it/s 3:55<4:44[K        1/3      9.06G     0.8572     0.4652    0.08916        574        640: 41% ━━━━╸─────── 336/809 1.7it/s 3:56<4:38[K        1/3      9.06G     0.8569     0.4652     0.0891        445        640: 41% ━━━━╸─────── 337/809 1.8it/s 3:56<4:21[K        1/3      9.06G     0.8573     0.4652     0.0892        541        640: 41% ━━━━━─────── 338/809 1.7it/s 3:57<4:43[K        1/3      9.06G     0.8571     0.4652    0.08918        335        640: 41% ━━━━━─────── 339/809 1.8it/s 3:58<4:14[K        1/3      9.06G     0.8571     0.4652    0.08913        636        640: 42% ━━━━━─────── 340/809 1.8it/s 3:58<4:18[K        1/3      9.06G     0.8575     0.4651    0.08922        331        640: 42% ━━━━━─────── 341/809 1.9it/s 3:59<4:12[K        1/3      9.06G     0.8586     0.4648    0.08951        602        640: 42% ━━━━━─────── 342/809 1.5it/s 4:00<5:19[K        1/3      9.06G     0.8591     0.4648    0.08956        565        640: 42% ━━━━━─────── 343/809 1.5it/s 4:01<5:06[K        1/3      9.06G     0.8589     0.4649    0.08948        574        640: 42% ━━━━━─────── 344/809 1.6it/s 4:02<4:45[K        1/3      9.06G     0.8586     0.4649    0.08948        409        640: 42% ━━━━━─────── 345/809 1.7it/s 4:02<4:30[K        1/3      9.06G     0.8584     0.4649    0.08944        450        640: 42% ━━━━━─────── 346/809 1.8it/s 4:03<4:18[K        1/3      9.06G     0.8582     0.4649    0.08937        560        640: 42% ━━━━━─────── 347/809 1.8it/s 4:03<4:16[K        1/3      9.06G     0.8584     0.4649    0.08937        533        640: 43% ━━━━━─────── 348/809 1.7it/s 4:04<4:31[K        1/3      9.06G     0.8597     0.4646       0.09       1055        640: 43% ━━━━━─────── 349/809 1.3it/s 4:07<5:59[K        1/3      9.06G     0.8594     0.4646    0.08994        479        640: 43% ━━━━━─────── 350/809 1.5it/s 4:08<5:07[K        1/3      9.06G     0.8591     0.4647    0.08987        395        640: 43% ━━━━━─────── 351/809 1.7it/s 4:08<4:28[K        1/3      9.06G     0.8592     0.4648    0.08982        557        640: 43% ━━━━━─────── 352/809 1.7it/s 4:09<4:26[K        1/3      9.06G     0.8588     0.4649    0.08978        421        640: 43% ━━━━━─────── 353/809 1.9it/s 4:09<4:05[K        1/3      9.06G     0.8587      0.465    0.08976        430        640: 43% ━━━━━─────── 354/809 1.9it/s 4:10<4:00[K        1/3      9.06G     0.8585      0.465    0.08972        535        640: 43% ━━━━━─────── 355/809 1.8it/s 4:10<4:09[K        1/3      9.06G     0.8578     0.4651    0.08961        432        640: 44% ━━━━━─────── 356/809 1.9it/s 4:11<3:57[K        1/3      9.06G     0.8579      0.465    0.08963        650        640: 44% ━━━━━─────── 357/809 1.8it/s 4:11<4:15[K        1/3      9.06G     0.8574     0.4651    0.08955        258        640: 44% ━━━━━─────── 358/809 1.9it/s 4:12<3:53[K        1/3      9.06G     0.8577     0.4651    0.08968        649        640: 44% ━━━━━─────── 359/809 1.7it/s 4:13<4:28[K        1/3      9.06G     0.8579      0.465    0.08965        575        640: 44% ━━━━━─────── 360/809 1.6it/s 4:13<4:39[K        1/3      9.06G     0.8579      0.465    0.08961        352        640: 44% ━━━━━─────── 361/809 1.8it/s 4:14<4:13[K        1/3      9.06G     0.8573     0.4652    0.08954        237        640: 44% ━━━━━─────── 362/809 1.9it/s 4:14<3:56[K        1/3      9.06G     0.8569     0.4654     0.0895        249        640: 44% ━━━━━─────── 363/809 2.1it/s 4:15<3:35[K        1/3      9.06G     0.8565     0.4655    0.08943        413        640: 44% ━━━━━─────── 364/809 2.1it/s 4:15<3:35[K        1/3      9.06G     0.8563     0.4655    0.08938        683        640: 45% ━━━━━─────── 365/809 1.9it/s 4:16<3:52[K        1/3      9.06G     0.8558     0.4656    0.08932        291        640: 45% ━━━━━─────── 366/809 2.0it/s 4:16<3:43[K        1/3      9.06G     0.8562     0.4654    0.08929        803        640: 45% ━━━━━─────── 367/809 1.8it/s 4:17<4:08[K        1/3      9.06G     0.8562     0.4655    0.08925        413        640: 45% ━━━━━─────── 368/809 1.8it/s 4:18<4:02[K        1/3      9.06G     0.8559     0.4656    0.08915        481        640: 45% ━━━━━─────── 369/809 1.8it/s 4:18<4:03[K        1/3      9.06G     0.8565     0.4654    0.08923        652        640: 45% ━━━━━─────── 370/809 1.6it/s 4:19<4:43[K        1/3      9.06G     0.8565     0.4654    0.08916        829        640: 45% ━━━━━╸────── 371/809 1.5it/s 4:20<4:47[K        1/3      9.06G     0.8562     0.4656    0.08914        546        640: 45% ━━━━━╸────── 372/809 1.6it/s 4:21<4:38[K        1/3      9.06G     0.8566     0.4654    0.08927        861        640: 46% ━━━━━╸────── 373/809 1.4it/s 4:22<5:22[K        1/3      9.06G      0.857     0.4653    0.08929        653        640: 46% ━━━━━╸────── 374/809 1.2it/s 4:23<5:48[K        1/3      9.06G     0.8569     0.4653    0.08925        571        640: 46% ━━━━━╸────── 375/809 1.4it/s 4:23<5:05[K        1/3      9.06G      0.857     0.4653     0.0892        772        640: 46% ━━━━━╸────── 376/809 1.4it/s 4:24<5:06[K        1/3      9.06G     0.8565     0.4654    0.08916        245        640: 46% ━━━━━╸────── 377/809 1.6it/s 4:24<4:25[K        1/3      9.06G     0.8562     0.4655    0.08915        398        640: 46% ━━━━━╸────── 378/809 1.7it/s 4:25<4:09[K        1/3      9.06G     0.8561     0.4655    0.08913        591        640: 46% ━━━━━╸────── 379/809 1.7it/s 4:26<4:13[K        1/3      9.06G      0.856     0.4655    0.08913        505        640: 46% ━━━━━╸────── 380/809 1.7it/s 4:26<4:08[K        1/3      9.06G     0.8555     0.4657    0.08907        365        640: 47% ━━━━━╸────── 381/809 1.9it/s 4:27<3:50[K        1/3      9.06G     0.8559     0.4656    0.08915        500        640: 47% ━━━━━╸────── 382/809 1.8it/s 4:27<3:55[K        1/3      9.06G     0.8566     0.4654    0.08943        756        640: 47% ━━━━━╸────── 383/809 1.5it/s 4:28<4:37[K        1/3      9.06G     0.8567     0.4653    0.08942        440        640: 47% ━━━━━╸────── 384/809 1.6it/s 4:29<4:22[K        1/3      9.06G     0.8571     0.4653    0.08941        466        640: 47% ━━━━━╸────── 385/809 1.6it/s 4:30<4:32[K        1/3      9.06G      0.858     0.4652    0.08959        901        640: 47% ━━━━━╸────── 386/809 1.3it/s 4:31<5:34[K        1/3      9.06G     0.8585     0.4651    0.08965        766        640: 47% ━━━━━╸────── 387/809 1.2it/s 4:32<5:48[K        1/3      9.06G     0.8586     0.4651    0.08962        541        640: 47% ━━━━━╸────── 388/809 1.4it/s 4:33<5:02[K        1/3      9.06G     0.8596     0.4648    0.08991        865        640: 48% ━━━━━╸────── 389/809 1.1it/s 4:35<6:17[K        1/3      9.06G     0.8596     0.4647    0.08987        573        640: 48% ━━━━━╸────── 390/809 1.2it/s 4:36<5:36[K        1/3      9.06G       0.86     0.4647     0.0899        653        640: 48% ━━━━━╸────── 391/809 1.3it/s 4:36<5:28[K        1/3      9.06G       0.86     0.4648    0.08989        498        640: 48% ━━━━━╸────── 392/809 1.5it/s 4:37<4:43[K        1/3      9.06G     0.8593     0.4649    0.08981        273        640: 48% ━━━━━╸────── 393/809 1.7it/s 4:37<4:03[K        1/3      9.06G     0.8592     0.4648    0.08976        508        640: 48% ━━━━━╸────── 394/809 1.7it/s 4:38<3:57[K        1/3      9.06G     0.8597     0.4647    0.08985        831        640: 48% ━━━━━╸────── 395/809 1.5it/s 4:39<4:45[K        1/3      9.06G     0.8596     0.4646    0.08983        557        640: 48% ━━━━━╸────── 396/809 1.5it/s 4:40<4:30[K        1/3      9.06G     0.8605     0.4644    0.09033        831        640: 49% ━━━━━╸────── 397/809 1.2it/s 4:43<5:53[K        1/3      9.06G     0.8608     0.4644    0.09038        770        640: 49% ━━━━━╸────── 398/809 1.2it/s 4:44<5:55[K        1/3      9.06G     0.8605     0.4646    0.09042        251        640: 49% ━━━━━╸────── 399/809 1.5it/s 4:44<4:30[K        1/3      9.06G     0.8607     0.4646    0.09039        646        640: 49% ━━━━━╸────── 400/809 1.6it/s 4:45<4:23[K        1/3      9.06G     0.8602     0.4646    0.09036        340        640: 49% ━━━━━╸────── 401/809 1.7it/s 4:45<4:01[K        1/3      9.06G     0.8598     0.4646    0.09026        525        640: 49% ━━━━━╸────── 402/809 1.8it/s 4:46<3:51[K        1/3      9.06G     0.8599     0.4645    0.09024        509        640: 49% ━━━━━╸────── 403/809 1.8it/s 4:46<3:50[K        1/3      9.06G     0.8596     0.4646    0.09017        519        640: 49% ━━━━━╸────── 404/809 1.8it/s 4:47<3:44[K        1/3      9.06G     0.8592     0.4646    0.09011        442        640: 50% ━━━━━━────── 405/809 1.9it/s 4:47<3:34[K        1/3      9.06G      0.859     0.4647    0.09012        402        640: 50% ━━━━━━────── 406/809 2.0it/s 4:48<3:25[K        1/3      9.06G     0.8586     0.4649    0.09009        276        640: 50% ━━━━━━────── 407/809 2.1it/s 4:48<3:09[K        1/3      9.06G     0.8586     0.4649    0.09005        438        640: 50% ━━━━━━────── 408/809 2.1it/s 4:49<3:12[K        1/3      9.06G     0.8579     0.4652       0.09        269        640: 50% ━━━━━━────── 409/809 2.2it/s 4:49<3:06[K        1/3      9.06G     0.8586     0.4651    0.09015        737        640: 50% ━━━━━━────── 410/809 1.7it/s 4:51<3:57[K        1/3      9.06G     0.8584     0.4651    0.09006        371        640: 50% ━━━━━━────── 411/809 1.8it/s 4:51<3:41[K        1/3      9.06G     0.8582     0.4651    0.08999        385        640: 50% ━━━━━━────── 412/809 1.9it/s 4:52<3:27[K        1/3      9.06G     0.8578     0.4652    0.08991        457        640: 51% ━━━━━━────── 413/809 2.0it/s 4:52<3:18[K        1/3      9.06G     0.8575     0.4654    0.08983        394        640: 51% ━━━━━━────── 414/809 2.1it/s 4:53<3:12[K        1/3      9.06G      0.857     0.4655    0.08978        339        640: 51% ━━━━━━────── 415/809 2.1it/s 4:53<3:04[K        1/3      9.06G     0.8568     0.4655    0.08974        543        640: 51% ━━━━━━────── 416/809 2.1it/s 4:54<3:08[K        1/3      9.06G     0.8568     0.4655    0.08967        550        640: 51% ━━━━━━────── 417/809 2.0it/s 4:54<3:19[K        1/3      9.06G     0.8567     0.4654    0.08968        348        640: 51% ━━━━━━────── 418/809 2.0it/s 4:55<3:14[K        1/3      9.06G     0.8568     0.4653    0.08967        409        640: 51% ━━━━━━────── 419/809 1.9it/s 4:55<3:24[K        1/3      9.06G     0.8572     0.4653     0.0898        743        640: 51% ━━━━━━────── 420/809 1.6it/s 4:56<4:04[K        1/3      9.06G     0.8575     0.4652    0.08975        524        640: 52% ━━━━━━────── 421/809 1.6it/s 4:57<3:55[K        1/3      9.06G     0.8576     0.4652     0.0897        252        640: 52% ━━━━━━────── 422/809 1.9it/s 4:57<3:29[K        1/3      9.06G     0.8569     0.4655    0.08965        193        640: 52% ━━━━━━────── 423/809 2.1it/s 4:58<3:04[K        1/3      9.06G     0.8564     0.4655    0.08963        300        640: 52% ━━━━━━────── 424/809 2.2it/s 4:58<2:59[K        1/3      9.06G     0.8562     0.4655    0.08962        565        640: 52% ━━━━━━────── 425/809 1.9it/s 4:59<3:19[K        1/3      9.06G     0.8561     0.4656    0.08958        379        640: 52% ━━━━━━────── 426/809 1.9it/s 4:60<3:22[K        1/3      9.06G     0.8556     0.4656    0.08956        454        640: 52% ━━━━━━────── 427/809 1.9it/s 5:00<3:22[K        1/3      9.06G     0.8566     0.4654     0.0902        810        640: 52% ━━━━━━────── 428/809 1.4it/s 5:04<4:31[K        1/3      9.06G     0.8562     0.4654    0.09015        256        640: 53% ━━━━━━────── 429/809 1.7it/s 5:04<3:38[K        1/3      9.06G     0.8559     0.4655    0.09012        364        640: 53% ━━━━━━────── 430/809 1.9it/s 5:04<3:22[K        1/3      9.06G     0.8557     0.4654    0.09008        428        640: 53% ━━━━━━────── 431/809 1.9it/s 5:05<3:18[K        1/3      9.06G     0.8562     0.4653    0.09011        857        640: 53% ━━━━━━────── 432/809 1.7it/s 5:06<3:44[K        1/3      9.06G     0.8563     0.4652    0.09011        572        640: 53% ━━━━━━────── 433/809 1.5it/s 5:07<4:11[K        1/3      9.06G     0.8562     0.4652    0.09007        391        640: 53% ━━━━━━────── 434/809 1.6it/s 5:07<3:51[K        1/3      9.06G     0.8563     0.4652    0.09011        688        640: 53% ━━━━━━────── 435/809 1.6it/s 5:08<3:59[K        1/3      9.06G     0.8558     0.4653    0.09003        370        640: 53% ━━━━━━────── 436/809 1.8it/s 5:08<3:31[K        1/3      9.06G     0.8563     0.4652    0.09014        564        640: 54% ━━━━━━────── 437/809 1.7it/s 5:09<3:43[K        1/3      9.06G     0.8562     0.4651    0.09009        396        640: 54% ━━━━━━────── 438/809 1.8it/s 5:10<3:26[K        1/3      9.06G     0.8562     0.4651    0.09004        437        640: 54% ━━━━━━╸───── 439/809 1.9it/s 5:10<3:20[K        1/3      9.06G     0.8558     0.4653    0.08999        275        640: 54% ━━━━━━╸───── 440/809 2.0it/s 5:10<3:03[K        1/3      9.06G     0.8559     0.4653    0.08995        480        640: 54% ━━━━━━╸───── 441/809 1.8it/s 5:11<3:20[K        1/3      9.06G     0.8561     0.4652       0.09        621        640: 54% ━━━━━━╸───── 442/809 1.8it/s 5:12<3:27[K        1/3      9.06G     0.8559     0.4652    0.08994        464        640: 54% ━━━━━━╸───── 443/809 1.8it/s 5:12<3:28[K        1/3      9.06G     0.8562     0.4652    0.09014        622        640: 54% ━━━━━━╸───── 444/809 1.4it/s 5:14<4:14[K        1/3      9.06G     0.8564     0.4651    0.09016        576        640: 55% ━━━━━━╸───── 445/809 1.5it/s 5:15<4:11[K        1/3      9.06G      0.857      0.465    0.09027        738        640: 55% ━━━━━━╸───── 446/809 1.2it/s 5:16<4:55[K        1/3      9.06G     0.8573     0.4649     0.0904        540        640: 55% ━━━━━━╸───── 447/809 1.2it/s 5:17<5:10[K        1/3      9.06G     0.8577     0.4649     0.0904        635        640: 55% ━━━━━━╸───── 448/809 1.1it/s 5:18<5:15[K        1/3      9.06G     0.8575     0.4649    0.09036        372        640: 55% ━━━━━━╸───── 449/809 1.4it/s 5:18<4:14[K        1/3      9.06G     0.8576     0.4649    0.09038        611        640: 55% ━━━━━━╸───── 450/809 1.4it/s 5:19<4:09[K        1/3      9.06G     0.8576     0.4648    0.09035        509        640: 55% ━━━━━━╸───── 451/809 1.5it/s 5:20<3:57[K        1/3      9.06G     0.8575     0.4649     0.0903        433        640: 55% ━━━━━━╸───── 452/809 1.7it/s 5:20<3:31[K        1/3      9.06G     0.8574      0.465    0.09024        518        640: 55% ━━━━━━╸───── 453/809 1.7it/s 5:21<3:24[K        1/3      9.06G     0.8572      0.465    0.09018        261        640: 56% ━━━━━━╸───── 454/809 1.9it/s 5:21<3:06[K        1/3      9.06G     0.8577     0.4649    0.09019        553        640: 56% ━━━━━━╸───── 455/809 1.6it/s 5:22<3:40[K        1/3      9.06G     0.8576     0.4649    0.09015        414        640: 56% ━━━━━━╸───── 456/809 1.8it/s 5:23<3:21[K        1/3      9.06G      0.858     0.4648    0.09022        706        640: 56% ━━━━━━╸───── 457/809 1.6it/s 5:23<3:45[K        1/3      9.06G     0.8578      0.465    0.09016        380        640: 56% ━━━━━━╸───── 458/809 1.7it/s 5:24<3:25[K        1/3      9.06G     0.8579     0.4649    0.09012        440        640: 56% ━━━━━━╸───── 459/809 1.7it/s 5:25<3:26[K        1/3      9.06G     0.8576     0.4649    0.09008        430        640: 56% ━━━━━━╸───── 460/809 1.8it/s 5:25<3:15[K        1/3      12.6G     0.8583     0.4647    0.09057        872        640: 56% ━━━━━━╸───── 461/809 1.4it/s 5:27<4:10[K        1/3      12.6G     0.8587     0.4647    0.09062        512        640: 57% ━━━━━━╸───── 462/809 1.4it/s 5:28<4:12[K        1/3      12.6G     0.8586     0.4647    0.09059        471        640: 57% ━━━━━━╸───── 463/809 1.6it/s 5:28<3:41[K        1/3      12.6G     0.8584     0.4647    0.09053        541        640: 57% ━━━━━━╸───── 464/809 1.7it/s 5:29<3:27[K        1/3      12.6G     0.8582     0.4647    0.09052        311        640: 57% ━━━━━━╸───── 465/809 1.8it/s 5:29<3:13[K        1/3      12.6G     0.8582     0.4647    0.09051        584        640: 57% ━━━━━━╸───── 466/809 1.8it/s 5:30<3:14[K        1/3      12.6G     0.8583     0.4647    0.09047        443        640: 57% ━━━━━━╸───── 467/809 1.8it/s 5:31<3:08[K        1/3      12.6G     0.8584     0.4647    0.09042        495        640: 57% ━━━━━━╸───── 468/809 1.8it/s 5:31<3:06[K        1/3      12.6G      0.858     0.4647    0.09036        296        640: 57% ━━━━━━╸───── 469/809 2.0it/s 5:32<2:50[K        1/3      12.6G     0.8577     0.4647    0.09033        220        640: 58% ━━━━━━╸───── 470/809 2.2it/s 5:32<2:33[K        1/3      12.6G     0.8575     0.4647    0.09026        566        640: 58% ━━━━━━╸───── 471/809 2.1it/s 5:32<2:43[K        1/3      12.6G     0.8573     0.4648     0.0902        412        640: 58% ━━━━━━━───── 472/809 2.1it/s 5:33<2:39[K        1/3      12.6G     0.8572     0.4649    0.09016        354        640: 58% ━━━━━━━───── 473/809 2.1it/s 5:33<2:41[K        1/3      12.6G      0.857     0.4649     0.0901        279        640: 58% ━━━━━━━───── 474/809 2.1it/s 5:34<2:42[K        1/3      12.6G     0.8571     0.4648    0.09007        621        640: 58% ━━━━━━━───── 475/809 1.9it/s 5:35<2:60[K        1/3      12.6G     0.8577     0.4648    0.09038        604        640: 58% ━━━━━━━───── 476/809 1.6it/s 5:36<3:33[K        1/3      12.6G      0.858     0.4647     0.0904        616        640: 58% ━━━━━━━───── 477/809 1.5it/s 5:36<3:41[K        1/3      12.6G     0.8584     0.4646    0.09045        922        640: 59% ━━━━━━━───── 478/809 1.2it/s 5:38<4:28[K        1/3      12.6G     0.8583     0.4646    0.09042        505        640: 59% ━━━━━━━───── 479/809 1.4it/s 5:39<3:56[K        1/3      12.6G     0.8577     0.4647    0.09035        438        640: 59% ━━━━━━━───── 480/809 1.6it/s 5:39<3:22[K        1/3      12.6G     0.8575     0.4648    0.09033        416        640: 59% ━━━━━━━───── 481/809 1.7it/s 5:40<3:13[K        1/3      12.6G     0.8574     0.4647    0.09027        507        640: 59% ━━━━━━━───── 482/809 1.7it/s 5:40<3:10[K        1/3      12.6G     0.8573     0.4647    0.09025        538        640: 59% ━━━━━━━───── 483/809 1.7it/s 5:41<3:08[K        1/3      12.6G     0.8574     0.4647    0.09022        746        640: 59% ━━━━━━━───── 484/809 1.6it/s 5:42<3:18[K        1/3      12.6G     0.8578     0.4646    0.09034        866        640: 59% ━━━━━━━───── 485/809 1.3it/s 5:43<4:02[K        1/3      12.6G      0.858     0.4645    0.09036        473        640: 60% ━━━━━━━───── 486/809 1.3it/s 5:44<4:05[K        1/3      12.6G     0.8579     0.4645     0.0903        432        640: 60% ━━━━━━━───── 487/809 1.5it/s 5:44<3:30[K        1/3      12.6G     0.8582     0.4645     0.0903        625        640: 60% ━━━━━━━───── 488/809 1.5it/s 5:45<3:29[K        1/3      12.6G     0.8576     0.4646    0.09022        353        640: 60% ━━━━━━━───── 489/809 1.7it/s 5:46<3:10[K        1/3      12.6G     0.8572     0.4649    0.09016        261        640: 60% ━━━━━━━───── 490/809 1.9it/s 5:46<2:46[K        1/3      12.6G     0.8575     0.4648    0.09035        639        640: 60% ━━━━━━━───── 491/809 1.6it/s 5:47<3:23[K        1/3      12.6G     0.8575     0.4648    0.09033        544        640: 60% ━━━━━━━───── 492/809 1.6it/s 5:48<3:14[K        1/3      12.6G     0.8573     0.4649    0.09027        292        640: 60% ━━━━━━━───── 493/809 1.9it/s 5:48<2:50[K        1/3      12.6G     0.8575     0.4648    0.09024        427        640: 61% ━━━━━━━───── 494/809 1.9it/s 5:49<2:44[K        1/3      12.6G     0.8573     0.4648    0.09021        379        640: 61% ━━━━━━━───── 495/809 2.0it/s 5:49<2:41[K        1/3      12.6G     0.8567     0.4649    0.09014        286        640: 61% ━━━━━━━───── 496/809 2.1it/s 5:50<2:29[K        1/3      12.6G     0.8565      0.465    0.09007        700        640: 61% ━━━━━━━───── 497/809 1.9it/s 5:50<2:41[K        1/3      12.6G     0.8562     0.4651       0.09        412        640: 61% ━━━━━━━───── 498/809 2.0it/s 5:51<2:37[K        1/3      12.6G     0.8556     0.4652    0.08997        262        640: 61% ━━━━━━━───── 499/809 2.1it/s 5:51<2:26[K        1/3      12.6G     0.8557     0.4651    0.08992        558        640: 61% ━━━━━━━───── 500/809 2.0it/s 5:52<2:38[K        1/3      12.6G     0.8557     0.4652    0.08987        352        640: 61% ━━━━━━━───── 501/809 2.0it/s 5:52<2:34[K        1/3      12.6G     0.8557     0.4651    0.08986        686        640: 62% ━━━━━━━───── 502/809 1.9it/s 5:53<2:43[K        1/3      12.6G     0.8553     0.4653    0.08981        495        640: 62% ━━━━━━━───── 503/809 1.9it/s 5:53<2:40[K        1/3      12.6G     0.8551     0.4653    0.08976        416        640: 62% ━━━━━━━───── 504/809 1.9it/s 5:54<2:38[K        1/3      12.6G     0.8551     0.4654    0.08973        564        640: 62% ━━━━━━━───── 505/809 1.8it/s 5:55<2:47[K        1/3      12.6G     0.8549     0.4654    0.08971        414        640: 62% ━━━━━━━╸──── 506/809 1.9it/s 5:55<2:41[K        1/3      12.6G     0.8548     0.4654    0.08969        609        640: 62% ━━━━━━━╸──── 507/809 1.8it/s 5:56<2:47[K        1/3      12.6G     0.8548     0.4654    0.08968        609        640: 62% ━━━━━━━╸──── 508/809 1.8it/s 5:56<2:50[K        1/3      12.6G     0.8545     0.4655    0.08967        466        640: 62% ━━━━━━━╸──── 509/809 1.8it/s 5:57<2:45[K        1/3      12.6G     0.8544     0.4655    0.08963        522        640: 63% ━━━━━━━╸──── 510/809 1.8it/s 5:57<2:43[K        1/3      12.6G     0.8541     0.4654    0.08957        339        640: 63% ━━━━━━━╸──── 511/809 1.9it/s 5:58<2:34[K        1/3      12.6G     0.8537     0.4655    0.08953        319        640: 63% ━━━━━━━╸──── 512/809 2.1it/s 5:58<2:25[K        1/3      12.6G     0.8535     0.4656    0.08956        420        640: 63% ━━━━━━━╸──── 513/809 2.0it/s 5:59<2:27[K        1/3      12.6G     0.8534     0.4656     0.0895        540        640: 63% ━━━━━━━╸──── 514/809 2.0it/s 5:59<2:30[K        1/3      12.6G      0.853     0.4656    0.08947        439        640: 63% ━━━━━━━╸──── 515/809 2.0it/s 5:60<2:30[K        1/3      12.6G     0.8529     0.4657    0.08944        452        640: 63% ━━━━━━━╸──── 516/809 2.0it/s 6:00<2:28[K        1/3      12.6G     0.8529     0.4657    0.08941        685        640: 63% ━━━━━━━╸──── 517/809 1.8it/s 6:01<2:38[K        1/3      12.6G      0.853     0.4658     0.0894        400        640: 64% ━━━━━━━╸──── 518/809 1.8it/s 6:02<2:39[K        1/3      12.6G     0.8528     0.4657    0.08934        570        640: 64% ━━━━━━━╸──── 519/809 1.8it/s 6:02<2:41[K        1/3      12.6G     0.8526     0.4658    0.08934        510        640: 64% ━━━━━━━╸──── 520/809 1.8it/s 6:03<2:37[K        1/3      12.6G     0.8521     0.4657    0.08926        431        640: 64% ━━━━━━━╸──── 521/809 1.9it/s 6:03<2:31[K        1/3      12.6G     0.8519     0.4658    0.08924        262        640: 64% ━━━━━━━╸──── 522/809 2.0it/s 6:04<2:20[K        1/3      12.6G     0.8519     0.4658    0.08924        802        640: 64% ━━━━━━━╸──── 523/809 1.8it/s 6:04<2:41[K        1/3      12.6G     0.8515     0.4659    0.08917        289        640: 64% ━━━━━━━╸──── 524/809 1.9it/s 6:05<2:28[K        1/3      12.6G      0.852     0.4658    0.08941        596        640: 64% ━━━━━━━╸──── 525/809 1.6it/s 6:06<3:01[K        1/3      12.6G     0.8518     0.4658    0.08935        609        640: 65% ━━━━━━━╸──── 526/809 1.6it/s 6:07<2:59[K        1/3      12.6G     0.8518     0.4658     0.0893        394        640: 65% ━━━━━━━╸──── 527/809 1.8it/s 6:07<2:38[K        1/3      12.6G     0.8514     0.4659    0.08928        332        640: 65% ━━━━━━━╸──── 528/809 1.9it/s 6:08<2:25[K        1/3      12.6G     0.8512      0.466    0.08924        457        640: 65% ━━━━━━━╸──── 529/809 2.0it/s 6:08<2:23[K        1/3      12.6G     0.8508     0.4661     0.0892        254        640: 65% ━━━━━━━╸──── 530/809 2.1it/s 6:09<2:12[K        1/3      12.6G     0.8511      0.466    0.08921        676        640: 65% ━━━━━━━╸──── 531/809 1.9it/s 6:09<2:30[K        1/3      12.6G     0.8515     0.4659    0.08921        623        640: 65% ━━━━━━━╸──── 532/809 1.7it/s 6:10<2:42[K        1/3      12.6G     0.8521     0.4658    0.08938        675        640: 65% ━━━━━━━╸──── 533/809 1.4it/s 6:12<3:17[K        1/3      12.6G     0.8522     0.4658     0.0894        515        640: 66% ━━━━━━━╸──── 534/809 1.5it/s 6:12<3:07[K        1/3      12.6G     0.8521     0.4658    0.08939        393        640: 66% ━━━━━━━╸──── 535/809 1.6it/s 6:13<2:48[K        1/3      12.6G     0.8526     0.4657     0.0897        823        640: 66% ━━━━━━━╸──── 536/809 1.3it/s 6:15<3:37[K        1/3      12.6G     0.8525     0.4657    0.08966        618        640: 66% ━━━━━━━╸──── 537/809 1.4it/s 6:16<3:21[K        1/3      12.6G      0.852     0.4658     0.0896        382        640: 66% ━━━━━━━╸──── 538/809 1.6it/s 6:16<2:48[K        1/3      12.6G     0.8524     0.4657    0.08972        786        640: 66% ━━━━━━━╸──── 539/809 1.3it/s 6:18<3:24[K        1/3      12.6G     0.8526     0.4656    0.08977        521        640: 66% ━━━━━━━━──── 540/809 1.4it/s 6:19<3:13[K        1/3      12.6G      0.853     0.4655    0.08987        587        640: 66% ━━━━━━━━──── 541/809 1.2it/s 6:20<3:49[K        1/3      12.6G     0.8527     0.4655    0.08981        439        640: 66% ━━━━━━━━──── 542/809 1.4it/s 6:21<3:10[K        1/3      12.6G     0.8528     0.4655    0.08985        891        640: 67% ━━━━━━━━──── 543/809 1.2it/s 6:22<3:34[K        1/3      12.6G      0.853     0.4654    0.08986        563        640: 67% ━━━━━━━━──── 544/809 1.4it/s 6:22<3:12[K        1/3      12.6G     0.8527     0.4656    0.08984        403        640: 67% ━━━━━━━━──── 545/809 1.6it/s 6:23<2:48[K        1/3      12.6G     0.8525     0.4656     0.0898        375        640: 67% ━━━━━━━━──── 546/809 1.7it/s 6:23<2:32[K        1/3      12.6G     0.8526     0.4656    0.08976        651        640: 67% ━━━━━━━━──── 547/809 1.7it/s 6:24<2:35[K        1/3      12.6G     0.8524     0.4656     0.0897        450        640: 67% ━━━━━━━━──── 548/809 1.7it/s 6:24<2:30[K        1/3      12.6G     0.8527     0.4655    0.08972        880        640: 67% ━━━━━━━━──── 549/809 1.5it/s 6:25<2:49[K        1/3      12.6G     0.8526     0.4655    0.08967        434        640: 67% ━━━━━━━━──── 550/809 1.6it/s 6:26<2:42[K        1/3      12.6G     0.8525     0.4655    0.08963        548        640: 68% ━━━━━━━━──── 551/809 1.7it/s 6:27<2:29[K        1/3      12.6G     0.8531     0.4654    0.08985        981        640: 68% ━━━━━━━━──── 552/809 1.3it/s 6:29<3:13[K        1/3      12.6G      0.853     0.4655    0.08981        487        640: 68% ━━━━━━━━──── 553/809 1.5it/s 6:30<2:56[K        1/3      12.6G     0.8529     0.4656    0.08981        413        640: 68% ━━━━━━━━──── 554/809 1.6it/s 6:30<2:36[K        1/3      12.6G     0.8531     0.4655    0.08985        736        640: 68% ━━━━━━━━──── 555/809 1.4it/s 6:31<3:02[K        1/3      12.6G     0.8536     0.4655    0.09023        731        640: 68% ━━━━━━━━──── 556/809 1.1it/s 6:34<3:51[K        1/3      12.6G     0.8533     0.4655    0.09019        513        640: 68% ━━━━━━━━──── 557/809 1.3it/s 6:34<3:09[K        1/3      12.6G     0.8531     0.4655    0.09013        358        640: 68% ━━━━━━━━──── 558/809 1.6it/s 6:35<2:35[K        1/3      12.6G     0.8534     0.4655    0.09013        454        640: 69% ━━━━━━━━──── 559/809 1.6it/s 6:35<2:32[K        1/3      12.6G     0.8534     0.4655    0.09012        654        640: 69% ━━━━━━━━──── 560/809 1.6it/s 6:36<2:33[K        1/3      12.6G     0.8536     0.4655    0.09017        659        640: 69% ━━━━━━━━──── 561/809 1.4it/s 6:37<2:53[K        1/3      12.6G     0.8532     0.4656    0.09016         88        640: 69% ━━━━━━━━──── 562/809 1.9it/s 6:37<2:13[K        1/3      12.6G      0.853     0.4656    0.09013        522        640: 69% ━━━━━━━━──── 563/809 1.9it/s 6:38<2:11[K        1/3      12.6G     0.8529     0.4657     0.0901        432        640: 69% ━━━━━━━━──── 564/809 1.9it/s 6:38<2:07[K        1/3      12.6G      0.853     0.4657    0.09007        752        640: 69% ━━━━━━━━──── 565/809 1.8it/s 6:39<2:17[K        1/3      12.6G     0.8528     0.4657    0.09001        640        640: 69% ━━━━━━━━──── 566/809 1.8it/s 6:40<2:15[K        1/3      12.6G     0.8533     0.4656     0.0902        703        640: 70% ━━━━━━━━──── 567/809 1.4it/s 6:43<2:58[K        1/3      12.6G     0.8536     0.4655    0.09024        708        640: 70% ━━━━━━━━──── 568/809 1.3it/s 6:44<3:05[K        1/3      12.6G     0.8534     0.4656    0.09019        329        640: 70% ━━━━━━━━──── 569/809 1.5it/s 6:44<2:37[K        1/3      12.6G     0.8532     0.4656    0.09015        412        640: 70% ━━━━━━━━──── 570/809 1.7it/s 6:45<2:24[K        1/3      12.6G     0.8535     0.4656    0.09016        645        640: 70% ━━━━━━━━──── 571/809 1.4it/s 6:46<2:51[K        1/3      12.6G     0.8538     0.4655    0.09025        535        640: 70% ━━━━━━━━──── 572/809 1.4it/s 6:47<2:49[K        1/3      12.6G     0.8536     0.4656     0.0902        534        640: 70% ━━━━━━━━──── 573/809 1.6it/s 6:47<2:28[K        1/3      12.6G     0.8532     0.4657    0.09014        243        640: 70% ━━━━━━━━╸─── 574/809 1.9it/s 6:47<2:04[K        1/3      12.6G     0.8529     0.4658    0.09012        403        640: 71% ━━━━━━━━╸─── 575/809 2.0it/s 6:48<1:58[K        1/3      12.6G     0.8529     0.4658    0.09014        499        640: 71% ━━━━━━━━╸─── 576/809 1.9it/s 6:48<1:60[K        1/3      12.6G     0.8529     0.4658    0.09011        431        640: 71% ━━━━━━━━╸─── 577/809 1.9it/s 6:49<2:02[K        1/3      12.6G     0.8529     0.4657    0.09008        300        640: 71% ━━━━━━━━╸─── 578/809 2.0it/s 6:49<1:53[K        1/3      12.6G     0.8532     0.4656     0.0902        899        640: 71% ━━━━━━━━╸─── 579/809 1.6it/s 6:51<2:19[K        1/3      12.6G     0.8532     0.4656    0.09016        709        640: 71% ━━━━━━━━╸─── 580/809 1.6it/s 6:51<2:21[K        1/3      12.6G     0.8541     0.4654    0.09041       1032        640: 71% ━━━━━━━━╸─── 581/809 1.2it/s 6:55<3:05[K        1/3      12.6G     0.8544     0.4654    0.09044        639        640: 71% ━━━━━━━━╸─── 582/809 1.2it/s 6:55<3:11[K        1/3      12.6G     0.8542     0.4654    0.09043        483        640: 72% ━━━━━━━━╸─── 583/809 1.4it/s 6:56<2:40[K        1/3      12.6G     0.8542     0.4654    0.09042        673        640: 72% ━━━━━━━━╸─── 584/809 1.4it/s 6:57<2:40[K        1/3      12.6G      0.854     0.4654    0.09037        367        640: 72% ━━━━━━━━╸─── 585/809 1.6it/s 6:57<2:21[K        1/3      12.6G     0.8541     0.4654    0.09038        624        640: 72% ━━━━━━━━╸─── 586/809 1.5it/s 6:58<2:28[K        1/3      12.6G      0.854     0.4654    0.09035        680        640: 72% ━━━━━━━━╸─── 587/809 1.6it/s 6:59<2:22[K        1/3      12.6G     0.8545     0.4653    0.09077        637        640: 72% ━━━━━━━━╸─── 588/809 1.2it/s 7:04<3:11[K        1/3      12.6G     0.8546     0.4653    0.09078        472        640: 72% ━━━━━━━━╸─── 589/809 1.4it/s 7:04<2:41[K        1/3      12.6G     0.8546     0.4653    0.09072        422        640: 72% ━━━━━━━━╸─── 590/809 1.6it/s 7:05<2:19[K        1/3      12.6G     0.8543     0.4653    0.09069        275        640: 73% ━━━━━━━━╸─── 591/809 1.8it/s 7:05<1:58[K        1/3      12.6G     0.8542     0.4654    0.09066        485        640: 73% ━━━━━━━━╸─── 592/809 1.9it/s 7:05<1:54[K        1/3      12.6G     0.8541     0.4655    0.09062        421        640: 73% ━━━━━━━━╸─── 593/809 1.9it/s 7:06<1:54[K        1/3      12.6G     0.8542     0.4654     0.0906        562        640: 73% ━━━━━━━━╸─── 594/809 1.8it/s 7:07<2:01[K        1/3      12.6G     0.8543     0.4654    0.09058        626        640: 73% ━━━━━━━━╸─── 595/809 1.7it/s 7:07<2:03[K        1/3      12.6G     0.8545     0.4654    0.09058        713        640: 73% ━━━━━━━━╸─── 596/809 1.6it/s 7:08<2:13[K        1/3      12.6G     0.8544     0.4654    0.09056        588        640: 73% ━━━━━━━━╸─── 597/809 1.7it/s 7:09<2:07[K        1/3      12.6G     0.8546     0.4654    0.09055        570        640: 73% ━━━━━━━━╸─── 598/809 1.5it/s 7:10<2:22[K        1/3      12.6G     0.8551     0.4652    0.09082        547        640: 74% ━━━━━━━━╸─── 599/809 1.2it/s 7:11<2:55[K        1/3      12.6G     0.8552     0.4652    0.09079        661        640: 74% ━━━━━━━━╸─── 600/809 1.3it/s 7:12<2:36[K        1/3      12.6G     0.8555     0.4652    0.09081        654        640: 74% ━━━━━━━━╸─── 601/809 1.4it/s 7:13<2:28[K        1/3      12.6G     0.8557     0.4651    0.09083        474        640: 74% ━━━━━━━━╸─── 602/809 1.3it/s 7:14<2:41[K        1/3      12.6G     0.8556      0.465     0.0908        580        640: 74% ━━━━━━━━╸─── 603/809 1.4it/s 7:14<2:26[K        1/3      12.6G     0.8554     0.4651    0.09074        461        640: 74% ━━━━━━━━╸─── 604/809 1.6it/s 7:15<2:10[K        1/3      12.6G     0.8558      0.465     0.0908        719        640: 74% ━━━━━━━━╸─── 605/809 1.5it/s 7:16<2:19[K        1/3      12.6G     0.8555     0.4651    0.09079        337        640: 74% ━━━━━━━━╸─── 606/809 1.7it/s 7:16<1:59[K        1/3      12.6G     0.8554     0.4651    0.09077        447        640: 75% ━━━━━━━━━─── 607/809 1.8it/s 7:17<1:55[K        1/3      12.6G     0.8552     0.4652    0.09075        425        640: 75% ━━━━━━━━━─── 608/809 1.8it/s 7:17<1:51[K        1/3      12.6G     0.8552     0.4652    0.09073        506        640: 75% ━━━━━━━━━─── 609/809 1.8it/s 7:18<1:51[K        1/3      12.6G     0.8551     0.4652     0.0907        639        640: 75% ━━━━━━━━━─── 610/809 1.7it/s 7:18<1:55[K        1/3      12.6G     0.8552     0.4652     0.0907        659        640: 75% ━━━━━━━━━─── 611/809 1.7it/s 7:19<1:58[K        1/3      12.6G     0.8553     0.4652    0.09068        417        640: 75% ━━━━━━━━━─── 612/809 1.8it/s 7:19<1:52[K        1/3      12.6G     0.8549     0.4652    0.09064        377        640: 75% ━━━━━━━━━─── 613/809 1.9it/s 7:20<1:42[K        1/3      12.6G      0.855     0.4652    0.09061        620        640: 75% ━━━━━━━━━─── 614/809 1.9it/s 7:20<1:44[K        1/3      12.6G     0.8545     0.4653    0.09055        276        640: 76% ━━━━━━━━━─── 615/809 2.0it/s 7:21<1:35[K        1/3      12.6G     0.8542     0.4653    0.09049        372        640: 76% ━━━━━━━━━─── 616/809 2.1it/s 7:21<1:32[K        1/3      12.6G     0.8542     0.4653    0.09047        431        640: 76% ━━━━━━━━━─── 617/809 2.0it/s 7:22<1:35[K        1/3      12.6G     0.8544     0.4653     0.0906        735        640: 76% ━━━━━━━━━─── 618/809 1.6it/s 7:24<2:00[K        1/3      12.6G     0.8542     0.4653    0.09055        428        640: 76% ━━━━━━━━━─── 619/809 1.7it/s 7:24<1:50[K        1/3      12.6G     0.8542     0.4653    0.09052        508        640: 76% ━━━━━━━━━─── 620/809 1.8it/s 7:25<1:47[K        1/3      12.6G      0.854     0.4654    0.09047        437        640: 76% ━━━━━━━━━─── 621/809 1.8it/s 7:25<1:46[K        1/3      12.6G     0.8545     0.4653    0.09055        695        640: 76% ━━━━━━━━━─── 622/809 1.4it/s 7:27<2:14[K        1/3      12.6G     0.8545     0.4653    0.09056        425        640: 77% ━━━━━━━━━─── 623/809 1.5it/s 7:28<2:02[K        1/3      12.6G     0.8542     0.4654    0.09051        358        640: 77% ━━━━━━━━━─── 624/809 1.8it/s 7:28<1:45[K        1/3      12.6G     0.8545     0.4653     0.0906        704        640: 77% ━━━━━━━━━─── 625/809 1.6it/s 7:29<1:55[K        1/3      12.6G     0.8543     0.4653    0.09057        388        640: 77% ━━━━━━━━━─── 626/809 1.8it/s 7:29<1:43[K        1/3      12.6G     0.8547     0.4653    0.09075        775        640: 77% ━━━━━━━━━─── 627/809 1.5it/s 7:31<2:05[K        1/3      12.6G     0.8544     0.4653    0.09071        393        640: 77% ━━━━━━━━━─── 628/809 1.7it/s 7:31<1:48[K        1/3      12.6G     0.8541     0.4654    0.09067        432        640: 77% ━━━━━━━━━─── 629/809 1.8it/s 7:32<1:38[K        1/3      12.6G     0.8542     0.4654    0.09067        492        640: 77% ━━━━━━━━━─── 630/809 1.8it/s 7:32<1:39[K        1/3      12.6G     0.8544     0.4653    0.09069        627        640: 77% ━━━━━━━━━─── 631/809 1.7it/s 7:33<1:45[K        1/3      12.6G     0.8542     0.4654    0.09065        347        640: 78% ━━━━━━━━━─── 632/809 1.9it/s 7:33<1:33[K        1/3      12.6G     0.8542     0.4654    0.09062        336        640: 78% ━━━━━━━━━─── 633/809 2.0it/s 7:34<1:30[K        1/3      12.6G      0.854     0.4655    0.09059        323        640: 78% ━━━━━━━━━─── 634/809 2.1it/s 7:34<1:25[K        1/3      12.6G     0.8539     0.4655    0.09056        539        640: 78% ━━━━━━━━━─── 635/809 2.0it/s 7:35<1:26[K        1/3      12.6G      0.854     0.4655    0.09054        419        640: 78% ━━━━━━━━━─── 636/809 2.1it/s 7:35<1:22[K        1/3      12.6G     0.8539     0.4655     0.0905        675        640: 78% ━━━━━━━━━─── 637/809 1.9it/s 7:36<1:31[K        1/3      12.6G     0.8544     0.4654    0.09059        648        640: 78% ━━━━━━━━━─── 638/809 1.6it/s 7:37<1:49[K        1/3      12.6G     0.8542     0.4655    0.09055        345        640: 78% ━━━━━━━━━─── 639/809 1.7it/s 7:38<1:40[K        1/3      12.6G     0.8543     0.4655    0.09056        577        640: 79% ━━━━━━━━━─── 640/809 1.6it/s 7:38<1:46[K        1/3      12.6G     0.8543     0.4655    0.09056        356        640: 79% ━━━━━━━━━╸── 641/809 1.7it/s 7:39<1:38[K        1/3      12.6G      0.854     0.4655    0.09049        277        640: 79% ━━━━━━━━━╸── 642/809 1.9it/s 7:39<1:26[K        1/3      12.6G     0.8537     0.4656    0.09043        257        640: 79% ━━━━━━━━━╸── 643/809 2.1it/s 7:40<1:19[K        1/3      12.6G      0.854     0.4656    0.09046        403        640: 79% ━━━━━━━━━╸── 644/809 2.0it/s 7:40<1:21[K        1/3      12.6G     0.8537     0.4656    0.09041        351        640: 79% ━━━━━━━━━╸── 645/809 2.1it/s 7:41<1:19[K        1/3      12.6G     0.8536     0.4656    0.09039        452        640: 79% ━━━━━━━━━╸── 646/809 2.0it/s 7:41<1:21[K        1/3      12.6G     0.8536     0.4656    0.09035        453        640: 79% ━━━━━━━━━╸── 647/809 2.0it/s 7:42<1:23[K        1/3      12.6G     0.8534     0.4656    0.09031        482        640: 80% ━━━━━━━━━╸── 648/809 1.9it/s 7:42<1:24[K        1/3      12.6G      0.853     0.4657    0.09028        475        640: 80% ━━━━━━━━━╸── 649/809 1.9it/s 7:43<1:24[K        1/3      12.6G     0.8529     0.4657    0.09023        329        640: 80% ━━━━━━━━━╸── 650/809 2.0it/s 7:43<1:19[K        1/3      12.6G     0.8528     0.4658    0.09024        552        640: 80% ━━━━━━━━━╸── 651/809 2.0it/s 7:44<1:20[K        1/3      12.6G     0.8527     0.4657    0.09019        523        640: 80% ━━━━━━━━━╸── 652/809 1.9it/s 7:44<1:24[K        1/3      12.6G     0.8527     0.4658    0.09016        488        640: 80% ━━━━━━━━━╸── 653/809 1.9it/s 7:45<1:22[K        1/3      12.6G     0.8529     0.4657    0.09017        458        640: 80% ━━━━━━━━━╸── 654/809 1.9it/s 7:46<1:23[K        1/3      12.6G     0.8534     0.4656    0.09028        769        640: 80% ━━━━━━━━━╸── 655/809 1.5it/s 7:47<1:42[K        1/3      12.6G     0.8535     0.4656    0.09029        358        640: 81% ━━━━━━━━━╸── 656/809 1.6it/s 7:48<1:37[K        1/3      12.6G     0.8537     0.4655     0.0903        411        640: 81% ━━━━━━━━━╸── 657/809 1.6it/s 7:48<1:33[K        1/3      12.6G     0.8533     0.4656    0.09026        341        640: 81% ━━━━━━━━━╸── 658/809 1.8it/s 7:49<1:22[K        1/3      12.6G     0.8533     0.4656    0.09026        539        640: 81% ━━━━━━━━━╸── 659/809 1.8it/s 7:49<1:23[K        1/3      12.6G     0.8532     0.4656    0.09022        485        640: 81% ━━━━━━━━━╸── 660/809 1.9it/s 7:50<1:20[K        1/3      12.6G     0.8531     0.4656    0.09019        407        640: 81% ━━━━━━━━━╸── 661/809 1.9it/s 7:50<1:17[K        1/3      12.6G     0.8533     0.4656    0.09016        721        640: 81% ━━━━━━━━━╸── 662/809 1.8it/s 7:51<1:22[K        1/3      12.6G     0.8533     0.4656    0.09015        570        640: 81% ━━━━━━━━━╸── 663/809 1.8it/s 7:51<1:22[K        1/3      12.6G      0.853     0.4657    0.09009        363        640: 82% ━━━━━━━━━╸── 664/809 1.9it/s 7:52<1:16[K        1/3      12.6G     0.8529     0.4656    0.09006        457        640: 82% ━━━━━━━━━╸── 665/809 1.9it/s 7:52<1:15[K        1/3      12.6G     0.8534     0.4655    0.09017        686        640: 82% ━━━━━━━━━╸── 666/809 1.5it/s 7:54<1:33[K        1/3      12.6G      0.854     0.4654    0.09032        596        640: 82% ━━━━━━━━━╸── 667/809 1.2it/s 7:56<1:58[K        1/3      12.6G     0.8544     0.4653    0.09035        780        640: 82% ━━━━━━━━━╸── 668/809 1.1it/s 7:57<2:05[K        1/3      12.6G     0.8546     0.4652    0.09035        907        640: 82% ━━━━━━━━━╸── 669/809 1.0it/s 7:58<2:13[K        1/3      12.6G     0.8548     0.4651    0.09035        567        640: 82% ━━━━━━━━━╸── 670/809 1.1it/s 7:59<2:10[K        1/3      12.6G     0.8549     0.4651    0.09034        708        640: 82% ━━━━━━━━━╸── 671/809 1.2it/s 8:00<1:58[K        1/3      12.6G     0.8549     0.4652    0.09034        428        640: 83% ━━━━━━━━━╸── 672/809 1.5it/s 8:00<1:34[K        1/3      12.6G      0.855     0.4652    0.09034        690        640: 83% ━━━━━━━━━╸── 673/809 1.5it/s 8:01<1:33[K        1/3      12.6G     0.8547     0.4653    0.09031        357        640: 83% ━━━━━━━━━╸── 674/809 1.7it/s 8:02<1:19[K        1/3      12.6G     0.8547     0.4653    0.09029        419        640: 83% ━━━━━━━━━━── 675/809 1.8it/s 8:02<1:15[K        1/3      12.6G     0.8545     0.4653    0.09025        395        640: 83% ━━━━━━━━━━── 676/809 1.9it/s 8:03<1:11[K        1/3      12.6G     0.8542     0.4655    0.09022        364        640: 83% ━━━━━━━━━━── 677/809 2.0it/s 8:03<1:06[K        1/3      12.6G     0.8545     0.4654    0.09027        407        640: 83% ━━━━━━━━━━── 678/809 1.8it/s 8:04<1:11[K        1/3      12.6G     0.8545     0.4654    0.09023        554        640: 83% ━━━━━━━━━━── 679/809 1.8it/s 8:04<1:12[K        1/3      12.6G     0.8544     0.4654    0.09023        558        640: 84% ━━━━━━━━━━── 680/809 1.7it/s 8:05<1:15[K        1/3      12.6G      0.855     0.4653    0.09041        603        640: 84% ━━━━━━━━━━── 681/809 1.4it/s 8:06<1:32[K        1/3      12.6G     0.8548     0.4653    0.09038        530        640: 84% ━━━━━━━━━━── 682/809 1.5it/s 8:07<1:22[K        1/3      12.6G     0.8553     0.4652    0.09055        701        640: 84% ━━━━━━━━━━── 683/809 1.3it/s 8:08<1:36[K        1/3      12.6G     0.8553     0.4652    0.09054        411        640: 84% ━━━━━━━━━━── 684/809 1.5it/s 8:09<1:24[K        1/3      12.6G     0.8554     0.4652    0.09051        441        640: 84% ━━━━━━━━━━── 685/809 1.7it/s 8:09<1:15[K        1/3      12.6G     0.8555     0.4652    0.09056        624        640: 84% ━━━━━━━━━━── 686/809 1.5it/s 8:10<1:22[K        1/3      12.6G     0.8559     0.4651    0.09059        904        640: 84% ━━━━━━━━━━── 687/809 1.3it/s 8:11<1:35[K        1/3      12.6G     0.8561      0.465    0.09056        357        640: 85% ━━━━━━━━━━── 688/809 1.5it/s 8:12<1:23[K        1/3      12.6G     0.8562      0.465    0.09055        594        640: 85% ━━━━━━━━━━── 689/809 1.5it/s 8:13<1:20[K        1/3      12.6G     0.8558     0.4651    0.09051        442        640: 85% ━━━━━━━━━━── 690/809 1.7it/s 8:13<1:10[K        1/3      12.6G     0.8559     0.4651    0.09049        470        640: 85% ━━━━━━━━━━── 691/809 1.8it/s 8:14<1:07[K        1/3      12.6G     0.8556     0.4651    0.09044        461        640: 85% ━━━━━━━━━━── 692/809 1.8it/s 8:14<1:03[K        1/3      12.6G     0.8559      0.465    0.09045        606        640: 85% ━━━━━━━━━━── 693/809 1.7it/s 8:15<1:07[K        1/3      12.6G     0.8562     0.4649    0.09048        793        640: 85% ━━━━━━━━━━── 694/809 1.5it/s 8:16<1:15[K        1/3      12.6G     0.8561      0.465    0.09046        511        640: 85% ━━━━━━━━━━── 695/809 1.6it/s 8:16<1:09[K        1/3      12.6G     0.8559     0.4651    0.09042        287        640: 86% ━━━━━━━━━━── 696/809 1.9it/s 8:17<1:00[K        1/3      12.6G     0.8557     0.4652    0.09042        229        640: 86% ━━━━━━━━━━── 697/809 1.9it/s 8:17<57.5s[K        1/3      12.6G     0.8558     0.4651    0.09042        581        640: 86% ━━━━━━━━━━── 698/809 1.8it/s 8:18<1:03[K        1/3      12.6G     0.8556     0.4652     0.0904        378        640: 86% ━━━━━━━━━━── 699/809 1.9it/s 8:18<58.4s[K        1/3      12.6G     0.8557     0.4652    0.09038        498        640: 86% ━━━━━━━━━━── 700/809 1.9it/s 8:19<57.6s[K        1/3      12.6G     0.8559     0.4651    0.09042        608        640: 86% ━━━━━━━━━━── 701/809 1.6it/s 8:20<1:06[K        1/3      12.6G     0.8558     0.4652    0.09039        232        640: 86% ━━━━━━━━━━── 702/809 1.9it/s 8:20<56.9s[K        1/3      12.6G      0.856     0.4652    0.09041        545        640: 86% ━━━━━━━━━━── 703/809 1.8it/s 8:21<58.5s[K        1/3      12.6G     0.8558     0.4652    0.09038        377        640: 87% ━━━━━━━━━━── 704/809 2.0it/s 8:21<53.5s[K        1/3      12.6G      0.856     0.4653    0.09038        665        640: 87% ━━━━━━━━━━── 705/809 1.8it/s 8:22<59.2s[K        1/3      12.6G     0.8561     0.4653    0.09042        475        640: 87% ━━━━━━━━━━── 706/809 1.7it/s 8:23<1:00[K        1/3      12.6G     0.8559     0.4653    0.09039        533        640: 87% ━━━━━━━━━━── 707/809 1.7it/s 8:23<1:01[K        1/3      12.6G     0.8558     0.4653    0.09036        486        640: 87% ━━━━━━━━━━╸─ 708/809 1.8it/s 8:24<57.5s[K        1/3      12.6G     0.8562     0.4652    0.09041        787        640: 87% ━━━━━━━━━━╸─ 709/809 1.5it/s 8:25<1:08[K        1/3      12.6G     0.8563     0.4651    0.09042        439        640: 87% ━━━━━━━━━━╸─ 710/809 1.5it/s 8:26<1:06[K        1/3      12.6G     0.8562     0.4652    0.09042        340        640: 87% ━━━━━━━━━━╸─ 711/809 1.7it/s 8:26<57.7s[K        1/3      12.6G     0.8559     0.4652    0.09037        308        640: 88% ━━━━━━━━━━╸─ 712/809 1.9it/s 8:27<51.7s[K        1/3      12.6G     0.8559     0.4652    0.09037        646        640: 88% ━━━━━━━━━━╸─ 713/809 1.8it/s 8:27<54.7s[K        1/3      12.6G     0.8558     0.4652    0.09033        331        640: 88% ━━━━━━━━━━╸─ 714/809 1.9it/s 8:28<49.2s[K        1/3      12.6G      0.856     0.4652    0.09041        478        640: 88% ━━━━━━━━━━╸─ 715/809 1.8it/s 8:28<53.5s[K        1/3      12.6G      0.856     0.4651    0.09038        483        640: 88% ━━━━━━━━━━╸─ 716/809 1.7it/s 8:29<54.7s[K        1/3      12.6G      0.856     0.4651    0.09041        482        640: 88% ━━━━━━━━━━╸─ 717/809 1.5it/s 8:30<59.7s[K        1/3      12.6G     0.8559     0.4651    0.09038        380        640: 88% ━━━━━━━━━━╸─ 718/809 1.7it/s 8:30<52.9s[K        1/3      12.6G     0.8557     0.4652    0.09034        415        640: 88% ━━━━━━━━━━╸─ 719/809 1.8it/s 8:31<48.9s[K        1/3      12.6G     0.8557     0.4653    0.09038        621        640: 88% ━━━━━━━━━━╸─ 720/809 1.8it/s 8:31<49.5s[K        1/3      12.6G     0.8555     0.4653    0.09036        511        640: 89% ━━━━━━━━━━╸─ 721/809 1.8it/s 8:32<49.2s[K        1/3      12.6G     0.8557     0.4652    0.09037        587        640: 89% ━━━━━━━━━━╸─ 722/809 1.6it/s 8:33<54.1s[K        1/3      12.6G     0.8554     0.4653    0.09033        289        640: 89% ━━━━━━━━━━╸─ 723/809 1.8it/s 8:33<47.5s[K        1/3      12.6G     0.8559     0.4652    0.09036        600        640: 89% ━━━━━━━━━━╸─ 724/809 1.7it/s 8:34<51.3s[K        1/3      12.6G     0.8558     0.4652    0.09034        367        640: 89% ━━━━━━━━━━╸─ 725/809 1.7it/s 8:35<48.8s[K        1/3      12.6G     0.8555     0.4653    0.09029        550        640: 89% ━━━━━━━━━━╸─ 726/809 1.8it/s 8:35<46.9s[K        1/3      12.6G     0.8557     0.4652    0.09027        701        640: 89% ━━━━━━━━━━╸─ 727/809 1.6it/s 8:36<50.0s[K        1/3      12.6G     0.8558     0.4652    0.09024        503        640: 89% ━━━━━━━━━━╸─ 728/809 1.7it/s 8:36<47.3s[K        1/3      12.6G     0.8555     0.4652    0.09021        478        640: 90% ━━━━━━━━━━╸─ 729/809 1.7it/s 8:37<46.7s[K        1/3      12.6G     0.8557     0.4652     0.0902        518        640: 90% ━━━━━━━━━━╸─ 730/809 1.7it/s 8:38<47.1s[K        1/3      12.6G     0.8555     0.4653    0.09018        338        640: 90% ━━━━━━━━━━╸─ 731/809 1.8it/s 8:38<44.0s[K        1/3      12.6G     0.8557     0.4652    0.09023        407        640: 90% ━━━━━━━━━━╸─ 732/809 1.7it/s 8:39<44.0s[K        1/3      12.6G     0.8553     0.4652    0.09018        526        640: 90% ━━━━━━━━━━╸─ 733/809 1.8it/s 8:39<41.9s[K        1/3      12.6G     0.8552     0.4653    0.09016        374        640: 90% ━━━━━━━━━━╸─ 734/809 1.9it/s 8:40<39.2s[K        1/3      12.6G     0.8552     0.4653    0.09015        438        640: 90% ━━━━━━━━━━╸─ 735/809 1.9it/s 8:40<39.0s[K        1/3      12.6G     0.8554     0.4652    0.09016        604        640: 90% ━━━━━━━━━━╸─ 736/809 1.7it/s 8:41<42.9s[K        1/3      12.6G     0.8553     0.4653    0.09013        540        640: 91% ━━━━━━━━━━╸─ 737/809 1.7it/s 8:42<42.0s[K        1/3      12.6G     0.8554     0.4653    0.09017        608        640: 91% ━━━━━━━━━━╸─ 738/809 1.7it/s 8:42<42.0s[K        1/3      12.6G     0.8552     0.4654    0.09015        485        640: 91% ━━━━━━━━━━╸─ 739/809 1.7it/s 8:43<40.2s[K        1/3      12.6G     0.8551     0.4654    0.09012        370        640: 91% ━━━━━━━━━━╸─ 740/809 1.9it/s 8:43<37.0s[K        1/3      12.6G      0.855     0.4654     0.0901        393        640: 91% ━━━━━━━━━━╸─ 741/809 1.9it/s 8:44<35.4s[K        1/3      12.6G     0.8549     0.4654    0.09009        507        640: 91% ━━━━━━━━━━━─ 742/809 1.9it/s 8:44<34.7s[K        1/3      12.6G     0.8547     0.4655    0.09004        368        640: 91% ━━━━━━━━━━━─ 743/809 2.0it/s 8:45<32.4s[K        1/3      12.6G     0.8549     0.4655    0.09004        663        640: 91% ━━━━━━━━━━━─ 744/809 1.9it/s 8:45<34.4s[K        1/3      12.6G     0.8548     0.4655    0.09002        468        640: 92% ━━━━━━━━━━━─ 745/809 1.9it/s 8:46<34.5s[K        1/3      12.6G     0.8546     0.4656       0.09        374        640: 92% ━━━━━━━━━━━─ 746/809 1.9it/s 8:46<33.1s[K        1/3      12.6G     0.8545     0.4656    0.08997        477        640: 92% ━━━━━━━━━━━─ 747/809 1.9it/s 8:47<32.7s[K        1/3      12.6G     0.8546     0.4656    0.08997        522        640: 92% ━━━━━━━━━━━─ 748/809 1.8it/s 8:47<33.0s[K        1/3      12.6G     0.8545     0.4657    0.08994        465        640: 92% ━━━━━━━━━━━─ 749/809 1.9it/s 8:48<32.2s[K        1/3      12.6G     0.8544     0.4657    0.08994        498        640: 92% ━━━━━━━━━━━─ 750/809 1.8it/s 8:49<32.3s[K        1/3      12.6G     0.8545     0.4656    0.08991        518        640: 92% ━━━━━━━━━━━─ 751/809 1.8it/s 8:49<33.0s[K        1/3      12.6G     0.8544     0.4656    0.08989        267        640: 92% ━━━━━━━━━━━─ 752/809 1.9it/s 8:50<30.6s[K        1/3      12.6G     0.8542     0.4656    0.08986        475        640: 93% ━━━━━━━━━━━─ 753/809 1.8it/s 8:50<30.8s[K        1/3      12.6G     0.8544     0.4656    0.08987        608        640: 93% ━━━━━━━━━━━─ 754/809 1.7it/s 8:51<31.7s[K        1/3      12.6G     0.8543     0.4657    0.08987        408        640: 93% ━━━━━━━━━━━─ 755/809 1.8it/s 8:51<29.4s[K        1/3      12.6G     0.8544     0.4657    0.08987        620        640: 93% ━━━━━━━━━━━─ 756/809 1.8it/s 8:52<29.8s[K        1/3      12.6G     0.8542     0.4657    0.08986        426        640: 93% ━━━━━━━━━━━─ 757/809 1.8it/s 8:53<28.2s[K        1/3      12.6G      0.854     0.4657    0.08985        433        640: 93% ━━━━━━━━━━━─ 758/809 1.9it/s 8:53<26.4s[K        1/3      12.6G     0.8539     0.4657    0.08983        609        640: 93% ━━━━━━━━━━━─ 759/809 1.9it/s 8:54<26.5s[K        1/3      12.6G     0.8538     0.4658    0.08979        244        640: 93% ━━━━━━━━━━━─ 760/809 2.0it/s 8:54<23.9s[K        1/3      12.6G     0.8543     0.4657    0.08982        921        640: 94% ━━━━━━━━━━━─ 761/809 1.7it/s 8:55<27.9s[K        1/3      12.6G      0.854     0.4658    0.08978        483        640: 94% ━━━━━━━━━━━─ 762/809 1.8it/s 8:56<26.7s[K        1/3      12.6G     0.8541     0.4658    0.08979        346        640: 94% ━━━━━━━━━━━─ 763/809 1.9it/s 8:56<24.1s[K        1/3      12.6G     0.8542     0.4658    0.08978        633        640: 94% ━━━━━━━━━━━─ 764/809 1.8it/s 8:57<24.4s[K        1/3      12.6G     0.8542     0.4658    0.08978        518        640: 94% ━━━━━━━━━━━─ 765/809 1.6it/s 8:58<28.0s[K        1/3      12.6G     0.8542     0.4658    0.08976        620        640: 94% ━━━━━━━━━━━─ 766/809 1.6it/s 8:58<26.8s[K        1/3      12.6G     0.8549     0.4657    0.08994        541        640: 94% ━━━━━━━━━━━─ 767/809 1.3it/s 9:00<32.9s[K        1/3      12.6G      0.855     0.4657    0.08992        480        640: 94% ━━━━━━━━━━━─ 768/809 1.5it/s 9:01<28.2s[K        1/3      12.6G     0.8552     0.4657    0.08997        709        640: 95% ━━━━━━━━━━━─ 769/809 1.3it/s 9:02<30.3s[K        1/3      12.6G     0.8547     0.4657    0.08994        322        640: 95% ━━━━━━━━━━━─ 770/809 1.6it/s 9:02<23.8s[K        1/3      12.6G     0.8549     0.4657    0.08994        509        640: 95% ━━━━━━━━━━━─ 771/809 1.6it/s 9:03<23.2s[K        1/3      12.6G     0.8547     0.4658    0.08991        379        640: 95% ━━━━━━━━━━━─ 772/809 1.8it/s 9:03<21.0s[K        1/3      12.6G     0.8545     0.4658    0.08988        467        640: 95% ━━━━━━━━━━━─ 773/809 1.8it/s 9:04<19.8s[K        1/3      12.6G     0.8544     0.4658    0.08985        449        640: 95% ━━━━━━━━━━━─ 774/809 1.9it/s 9:04<18.7s[K        1/3      12.6G     0.8541     0.4658     0.0898        483        640: 95% ━━━━━━━━━━━─ 775/809 1.9it/s 9:05<17.7s[K        1/3      12.6G     0.8542     0.4657    0.08978        508        640: 95% ━━━━━━━━━━━╸ 776/809 1.9it/s 9:05<17.5s[K        1/3      12.6G      0.854     0.4658    0.08977        342        640: 96% ━━━━━━━━━━━╸ 777/809 2.0it/s 9:06<16.3s[K        1/3      12.6G     0.8539     0.4657    0.08976        605        640: 96% ━━━━━━━━━━━╸ 778/809 1.8it/s 9:06<17.0s[K        1/3      12.6G     0.8537     0.4658    0.08972        359        640: 96% ━━━━━━━━━━━╸ 779/809 2.0it/s 9:07<15.2s[K        1/3      12.6G     0.8537     0.4658    0.08971        473        640: 96% ━━━━━━━━━━━╸ 780/809 1.9it/s 9:07<15.1s[K        1/3      12.6G     0.8535     0.4658    0.08969        461        640: 96% ━━━━━━━━━━━╸ 781/809 1.9it/s 9:08<14.4s[K        1/3      12.6G     0.8536     0.4658    0.08969        520        640: 96% ━━━━━━━━━━━╸ 782/809 1.9it/s 9:08<14.2s[K        1/3      12.6G     0.8537     0.4658    0.08974        627        640: 96% ━━━━━━━━━━━╸ 783/809 1.7it/s 9:09<15.5s[K        1/3      12.6G     0.8536     0.4658     0.0897        419        640: 96% ━━━━━━━━━━━╸ 784/809 1.8it/s 9:10<13.9s[K        1/3      12.6G     0.8537     0.4657     0.0897        618        640: 97% ━━━━━━━━━━━╸ 785/809 1.7it/s 9:10<14.0s[K        1/3      12.6G     0.8539     0.4657     0.0897        551        640: 97% ━━━━━━━━━━━╸ 786/809 1.5it/s 9:12<15.8s[K        1/3      12.6G     0.8536     0.4657    0.08966        416        640: 97% ━━━━━━━━━━━╸ 787/809 1.7it/s 9:12<13.2s[K        1/3      12.6G     0.8535     0.4657    0.08963        497        640: 97% ━━━━━━━━━━━╸ 788/809 1.7it/s 9:13<12.3s[K        1/3      12.6G     0.8536     0.4657    0.08961        701        640: 97% ━━━━━━━━━━━╸ 789/809 1.7it/s 9:13<12.1s[K        1/3      12.6G     0.8536     0.4657     0.0896        349        640: 97% ━━━━━━━━━━━╸ 790/809 1.8it/s 9:14<10.3s[K        1/3      12.6G     0.8537     0.4656    0.08962        689        640: 97% ━━━━━━━━━━━╸ 791/809 1.6it/s 9:15<11.3s[K        1/3      12.6G     0.8536     0.4656    0.08959        389        640: 97% ━━━━━━━━━━━╸ 792/809 1.7it/s 9:15<9.9s[K        1/3      12.6G     0.8536     0.4656    0.08957        580        640: 98% ━━━━━━━━━━━╸ 793/809 1.6it/s 9:16<10.1s[K        1/3      12.6G     0.8534     0.4657    0.08956        366        640: 98% ━━━━━━━━━━━╸ 794/809 1.8it/s 9:16<8.5s[K        1/3      12.6G     0.8536     0.4656    0.08955        470        640: 98% ━━━━━━━━━━━╸ 795/809 1.8it/s 9:17<7.8s[K        1/3      12.6G     0.8535     0.4656    0.08954        536        640: 98% ━━━━━━━━━━━╸ 796/809 1.7it/s 9:18<7.5s[K        1/3      12.6G     0.8535     0.4656    0.08951        647        640: 98% ━━━━━━━━━━━╸ 797/809 1.7it/s 9:18<7.1s[K        1/3      12.6G     0.8536     0.4656     0.0895        536        640: 98% ━━━━━━━━━━━╸ 798/809 1.7it/s 9:19<6.5s[K        1/3      12.6G     0.8539     0.4655    0.08954        773        640: 98% ━━━━━━━━━━━╸ 799/809 1.4it/s 9:20<7.0s[K        1/3      12.6G     0.8539     0.4655     0.0895        564        640: 98% ━━━━━━━━━━━╸ 800/809 1.4it/s 9:21<6.4s[K        1/3      12.6G     0.8539     0.4654     0.0895        719        640: 99% ━━━━━━━━━━━╸ 801/809 1.4it/s 9:22<5.7s[K        1/3      12.6G     0.8537     0.4654    0.08949        499        640: 99% ━━━━━━━━━━━╸ 802/809 1.6it/s 9:22<4.5s[K        1/3      12.6G     0.8536     0.4655    0.08946        300        640: 99% ━━━━━━━━━━━╸ 803/809 1.8it/s 9:22<3.3s[K        1/3      12.6G     0.8534     0.4657    0.08944        238        640: 99% ━━━━━━━━━━━╸ 804/809 2.1it/s 9:23<2.4s[K        1/3      12.6G     0.8532     0.4657     0.0894        369        640: 99% ━━━━━━━━━━━╸ 805/809 2.1it/s 9:23<1.9s[K        1/3      12.6G     0.8533     0.4657    0.08942        626        640: 99% ━━━━━━━━━━━╸ 806/809 1.9it/s 9:24<1.6s[K        1/3      12.6G     0.8534     0.4657    0.08941        677        640: 99% ━━━━━━━━━━━╸ 807/809 1.7it/s 9:25<1.1s[K        1/3      12.6G     0.8536     0.4657    0.08941        812        640: 99% ━━━━━━━━━━━╸ 808/809 1.4it/s 9:27<0.7s[K        1/3      12.6G     0.8536     0.4657    0.08941        812        640: 100% ━━━━━━━━━━━━ 809/809 1.4it/s 9:27
[K                 Class     Images  Instances      Box(P          R      mAP50  mAP50-95): 2% ──────────── 1/35 1.3s/it 0.4s<45.5s[K                 Class     Images  Instances      Box(P          R      mAP50  mAP50-95): 5% ╸─────────── 2/35 2.3it/s 0.6s<14.6s[K                 Class     Images  Instances      Box(P          R      mAP50  mAP50-95): 8% ━─────────── 3/35 2.8it/s 0.8s<11.5s[K                 Class     Images  Instances      Box(P          R      mAP50  mAP50-95): 11% ━─────────── 4/35 3.0it/s 1.1s<10.2s[K                 Class     Images  Instances      Box(P          R      mAP50  mAP50-95): 14% ━╸────────── 5/35 3.1it/s 1.4s<9.6s[K                 Class     Images  Instances      Box(P          R      mAP50  mAP50-95): 17% ━━────────── 6/35 3.2it/s 1.7s<9.1s[K                 Class     Images  Instances      Box(P          R      mAP50  mAP50-95): 20% ━━────────── 7/35 3.3it/s 2.0s<8.5s[K                 Class     Images  Instances      Box(P          R      mAP50  mAP50-95): 22% ━━╸───────── 8/35 3.1it/s 2.4s<8.8s[K                 Class     Images  Instances      Box(P          R      mAP50  mAP50-95): 25% ━━━───────── 9/35 3.3it/s 2.6s<7.9s[K                 Class     Images  Instances      Box(P          R      mAP50  mAP50-95): 28% ━━━───────── 10/35 3.7it/s 2.9s<6.8s[K                 Class     Images  Instances      Box(P          R      mAP50  mAP50-95): 31% ━━━╸──────── 11/35 3.4it/s 3.2s<7.0s[K                 Class     Images  Instances      Box(P          R      mAP50  mAP50-95): 34% ━━━━──────── 12/35 3.3it/s 3.5s<6.9s[K                 Class     Images  Instances      Box(P          R      mAP50  mAP50-95): 37% ━━━━──────── 13/35 3.4it/s 3.8s<6.4s[K                 Class     Images  Instances      Box(P          R      mAP50  mAP50-95): 40% ━━━━╸─────── 14/35 3.3it/s 4.1s<6.3s[K                 Class     Images  Instances      Box(P          R      mAP50  mAP50-95): 42% ━━━━━─────── 15/35 3.6it/s 4.4s<5.5s[K                 Class     Images  Instances      Box(P          R      mAP50  mAP50-95): 45% ━━━━━─────── 16/35 3.6it/s 4.7s<5.3s[K                 Class     Images  Instances      Box(P          R      mAP50  mAP50-95): 48% ━━━━━╸────── 17/35 3.3it/s 5.0s<5.5s[K                 Class     Images  Instances      Box(P          R      mAP50  mAP50-95): 51% ━━━━━━────── 18/35 3.4it/s 5.3s<4.9s[K                 Class     Images  Instances      Box(P          R      mAP50  mAP50-95): 54% ━━━━━━╸───── 19/35 3.6it/s 5.6s<4.4s[K                 Class     Images  Instances      Box(P          R      mAP50  mAP50-95): 57% ━━━━━━╸───── 20/35 3.8it/s 5.8s<4.0s[K                 Class     Images  Instances      Box(P          R      mAP50  mAP50-95): 60% ━━━━━━━───── 21/35 3.7it/s 6.1s<3.8s[K                 Class     Images  Instances      Box(P          R      mAP50  mAP50-95): 62% ━━━━━━━╸──── 22/35 3.2it/s 6.6s<4.1s[K                 Class     Images  Instances      Box(P          R      mAP50  mAP50-95): 65% ━━━━━━━╸──── 23/35 2.5it/s 7.6s<4.8s[K                 Class     Images  Instances      Box(P          R      mAP50  mAP50-95): 68% ━━━━━━━━──── 24/35 1.9it/s 9.5s<5.7s[K                 Class     Images  Instances      Box(P          R      mAP50  mAP50-95): 71% ━━━━━━━━╸─── 25/35 2.2it/s 9.9s<4.5s[K                 Class     Images  Instances      Box(P          R      mAP50  mAP50-95): 74% ━━━━━━━━╸─── 26/35 2.9it/s 10.1s<3.1s[K                 Class     Images  Instances      Box(P          R      mAP50  mAP50-95): 77% ━━━━━━━━━─── 27/35 2.8it/s 10.5s<2.9s[K                 Class     Images  Instances      Box(P          R      mAP50  mAP50-95): 80% ━━━━━━━━━╸── 28/35 2.9it/s 10.8s<2.4s[K                 Class     Images  Instances      Box(P          R      mAP50  mAP50-95): 82% ━━━━━━━━━╸── 29/35 3.1it/s 11.1s<1.9s[K                 Class     Images  Instances      Box(P          R      mAP50  mAP50-95): 85% ━━━━━━━━━━── 30/35 3.3it/s 11.3s<1.5s[K                 Class     Images  Instances      Box(P          R      mAP50  mAP50-95): 88% ━━━━━━━━━━╸─ 31/35 3.2it/s 11.7s<1.2s[K                 Class     Images  Instances      Box(P          R      mAP50  mAP50-95): 91% ━━━━━━━━━━╸─ 32/35 3.2it/s 12.0s<0.9s[K                 Class     Images  Instances      Box(P          R      mAP50  mAP50-95): 94% ━━━━━━━━━━━─ 33/35 3.5it/s 12.2s<0.6s[K                 Class     Images  Instances      Box(P          R      mAP50  mAP50-95): 97% ━━━━━━━━━━━╸ 34/35 3.8it/s 12.4s<0.3s[K                 Class     Images  Instances      Box(P          R      mAP50  mAP50-95): 100% ━━━━━━━━━━━━ 35/35 2.8it/s 12.7s
                   all        548      38759      0.512      0.436      0.415      0.242

      Epoch    GPU_mem  giou_loss   cls_loss    l1_loss  Instances       Size
/root/data/uav/venv/lib/python3.10/site-packages/torch/autograd/graph.py:825: UserWarning: grid_sampler_2d_backward_cuda does not have a deterministic implementation, but you set 'torch.use_deterministic_algorithms(True, warn_only=True)'. You can file an issue at https://github.com/pytorch/pytorch/issues to help us prioritize adding deterministic support for this operation. (Triggered internally at ../aten/src/ATen/Context.cpp:91.)
  return Variable._execution_engine.run_backward(  # Calls into the C++ engine to run the backward pass
[K        2/3      3.94G      1.036     0.4028     0.1626        818        640: 0% ──────────── 0/809  2.2s[K        2/3      3.94G       1.03      0.399     0.1236        688        640: 0% ──────────── 1/809 6.2s/it 4.1s<1:23:29[K        2/3      3.94G      1.014     0.4172     0.1122        549        640: 0% ──────────── 2/809 1.6s/it 4.6s<21:28[K        2/3      3.94G     0.9592     0.4256     0.1016        509        640: 0% ──────────── 3/809 1.0s/it 5.2s<13:32[K        2/3      3.94G     0.9301     0.4327    0.09527        731        640: 0% ──────────── 4/809 1.2it/s 5.8s<11:24[K        2/3      3.94G     0.8709     0.4491    0.08894        284        640: 0% ──────────── 5/809 1.5it/s 6.3s<8:57[K        2/3      3.94G     0.8831     0.4497    0.09035        487        640: 0% ──────────── 6/809 1.5it/s 6.9s<8:39[K        2/3      3.94G     0.8985     0.4481    0.09037        774        640: 0% ──────────── 7/809 1.5it/s 7.7s<9:11[K        2/3      3.94G     0.8844     0.4492    0.08817        624        640: 0% ──────────── 8/809 1.5it/s 8.3s<8:58[K        2/3      3.94G     0.8819     0.4534    0.08698        473        640: 1% ──────────── 9/809 1.6it/s 8.8s<8:15[K        2/3      3.94G     0.8698     0.4555    0.08481        563        640: 1% ──────────── 10/809 1.7it/s 9.4s<7:53[K        2/3      3.94G     0.8774     0.4559    0.08488        631        640: 1% ──────────── 11/809 1.6it/s 10.1s<8:19[K        2/3      3.94G     0.8717     0.4589     0.0844        346        640: 1% ──────────── 12/809 1.8it/s 10.5s<7:26[K        2/3      3.94G     0.8705     0.4578    0.08368        503        640: 1% ──────────── 13/809 1.8it/s 11.1s<7:28[K        2/3      3.94G      0.887     0.4543     0.0918        664        640: 1% ──────────── 14/809 1.4it/s 13.7s<9:44[K        2/3      3.94G     0.8827     0.4539    0.09132        504        640: 1% ──────────── 15/809 1.4it/s 14.3s<9:10[K        2/3      3.94G       0.87     0.4565    0.08894        412        640: 1% ──────────── 16/809 1.6it/s 14.8s<8:24[K        2/3      3.94G     0.8606     0.4576    0.08712        381        640: 2% ──────────── 17/809 1.7it/s 15.3s<7:34[K        2/3      3.94G     0.8551     0.4605    0.08606        456        640: 2% ──────────── 18/809 1.8it/s 15.8s<7:08[K        2/3      3.94G     0.8531      0.462    0.08577        435        640: 2% ──────────── 19/809 1.9it/s 16.2s<6:56[K        2/3      3.94G     0.8572     0.4602    0.08546        618        640: 2% ──────────── 20/809 1.8it/s 16.9s<7:12[K        2/3      3.94G     0.8524     0.4599    0.08513        447        640: 2% ──────────── 21/809 1.9it/s 17.4s<7:03[K        2/3      3.94G     0.8373     0.4613    0.08359        331        640: 2% ──────────── 22/809 2.0it/s 17.8s<6:34[K        2/3      3.94G     0.8356     0.4622    0.08345        324        640: 2% ──────────── 23/809 2.1it/s 18.2s<6:13[K        2/3      3.94G     0.8265     0.4671     0.0833        161        640: 2% ──────────── 24/809 2.2it/s 18.6s<5:56[K        2/3      3.94G      0.824      0.467    0.08277        621        640: 3% ──────────── 25/809 2.0it/s 19.3s<6:28[K        2/3      3.94G     0.8251     0.4664    0.08208        364        640: 3% ──────────── 26/809 2.1it/s 19.7s<6:20[K        2/3      3.94G      0.823     0.4668    0.08201        538        640: 3% ──────────── 27/809 2.0it/s 20.3s<6:30[K        2/3      3.94G     0.8218     0.4672    0.08184        491        640: 3% ──────────── 28/809 2.0it/s 20.8s<6:33[K        2/3      3.94G     0.8292     0.4663    0.08503        834        640: 3% ──────────── 29/809 1.6it/s 22.3s<8:13[K        2/3      3.94G     0.8197     0.4669    0.08451        324        640: 3% ──────────── 30/809 1.8it/s 22.8s<7:17[K        2/3      3.94G     0.8198     0.4665    0.08393        626        640: 3% ──────────── 31/809 1.7it/s 23.4s<7:28[K        2/3      3.94G     0.8191     0.4652    0.08327        528        640: 3% ──────────── 32/809 1.7it/s 24.0s<7:32[K        2/3      3.94G      0.815     0.4653     0.0827        584        640: 4% ──────────── 33/809 1.7it/s 24.6s<7:34[K        2/3      3.94G     0.8129      0.466    0.08241        388        640: 4% ╸─────────── 34/809 1.8it/s 25.1s<7:02[K        2/3      3.94G     0.8125     0.4666    0.08253        404        640: 4% ╸─────────── 35/809 1.9it/s 25.6s<6:52[K        2/3      3.94G     0.8109     0.4672    0.08179        411        640: 4% ╸─────────── 36/809 1.9it/s 26.0s<6:37[K        2/3      3.94G     0.8129     0.4656    0.08199        572        640: 4% ╸─────────── 37/809 1.7it/s 26.8s<7:25[K        2/3      3.94G     0.8199     0.4643    0.08238        781        640: 4% ╸─────────── 38/809 1.5it/s 27.8s<8:23[K        2/3      3.94G     0.8216     0.4645    0.08229        663        640: 4% ╸─────────── 39/809 1.4it/s 28.6s<8:51[K        2/3      3.94G     0.8214     0.4644    0.08219        436        640: 4% ╸─────────── 40/809 1.5it/s 29.2s<8:21[K        2/3      3.94G     0.8162     0.4646    0.08157        503        640: 5% ╸─────────── 41/809 1.7it/s 29.7s<7:45[K        2/3      4.46G     0.8188     0.4642    0.08321        652        640: 5% ╸─────────── 42/809 1.5it/s 30.7s<8:44[K        2/3      4.46G     0.8131     0.4656    0.08279        176        640: 5% ╸─────────── 43/809 1.9it/s 31.0s<6:52[K        2/3      4.46G     0.8171     0.4649      0.083        688        640: 5% ╸─────────── 44/809 1.7it/s 31.7s<7:23[K        2/3      4.46G     0.8181     0.4647    0.08256        648        640: 5% ╸─────────── 45/809 1.7it/s 32.4s<7:37[K        2/3      4.46G     0.8168     0.4649    0.08214        462        640: 5% ╸─────────── 46/809 1.7it/s 32.9s<7:17[K        2/3      4.46G      0.824     0.4634    0.08448        732        640: 5% ╸─────────── 47/809 1.4it/s 35.1s<9:22[K        2/3      4.46G     0.8193     0.4644    0.08416        470        640: 5% ╸─────────── 48/809 1.5it/s 35.6s<8:20[K        2/3      4.46G     0.8163     0.4649    0.08379        403        640: 6% ╸─────────── 49/809 1.7it/s 36.1s<7:33[K        2/3      4.46G     0.8178      0.465     0.0836        429        640: 6% ╸─────────── 50/809 1.8it/s 36.6s<7:02[K        2/3      4.46G     0.8188     0.4644    0.08363        517        640: 6% ╸─────────── 51/809 1.8it/s 37.2s<6:57[K        2/3      4.46G     0.8157     0.4652    0.08305        343        640: 6% ╸─────────── 52/809 2.0it/s 37.6s<6:22[K        2/3      4.46G     0.8161     0.4653    0.08266        509        640: 6% ╸─────────── 53/809 2.0it/s 38.1s<6:27[K        2/3      4.46G     0.8186     0.4647    0.08279        646        640: 6% ╸─────────── 54/809 1.8it/s 38.9s<7:07[K        2/3      4.46G     0.8211     0.4647    0.08289        531        640: 6% ╸─────────── 55/809 1.8it/s 39.4s<7:03[K        2/3      4.46G      0.818     0.4652    0.08247        456        640: 6% ╸─────────── 56/809 1.8it/s 40.0s<6:58[K        2/3      4.46G     0.8184     0.4652     0.0824        653        640: 7% ╸─────────── 57/809 1.7it/s 40.6s<7:11[K        2/3      4.46G     0.8206     0.4646    0.08305        821        640: 7% ╸─────────── 58/809 1.5it/s 41.6s<8:17[K        2/3      4.46G     0.8209     0.4653    0.08279        323        640: 7% ╸─────────── 59/809 1.7it/s 42.1s<7:17[K        2/3      4.46G     0.8194     0.4657    0.08243        746        640: 7% ╸─────────── 60/809 1.6it/s 42.7s<7:37[K        2/3      4.46G     0.8204     0.4654    0.08215        394        640: 7% ╸─────────── 61/809 1.7it/s 43.2s<7:09[K        2/3         5G     0.8283     0.4634    0.08352        986        640: 7% ╸─────────── 62/809 1.3it/s 45.8s<9:18[K        2/3         5G     0.8289     0.4638    0.08359        427        640: 7% ╸─────────── 63/809 1.5it/s 46.4s<8:26[K        2/3         5G     0.8284     0.4644    0.08369        470        640: 7% ╸─────────── 64/809 1.6it/s 46.9s<7:58[K        2/3         5G     0.8281      0.465    0.08352        522        640: 8% ╸─────────── 65/809 1.6it/s 47.5s<7:45[K        2/3         5G     0.8272      0.465    0.08328        515        640: 8% ╸─────────── 66/809 1.7it/s 48.0s<7:19[K        2/3         5G     0.8257     0.4655    0.08303        360        640: 8% ╸─────────── 67/809 1.9it/s 48.5s<6:41[K        2/3         5G     0.8318     0.4642     0.0842        815        640: 8% ━─────────── 68/809 1.5it/s 50.1s<8:19[K        2/3         5G     0.8317     0.4647    0.08422        288        640: 8% ━─────────── 69/809 1.7it/s 50.5s<7:22[K        2/3         5G     0.8313     0.4646    0.08426        449        640: 8% ━─────────── 70/809 1.7it/s 51.1s<7:09[K        2/3         5G     0.8333     0.4646    0.08442        577        640: 8% ━─────────── 71/809 1.7it/s 51.7s<7:07[K        2/3         5G      0.831     0.4654    0.08419        374        640: 8% ━─────────── 72/809 1.8it/s 52.2s<6:44[K        2/3         5G     0.8327     0.4648    0.08456        887        640: 9% ━─────────── 73/809 1.5it/s 53.5s<8:09[K        2/3         5G     0.8315     0.4653     0.0844        393        640: 9% ━─────────── 74/809 1.7it/s 53.9s<7:10[K        2/3         5G     0.8333     0.4648    0.08424        566        640: 9% ━─────────── 75/809 1.6it/s 54.7s<7:49[K        2/3         5G     0.8349     0.4648    0.08417        660        640: 9% ━─────────── 76/809 1.6it/s 55.4s<7:45[K        2/3         5G     0.8376     0.4644    0.08455        788        640: 9% ━─────────── 77/809 1.4it/s 56.2s<8:26[K        2/3         5G     0.8387     0.4642    0.08448        586        640: 9% ━─────────── 78/809 1.4it/s 56.9s<8:25[K        2/3         5G     0.8383     0.4645    0.08434        522        640: 9% ━─────────── 79/809 1.5it/s 57.5s<7:58[K        2/3         5G     0.8383     0.4642    0.08426        500        640: 9% ━─────────── 80/809 1.5it/s 58.2s<8:09[K        2/3         5G     0.8354     0.4647     0.0839        424        640: 10% ━─────────── 81/809 1.7it/s 58.7s<7:19[K        2/3         5G     0.8343      0.465    0.08373        436        640: 10% ━─────────── 82/809 1.8it/s 59.2s<6:55[K        2/3         5G     0.8324     0.4655    0.08352        347        640: 10% ━─────────── 83/809 1.9it/s 59.6s<6:16[K        2/3         5G      0.832     0.4656    0.08337        396        640: 10% ━─────────── 84/809 2.0it/s 1:00<6:10[K        2/3         5G      0.834      0.465    0.08328        535        640: 10% ━─────────── 85/809 1.8it/s 1:01<6:52[K        2/3         5G     0.8331     0.4654    0.08309        420        640: 10% ━─────────── 86/809 1.8it/s 1:01<6:36[K        2/3         5G     0.8331     0.4658    0.08291        448        640: 10% ━─────────── 87/809 1.8it/s 1:02<6:34[K        2/3         5G     0.8317     0.4672    0.08292        222        640: 10% ━─────────── 88/809 2.0it/s 1:02<6:08[K        2/3         5G     0.8332     0.4665    0.08306        660        640: 11% ━─────────── 89/809 1.7it/s 1:03<7:03[K        2/3         5G     0.8349     0.4662    0.08319        816        640: 11% ━─────────── 90/809 1.6it/s 1:04<7:32[K        2/3         5G     0.8346     0.4658    0.08311        494        640: 11% ━─────────── 91/809 1.6it/s 1:05<7:25[K        2/3         5G     0.8336     0.4661    0.08299        279        640: 11% ━─────────── 92/809 1.9it/s 1:05<6:25[K        2/3         5G     0.8356     0.4657    0.08308        709        640: 11% ━─────────── 93/809 1.7it/s 1:06<6:51[K        2/3         5G     0.8359     0.4658    0.08306        356        640: 11% ━─────────── 94/809 1.8it/s 1:06<6:29[K        2/3         5G     0.8356     0.4662    0.08306        564        640: 11% ━─────────── 95/809 1.8it/s 1:07<6:35[K        2/3         5G     0.8351      0.466    0.08305        774        640: 11% ━─────────── 96/809 1.7it/s 1:08<7:07[K        2/3         5G     0.8337     0.4662    0.08293        428        640: 11% ━─────────── 97/809 1.8it/s 1:08<6:37[K        2/3         5G     0.8336     0.4668    0.08297        303        640: 12% ━─────────── 98/809 2.0it/s 1:08<6:03[K        2/3         5G     0.8342     0.4667     0.0829        527        640: 12% ━─────────── 99/809 1.9it/s 1:09<6:11[K        2/3         5G     0.8329     0.4668    0.08262        419        640: 12% ━─────────── 100/809 2.0it/s 1:09<5:56[K        2/3         5G     0.8316     0.4672    0.08241        290        640: 12% ━─────────── 101/809 2.1it/s 1:10<5:33[K        2/3         5G     0.8308     0.4674    0.08225        356        640: 12% ━╸────────── 102/809 2.2it/s 1:10<5:27[K        2/3         5G      0.832     0.4671    0.08236        582        640: 12% ━╸────────── 103/809 1.9it/s 1:11<6:13[K        2/3         5G     0.8319     0.4671    0.08231        468        640: 12% ━╸────────── 104/809 1.8it/s 1:12<6:23[K        2/3         5G     0.8305     0.4675    0.08228        479        640: 12% ━╸────────── 105/809 1.9it/s 1:12<6:11[K        2/3         5G     0.8314     0.4675    0.08236        414        640: 13% ━╸────────── 106/809 1.9it/s 1:13<6:09[K        2/3         5G     0.8348     0.4665    0.08288        923        640: 13% ━╸────────── 107/809 1.5it/s 1:14<7:38[K        2/3         5G     0.8321     0.4664    0.08276        225        640: 13% ━╸────────── 108/809 1.8it/s 1:15<6:26[K        2/3         5G     0.8324     0.4667    0.08274        395        640: 13% ━╸────────── 109/809 1.9it/s 1:15<6:17[K        2/3         5G     0.8315     0.4671    0.08267        314        640: 13% ━╸────────── 110/809 2.0it/s 1:16<5:52[K        2/3         5G     0.8344     0.4666    0.08332        697        640: 13% ━╸────────── 111/809 1.6it/s 1:17<7:26[K        2/3         5G     0.8353     0.4666    0.08332        423        640: 13% ━╸────────── 112/809 1.6it/s 1:18<7:06[K        2/3         5G     0.8366     0.4663    0.08346        446        640: 13% ━╸────────── 113/809 1.7it/s 1:18<6:57[K        2/3         5G     0.8356     0.4663    0.08329        409        640: 14% ━╸────────── 114/809 1.8it/s 1:19<6:33[K        2/3         5G      0.837     0.4658    0.08339        615        640: 14% ━╸────────── 115/809 1.7it/s 1:20<6:46[K        2/3         5G     0.8371     0.4653    0.08324        475        640: 14% ━╸────────── 116/809 1.7it/s 1:20<6:43[K        2/3         5G     0.8393      0.465    0.08333        774        640: 14% ━╸────────── 117/809 1.5it/s 1:21<7:33[K        2/3         5G     0.8413     0.4648    0.08358        645        640: 14% ━╸────────── 118/809 1.4it/s 1:22<8:22[K        2/3         5G     0.8423     0.4649    0.08369        469        640: 14% ━╸────────── 119/809 1.5it/s 1:23<7:47[K        2/3         5G     0.8426     0.4649    0.08355        839        640: 14% ━╸────────── 120/809 1.4it/s 1:23<8:04[K        2/3         5G     0.8413     0.4654    0.08332        367        640: 14% ━╸────────── 121/809 1.7it/s 1:24<6:49[K        2/3         5G     0.8446     0.4648    0.08481        569        640: 15% ━╸────────── 122/809 1.3it/s 1:26<8:33[K        2/3         5G     0.8456     0.4646     0.0847        752        640: 15% ━╸────────── 123/809 1.3it/s 1:27<8:46[K        2/3         5G     0.8453     0.4648    0.08453        485        640: 15% ━╸────────── 124/809 1.5it/s 1:27<7:36[K        2/3         5G     0.8452      0.465    0.08433        338        640: 15% ━╸────────── 125/809 1.7it/s 1:27<6:48[K        2/3         5G      0.846     0.4646    0.08434        588        640: 15% ━╸────────── 126/809 1.6it/s 1:28<7:07[K        2/3         5G     0.8472     0.4643     0.0844        608        640: 15% ━╸────────── 127/809 1.5it/s 1:29<7:21[K        2/3         5G     0.8502     0.4637    0.08531        533        640: 15% ━╸────────── 128/809 1.2it/s 1:31<9:27[K        2/3         5G     0.8493     0.4638    0.08522        367        640: 15% ━╸────────── 129/809 1.5it/s 1:32<7:36[K        2/3         5G     0.8492     0.4638    0.08509        527        640: 16% ━╸────────── 130/809 1.6it/s 1:32<6:58[K        2/3         5G     0.8513     0.4633    0.08534        706        640: 16% ━╸────────── 131/809 1.5it/s 1:33<7:33[K        2/3         5G     0.8508     0.4634    0.08513        479        640: 16% ━╸────────── 132/809 1.7it/s 1:34<6:44[K        2/3         5G      0.849     0.4639    0.08495        248        640: 16% ━╸────────── 133/809 1.9it/s 1:34<5:54[K        2/3         5G     0.8508     0.4637    0.08532        798        640: 16% ━╸────────── 134/809 1.6it/s 1:35<6:56[K        2/3         5G      0.851     0.4638    0.08546        660        640: 16% ━━────────── 135/809 1.6it/s 1:36<7:02[K        2/3      6.36G     0.8533     0.4633    0.08669        649        640: 16% ━━────────── 136/809 1.3it/s 1:38<8:46[K        2/3      6.36G     0.8531     0.4634    0.08665        508        640: 16% ━━────────── 137/809 1.5it/s 1:38<7:43[K        2/3      6.36G     0.8529     0.4634    0.08657        680        640: 17% ━━────────── 138/809 1.5it/s 1:39<7:32[K        2/3      6.36G     0.8548     0.4629    0.08668        824        640: 17% ━━────────── 139/809 1.4it/s 1:40<8:03[K        2/3      6.36G     0.8541     0.4631    0.08654        322        640: 17% ━━────────── 140/809 1.6it/s 1:40<6:48[K        2/3      6.36G     0.8528     0.4634    0.08632        240        640: 17% ━━────────── 141/809 1.9it/s 1:41<5:51[K        2/3      6.36G     0.8525     0.4633    0.08635        488        640: 17% ━━────────── 142/809 1.9it/s 1:41<5:47[K        2/3      6.36G     0.8529     0.4632    0.08638        610        640: 17% ━━────────── 143/809 1.8it/s 1:42<6:06[K        2/3      6.36G     0.8534     0.4632    0.08645        542        640: 17% ━━────────── 144/809 1.8it/s 1:42<6:19[K        2/3      6.36G     0.8553     0.4627    0.08654        322        640: 17% ━━────────── 145/809 1.7it/s 1:43<6:36[K        2/3      6.36G     0.8552     0.4629    0.08653        384        640: 18% ━━────────── 146/809 1.8it/s 1:44<6:15[K        2/3      6.36G     0.8555     0.4629    0.08652        568        640: 18% ━━────────── 147/809 1.7it/s 1:44<6:20[K        2/3      6.36G     0.8551      0.463    0.08638        497        640: 18% ━━────────── 148/809 1.8it/s 1:45<6:15[K        2/3      6.36G     0.8561     0.4629    0.08629        526        640: 18% ━━────────── 149/809 1.8it/s 1:45<6:13[K        2/3      6.36G     0.8554     0.4631    0.08618        265        640: 18% ━━────────── 150/809 1.9it/s 1:46<5:43[K        2/3      6.36G     0.8577     0.4627    0.08641        585        640: 18% ━━────────── 151/809 1.5it/s 1:48<7:19[K        2/3      6.36G     0.8567     0.4629    0.08627        418        640: 18% ━━────────── 152/809 1.6it/s 1:48<6:51[K        2/3      6.36G     0.8551      0.463    0.08602        343        640: 18% ━━────────── 153/809 1.8it/s 1:49<6:04[K        2/3      6.36G     0.8546     0.4632    0.08594        574        640: 19% ━━────────── 154/809 1.8it/s 1:49<6:11[K        2/3      6.36G     0.8542     0.4632    0.08581        424        640: 19% ━━────────── 155/809 1.8it/s 1:50<5:54[K        2/3      6.36G     0.8529     0.4635    0.08571        318        640: 19% ━━────────── 156/809 2.0it/s 1:50<5:29[K        2/3      6.36G     0.8524     0.4637    0.08554        322        640: 19% ━━────────── 157/809 2.0it/s 1:51<5:18[K        2/3      6.36G     0.8517     0.4639    0.08557        438        640: 19% ━━────────── 158/809 1.9it/s 1:51<5:39[K        2/3      6.36G     0.8516     0.4639    0.08548        616        640: 19% ━━────────── 159/809 1.9it/s 1:52<5:45[K        2/3      6.36G     0.8504      0.464    0.08534        407        640: 19% ━━────────── 160/809 1.8it/s 1:52<5:53[K        2/3      6.36G     0.8495     0.4641    0.08516        527        640: 19% ━━────────── 161/809 1.9it/s 1:53<5:47[K        2/3      6.36G     0.8488     0.4642    0.08507        420        640: 20% ━━────────── 162/809 1.9it/s 1:53<5:40[K        2/3      6.36G     0.8487     0.4643    0.08495        751        640: 20% ━━────────── 163/809 1.8it/s 1:54<5:57[K        2/3      6.36G     0.8492     0.4642    0.08492        426        640: 20% ━━────────── 164/809 1.7it/s 1:55<6:16[K        2/3      6.36G     0.8492     0.4642    0.08491        353        640: 20% ━━────────── 165/809 1.9it/s 1:55<5:45[K        2/3      6.36G     0.8495      0.464    0.08489        743        640: 20% ━━────────── 166/809 1.7it/s 1:56<6:23[K        2/3      6.36G      0.851     0.4637    0.08497        765        640: 20% ━━────────── 167/809 1.5it/s 1:57<7:15[K        2/3      6.36G     0.8508     0.4636    0.08487        470        640: 20% ━━────────── 168/809 1.5it/s 1:58<7:11[K        2/3      6.36G     0.8503     0.4636    0.08477        427        640: 20% ━━╸───────── 169/809 1.6it/s 1:58<6:28[K        2/3      6.36G     0.8506     0.4636     0.0847        415        640: 21% ━━╸───────── 170/809 1.7it/s 1:59<6:13[K        2/3      6.36G     0.8508     0.4634    0.08466        713        640: 21% ━━╸───────── 171/809 1.5it/s 1:59<6:54[K        2/3      6.36G     0.8505     0.4633    0.08457        360        640: 21% ━━╸───────── 172/809 1.7it/s 1:60<6:25[K        2/3      6.36G     0.8497     0.4637    0.08447        380        640: 21% ━━╸───────── 173/809 1.8it/s 2:00<5:50[K        2/3      6.36G     0.8502     0.4633    0.08449        557        640: 21% ━━╸───────── 174/809 1.7it/s 2:01<6:17[K        2/3      6.36G      0.852      0.463    0.08477        588        640: 21% ━━╸───────── 175/809 1.4it/s 2:03<7:35[K        2/3      6.36G      0.852     0.4628    0.08467        734        640: 21% ━━╸───────── 176/809 1.4it/s 2:03<7:31[K        2/3      6.36G     0.8519     0.4628    0.08452        553        640: 21% ━━╸───────── 177/809 1.5it/s 2:04<6:53[K        2/3      6.36G     0.8525     0.4629    0.08454        618        640: 22% ━━╸───────── 178/809 1.5it/s 2:04<6:49[K        2/3      6.36G     0.8527     0.4627    0.08456        437        640: 22% ━━╸───────── 179/809 1.5it/s 2:05<6:59[K        2/3      6.36G     0.8523     0.4629    0.08447        374        640: 22% ━━╸───────── 180/809 1.7it/s 2:06<6:08[K        2/3      6.36G     0.8516     0.4631    0.08429        332        640: 22% ━━╸───────── 181/809 1.9it/s 2:06<5:29[K        2/3      6.36G     0.8514     0.4634    0.08423        557        640: 22% ━━╸───────── 182/809 1.9it/s 2:07<5:34[K        2/3      6.36G     0.8513     0.4636    0.08416        421        640: 22% ━━╸───────── 183/809 1.9it/s 2:07<5:30[K        2/3      6.36G     0.8502     0.4638    0.08409        334        640: 22% ━━╸───────── 184/809 1.9it/s 2:08<5:30[K        2/3      6.36G     0.8491     0.4641    0.08392        380        640: 22% ━━╸───────── 185/809 2.0it/s 2:08<5:18[K        2/3      6.36G      0.851     0.4636    0.08498        598        640: 22% ━━╸───────── 186/809 1.5it/s 2:10<6:52[K        2/3      6.36G     0.8509     0.4636    0.08493        585        640: 23% ━━╸───────── 187/809 1.6it/s 2:11<6:27[K        2/3      6.36G     0.8498     0.4638    0.08488        308        640: 23% ━━╸───────── 188/809 1.8it/s 2:11<5:40[K        2/3      6.36G     0.8497     0.4638    0.08488        544        640: 23% ━━╸───────── 189/809 1.8it/s 2:12<5:43[K        2/3      6.36G     0.8493     0.4638    0.08477        335        640: 23% ━━╸───────── 190/809 1.9it/s 2:12<5:18[K        2/3      6.36G     0.8495     0.4637    0.08474        515        640: 23% ━━╸───────── 191/809 1.9it/s 2:13<5:26[K        2/3      6.36G     0.8497     0.4635    0.08475        745        640: 23% ━━╸───────── 192/809 1.7it/s 2:14<6:06[K        2/3      6.36G     0.8494     0.4637    0.08461        530        640: 23% ━━╸───────── 193/809 1.7it/s 2:14<5:56[K        2/3      6.36G     0.8486      0.464    0.08445        285        640: 23% ━━╸───────── 194/809 1.9it/s 2:15<5:19[K        2/3      6.36G     0.8482     0.4643    0.08437        378        640: 24% ━━╸───────── 195/809 2.0it/s 2:15<5:12[K        2/3      6.36G     0.8481     0.4644    0.08439        416        640: 24% ━━╸───────── 196/809 2.0it/s 2:16<5:07[K        2/3      6.36G     0.8478     0.4645    0.08429        495        640: 24% ━━╸───────── 197/809 2.0it/s 2:16<5:12[K        2/3      6.36G     0.8472     0.4647    0.08422        439        640: 24% ━━╸───────── 198/809 2.0it/s 2:17<5:07[K        2/3      6.36G     0.8477     0.4646    0.08417        488        640: 24% ━━╸───────── 199/809 2.0it/s 2:17<5:10[K        2/3      6.36G      0.847     0.4646    0.08404        596        640: 24% ━━╸───────── 200/809 1.9it/s 2:18<5:23[K        2/3      6.36G     0.8473     0.4645      0.084        453        640: 24% ━━╸───────── 201/809 1.8it/s 2:18<5:29[K        2/3      6.36G     0.8491     0.4642    0.08464        707        640: 24% ━━╸───────── 202/809 1.4it/s 2:20<6:60[K        2/3      6.36G     0.8491     0.4641     0.0846        754        640: 25% ━━━───────── 203/809 1.5it/s 2:21<6:51[K        2/3      6.36G     0.8513     0.4637    0.08522        742        640: 25% ━━━───────── 204/809 1.1it/s 2:24<8:52[K        2/3      6.36G     0.8505      0.464    0.08511        205        640: 25% ━━━───────── 205/809 1.6it/s 2:24<6:10[K        2/3      6.36G     0.8502      0.464    0.08498        401        640: 25% ━━━───────── 206/809 1.8it/s 2:25<5:43[K        2/3      6.36G     0.8491     0.4642    0.08485        424        640: 25% ━━━───────── 207/809 1.9it/s 2:25<5:14[K        2/3      6.36G     0.8479     0.4644    0.08476        295        640: 25% ━━━───────── 208/809 1.9it/s 2:26<5:13[K        2/3      6.36G     0.8473     0.4646    0.08466        411        640: 25% ━━━───────── 209/809 2.0it/s 2:26<5:04[K        2/3      6.36G     0.8472     0.4646    0.08463        543        640: 25% ━━━───────── 210/809 1.9it/s 2:27<5:15[K        2/3      6.36G     0.8467     0.4647    0.08453        384        640: 26% ━━━───────── 211/809 1.9it/s 2:27<5:15[K        2/3      6.36G     0.8477     0.4645    0.08453        433        640: 26% ━━━───────── 212/809 1.9it/s 2:28<5:19[K        2/3      6.36G      0.848     0.4644    0.08447        671        640: 26% ━━━───────── 213/809 1.8it/s 2:28<5:33[K        2/3      6.36G     0.8471     0.4648    0.08445        391        640: 26% ━━━───────── 214/809 1.8it/s 2:29<5:29[K        2/3      6.36G     0.8467     0.4648    0.08439        322        640: 26% ━━━───────── 215/809 2.0it/s 2:29<5:04[K        2/3      6.36G     0.8479     0.4645    0.08445        920        640: 26% ━━━───────── 216/809 1.6it/s 2:30<6:03[K        2/3      6.36G     0.8477     0.4647    0.08441        425        640: 26% ━━━───────── 217/809 1.7it/s 2:31<5:43[K        2/3      6.36G     0.8477     0.4646    0.08431        492        640: 26% ━━━───────── 218/809 1.8it/s 2:31<5:36[K        2/3      6.36G     0.8489     0.4644    0.08457        731        640: 27% ━━━───────── 219/809 1.5it/s 2:33<6:47[K        2/3      6.36G      0.849     0.4644    0.08448        416        640: 27% ━━━───────── 220/809 1.6it/s 2:33<6:01[K        2/3      6.36G     0.8486     0.4645    0.08438        433        640: 27% ━━━───────── 221/809 1.8it/s 2:34<5:32[K        2/3      6.36G     0.8484     0.4645    0.08432        437        640: 27% ━━━───────── 222/809 1.8it/s 2:34<5:19[K        2/3      6.36G     0.8478     0.4646    0.08422        410        640: 27% ━━━───────── 223/809 1.9it/s 2:35<5:09[K        2/3      6.36G     0.8477     0.4647    0.08421        537        640: 27% ━━━───────── 224/809 1.8it/s 2:35<5:30[K        2/3      6.36G     0.8478     0.4647    0.08421        678        640: 27% ━━━───────── 225/809 1.7it/s 2:36<5:42[K        2/3      6.36G     0.8474     0.4648    0.08416        512        640: 27% ━━━───────── 226/809 1.7it/s 2:37<5:37[K        2/3      6.36G     0.8475     0.4646     0.0841        732        640: 28% ━━━───────── 227/809 1.6it/s 2:37<6:02[K        2/3      6.36G     0.8471     0.4647    0.08406        317        640: 28% ━━━───────── 228/809 1.8it/s 2:38<5:25[K        2/3      6.36G     0.8475     0.4646    0.08402        616        640: 28% ━━━───────── 229/809 1.7it/s 2:39<5:38[K        2/3      6.36G     0.8471     0.4648    0.08402        308        640: 28% ━━━───────── 230/809 1.9it/s 2:39<5:09[K        2/3      6.36G     0.8473     0.4649    0.08399        718        640: 28% ━━━───────── 231/809 1.8it/s 2:40<5:22[K        2/3      6.36G     0.8481     0.4647    0.08411        834        640: 28% ━━━───────── 232/809 1.5it/s 2:41<6:29[K        2/3      6.36G     0.8491     0.4643    0.08443        889        640: 28% ━━━───────── 233/809 1.2it/s 2:43<8:01[K        2/3      6.36G     0.8493     0.4643    0.08443        498        640: 28% ━━━───────── 234/809 1.4it/s 2:43<6:49[K        2/3      6.36G     0.8493     0.4643     0.0844        569        640: 29% ━━━───────── 235/809 1.4it/s 2:44<6:55[K        2/3      6.36G     0.8491     0.4642    0.08433        396        640: 29% ━━━╸──────── 236/809 1.6it/s 2:45<5:57[K        2/3      6.36G     0.8486     0.4642    0.08423        409        640: 29% ━━━╸──────── 237/809 1.7it/s 2:45<5:34[K        2/3      6.36G     0.8495      0.464    0.08449        475        640: 29% ━━━╸──────── 238/809 1.6it/s 2:46<5:52[K        2/3      6.36G     0.8502     0.4639    0.08463        445        640: 29% ━━━╸──────── 239/809 1.7it/s 2:46<5:42[K        2/3      6.36G     0.8497      0.464    0.08454        397        640: 29% ━━━╸──────── 240/809 1.8it/s 2:47<5:25[K        2/3      6.36G       0.85     0.4639    0.08457        568        640: 29% ━━━╸──────── 241/809 1.8it/s 2:47<5:24[K        2/3      6.36G     0.8494     0.4639    0.08448        545        640: 29% ━━━╸──────── 242/809 1.8it/s 2:48<5:15[K        2/3      6.36G      0.849      0.464    0.08447        444        640: 30% ━━━╸──────── 243/809 1.9it/s 2:48<5:00[K        2/3      6.36G     0.8485     0.4643    0.08441        311        640: 30% ━━━╸──────── 244/809 2.0it/s 2:49<4:39[K        2/3      7.87G     0.8497     0.4641    0.08489        772        640: 30% ━━━╸──────── 245/809 1.6it/s 2:50<5:43[K        2/3      7.87G     0.8495     0.4642    0.08487        452        640: 30% ━━━╸──────── 246/809 1.7it/s 2:51<5:34[K        2/3      7.87G     0.8479     0.4644    0.08473        200        640: 30% ━━━╸──────── 247/809 1.9it/s 2:51<4:55[K        2/3      7.87G     0.8474     0.4644     0.0847        393        640: 30% ━━━╸──────── 248/809 1.9it/s 2:52<4:59[K        2/3      7.87G     0.8473     0.4645    0.08466        469        640: 30% ━━━╸──────── 249/809 1.9it/s 2:52<5:01[K        2/3      7.87G     0.8481     0.4645    0.08476        695        640: 30% ━━━╸──────── 250/809 1.7it/s 2:53<5:37[K        2/3      7.87G     0.8481     0.4645    0.08473        572        640: 31% ━━━╸──────── 251/809 1.6it/s 2:54<5:39[K        2/3      9.43G      0.849     0.4642      0.085        689        640: 31% ━━━╸──────── 252/809 1.4it/s 2:55<6:27[K        2/3      9.43G     0.8493     0.4641    0.08495        553        640: 31% ━━━╸──────── 253/809 1.5it/s 2:55<6:11[K        2/3      9.43G     0.8498      0.464    0.08493        742        640: 31% ━━━╸──────── 254/809 1.4it/s 2:56<6:28[K        2/3      9.43G     0.8502     0.4639      0.085        652        640: 31% ━━━╸──────── 255/809 1.4it/s 2:57<6:24[K        2/3      9.43G     0.8501      0.464    0.08494        472        640: 31% ━━━╸──────── 256/809 1.6it/s 2:57<5:55[K        2/3      9.43G     0.8494     0.4639    0.08484        627        640: 31% ━━━╸──────── 257/809 1.6it/s 2:58<5:46[K        2/3      9.43G     0.8499      0.464    0.08495        388        640: 31% ━━━╸──────── 258/809 1.7it/s 2:59<5:25[K        2/3      9.43G     0.8499      0.464    0.08501        656        640: 32% ━━━╸──────── 259/809 1.6it/s 2:59<5:41[K        2/3      9.43G     0.8501     0.4638    0.08501        499        640: 32% ━━━╸──────── 260/809 1.7it/s 2:60<5:30[K        2/3      9.43G     0.8508     0.4637    0.08501        623        640: 32% ━━━╸──────── 261/809 1.6it/s 3:00<5:45[K        2/3      9.43G     0.8506     0.4638    0.08491        274        640: 32% ━━━╸──────── 262/809 1.9it/s 3:01<4:56[K        2/3      9.43G     0.8518     0.4637    0.08497        621        640: 32% ━━━╸──────── 263/809 1.7it/s 3:02<5:26[K        2/3      9.43G     0.8512      0.464    0.08491        293        640: 32% ━━━╸──────── 264/809 1.8it/s 3:02<5:05[K        2/3      9.43G     0.8516     0.4639    0.08495        478        640: 32% ━━━╸──────── 265/809 1.8it/s 3:03<5:09[K        2/3      9.43G     0.8521     0.4638    0.08496        548        640: 32% ━━━╸──────── 266/809 1.6it/s 3:04<5:42[K        2/3      9.43G     0.8525     0.4637    0.08507        463        640: 33% ━━━╸──────── 267/809 1.7it/s 3:04<5:27[K        2/3      9.43G     0.8524     0.4636    0.08502        468        640: 33% ━━━╸──────── 268/809 1.7it/s 3:05<5:14[K        2/3      9.43G     0.8523     0.4636    0.08497        355        640: 33% ━━━╸──────── 269/809 1.8it/s 3:05<4:59[K        2/3      9.43G     0.8518     0.4637    0.08489        477        640: 33% ━━━━──────── 270/809 1.8it/s 3:06<4:57[K        2/3      9.43G     0.8511     0.4637     0.0848        475        640: 33% ━━━━──────── 271/809 1.8it/s 3:06<4:53[K        2/3      9.43G     0.8508     0.4638    0.08474        454        640: 33% ━━━━──────── 272/809 1.8it/s 3:07<4:56[K        2/3      9.43G     0.8501     0.4639    0.08469        466        640: 33% ━━━━──────── 273/809 1.9it/s 3:07<4:49[K        2/3      9.43G     0.8502     0.4639    0.08473        663        640: 33% ━━━━──────── 274/809 1.8it/s 3:08<5:00[K        2/3      9.43G     0.8498     0.4642    0.08463        394        640: 33% ━━━━──────── 275/809 1.9it/s 3:08<4:45[K        2/3      9.43G     0.8516     0.4637     0.0858       1064        640: 34% ━━━━──────── 276/809 1.4it/s 3:16<6:34[K        2/3      9.43G     0.8514     0.4638    0.08573        455        640: 34% ━━━━──────── 277/809 1.5it/s 3:16<5:52[K        2/3      9.43G     0.8506      0.464    0.08566        295        640: 34% ━━━━──────── 278/809 1.8it/s 3:17<5:00[K        2/3      9.43G     0.8503      0.464    0.08559        454        640: 34% ━━━━──────── 279/809 1.8it/s 3:17<4:54[K        2/3      9.43G     0.8498     0.4641     0.0855        276        640: 34% ━━━━──────── 280/809 1.9it/s 3:18<4:41[K        2/3      9.43G     0.8494     0.4643    0.08544        222        640: 34% ━━━━──────── 281/809 2.0it/s 3:18<4:19[K        2/3      9.43G     0.8509      0.464    0.08571        706        640: 34% ━━━━──────── 282/809 1.6it/s 3:20<5:25[K        2/3      9.43G     0.8503     0.4642    0.08562        543        640: 34% ━━━━──────── 283/809 1.7it/s 3:20<5:19[K        2/3      9.43G     0.8501     0.4641    0.08563        456        640: 35% ━━━━──────── 284/809 1.6it/s 3:21<5:18[K        2/3      9.43G     0.8507     0.4641     0.0858        405        640: 35% ━━━━──────── 285/809 1.7it/s 3:22<5:15[K        2/3      9.43G     0.8504     0.4641    0.08576        507        640: 35% ━━━━──────── 286/809 1.7it/s 3:22<5:05[K        2/3      9.43G     0.8493     0.4643    0.08568        314        640: 35% ━━━━──────── 287/809 1.9it/s 3:23<4:34[K        2/3      9.43G     0.8489     0.4644    0.08569        440        640: 35% ━━━━──────── 288/809 1.9it/s 3:23<4:36[K        2/3      9.43G     0.8485     0.4644     0.0856        514        640: 35% ━━━━──────── 289/809 1.9it/s 3:24<4:38[K        2/3      9.43G       0.85     0.4642    0.08608        908        640: 35% ━━━━──────── 290/809 1.4it/s 3:27<6:14[K        2/3      9.43G     0.8499     0.4642    0.08599        482        640: 35% ━━━━──────── 291/809 1.5it/s 3:28<5:39[K        2/3      9.43G     0.8498     0.4642      0.086        579        640: 36% ━━━━──────── 292/809 1.6it/s 3:29<5:30[K        2/3      9.43G     0.8491     0.4644    0.08589        336        640: 36% ━━━━──────── 293/809 1.8it/s 3:29<4:46[K        2/3      9.43G     0.8481     0.4647    0.08581        242        640: 36% ━━━━──────── 294/809 2.0it/s 3:29<4:16[K        2/3      9.43G     0.8476     0.4648    0.08578        395        640: 36% ━━━━──────── 295/809 2.1it/s 3:30<4:07[K        2/3      9.43G     0.8473     0.4648    0.08575        491        640: 36% ━━━━──────── 296/809 1.9it/s 3:30<4:25[K        2/3      9.43G     0.8471     0.4648    0.08567        397        640: 36% ━━━━──────── 297/809 2.0it/s 3:31<4:14[K        2/3      9.43G     0.8474     0.4648    0.08564        515        640: 36% ━━━━──────── 298/809 1.9it/s 3:31<4:25[K        2/3      9.43G     0.8474     0.4649    0.08562        584        640: 36% ━━━━──────── 299/809 1.9it/s 3:32<4:34[K        2/3      11.4G     0.8482     0.4646    0.08571       1002        640: 37% ━━━━──────── 300/809 1.6it/s 3:33<5:26[K        2/3      11.4G     0.8479     0.4647    0.08563        393        640: 37% ━━━━──────── 301/809 1.7it/s 3:34<4:54[K        2/3      11.4G     0.8476     0.4649    0.08559        574        640: 37% ━━━━──────── 302/809 1.8it/s 3:34<4:49[K        2/3      11.4G     0.8474      0.465    0.08563        298        640: 37% ━━━━──────── 303/809 1.9it/s 3:35<4:29[K        2/3      11.4G     0.8468     0.4652    0.08557        268        640: 37% ━━━━╸─────── 304/809 2.0it/s 3:35<4:15[K        2/3      11.4G      0.846     0.4653     0.0855        527        640: 37% ━━━━╸─────── 305/809 2.0it/s 3:36<4:17[K        2/3      11.4G     0.8477      0.465    0.08659        599        640: 37% ━━━━╸─────── 306/809 1.4it/s 3:41<5:51[K        2/3      11.4G     0.8484     0.4649    0.08672        509        640: 37% ━━━━╸─────── 307/809 1.3it/s 3:42<6:29[K        2/3      11.4G     0.8473     0.4651    0.08663        240        640: 38% ━━━━╸─────── 308/809 1.6it/s 3:42<5:05[K        2/3      11.4G     0.8469     0.4653    0.08654        390        640: 38% ━━━━╸─────── 309/809 1.9it/s 3:43<4:30[K        2/3      11.4G     0.8465     0.4652    0.08644        545        640: 38% ━━━━╸─────── 310/809 1.9it/s 3:43<4:26[K        2/3      11.4G     0.8458     0.4653    0.08633        412        640: 38% ━━━━╸─────── 311/809 2.0it/s 3:44<4:10[K        2/3      11.4G     0.8455     0.4653    0.08628        454        640: 38% ━━━━╸─────── 312/809 1.9it/s 3:44<4:23[K        2/3      11.4G     0.8454     0.4654    0.08625        342        640: 38% ━━━━╸─────── 313/809 2.0it/s 3:45<4:13[K        2/3      11.4G     0.8453     0.4654    0.08621        514        640: 38% ━━━━╸─────── 314/809 1.9it/s 3:45<4:15[K        2/3      11.4G     0.8462     0.4652    0.08632        647        640: 38% ━━━━╸─────── 315/809 1.6it/s 3:47<5:17[K        2/3      11.4G     0.8467     0.4652    0.08637        638        640: 39% ━━━━╸─────── 316/809 1.5it/s 3:48<5:35[K        2/3      11.4G     0.8469     0.4651    0.08635        453        640: 39% ━━━━╸─────── 317/809 1.5it/s 3:48<5:33[K        2/3      11.4G     0.8464     0.4651    0.08629        498        640: 39% ━━━━╸─────── 318/809 1.6it/s 3:49<5:01[K        2/3      11.4G     0.8466     0.4652    0.08635        625        640: 39% ━━━━╸─────── 319/809 1.6it/s 3:49<4:57[K        2/3      11.4G     0.8466     0.4651    0.08634        469        640: 39% ━━━━╸─────── 320/809 1.7it/s 3:50<4:51[K        2/3      11.4G      0.846     0.4653    0.08632        339        640: 39% ━━━━╸─────── 321/809 1.9it/s 3:50<4:22[K        2/3      11.4G     0.8464     0.4652    0.08628        782        640: 39% ━━━━╸─────── 322/809 1.7it/s 3:51<4:48[K        2/3      11.4G     0.8459     0.4652    0.08625        389        640: 39% ━━━━╸─────── 323/809 1.8it/s 3:52<4:31[K        2/3      11.4G     0.8471     0.4651    0.08675        580        640: 40% ━━━━╸─────── 324/809 1.4it/s 3:53<5:42[K        2/3      11.4G     0.8468     0.4651     0.0867        556        640: 40% ━━━━╸─────── 325/809 1.5it/s 3:54<5:15[K        2/3      11.4G     0.8466     0.4651    0.08664        491        640: 40% ━━━━╸─────── 326/809 1.6it/s 3:55<5:02[K        2/3      11.4G      0.846     0.4653    0.08654        417        640: 40% ━━━━╸─────── 327/809 1.7it/s 3:55<4:43[K        2/3      11.4G     0.8463     0.4652    0.08657        539        640: 40% ━━━━╸─────── 328/809 1.6it/s 3:56<4:55[K        2/3      11.4G     0.8458     0.4654    0.08654        415        640: 40% ━━━━╸─────── 329/809 1.8it/s 3:56<4:33[K        2/3      11.4G     0.8457     0.4654    0.08656        350        640: 40% ━━━━╸─────── 330/809 1.8it/s 3:57<4:30[K        2/3      11.4G     0.8467     0.4652    0.08682        678        640: 40% ━━━━╸─────── 331/809 1.4it/s 3:59<5:50[K        2/3      11.4G     0.8474     0.4651    0.08708        797        640: 41% ━━━━╸─────── 332/809 1.1it/s 4:02<7:25[K        2/3      11.4G     0.8481     0.4649     0.0871        382        640: 41% ━━━━╸─────── 333/809 1.3it/s 4:02<6:10[K        2/3      11.4G     0.8478     0.4651    0.08706        369        640: 41% ━━━━╸─────── 334/809 1.5it/s 4:03<5:09[K        2/3      11.4G     0.8472     0.4652    0.08697        443        640: 41% ━━━━╸─────── 335/809 1.7it/s 4:03<4:36[K        2/3      11.4G     0.8484     0.4649    0.08724        603        640: 41% ━━━━╸─────── 336/809 1.3it/s 4:05<5:51[K        2/3      11.4G     0.8489     0.4647    0.08729        582        640: 41% ━━━━╸─────── 337/809 1.3it/s 4:06<6:00[K        2/3      11.4G     0.8487     0.4648    0.08721        271        640: 41% ━━━━━─────── 338/809 1.6it/s 4:07<4:51[K        2/3      11.4G     0.8482     0.4649    0.08715        324        640: 41% ━━━━━─────── 339/809 1.8it/s 4:07<4:18[K        2/3      11.4G     0.8485     0.4649    0.08711        350        640: 42% ━━━━━─────── 340/809 1.9it/s 4:08<4:12[K        2/3      11.4G     0.8484     0.4649    0.08709        628        640: 42% ━━━━━─────── 341/809 1.8it/s 4:08<4:18[K        2/3      11.4G     0.8484      0.465    0.08709        519        640: 42% ━━━━━─────── 342/809 1.8it/s 4:09<4:18[K        2/3      11.4G     0.8485      0.465    0.08709        509        640: 42% ━━━━━─────── 343/809 1.8it/s 4:09<4:15[K        2/3      11.4G     0.8479     0.4652    0.08708        546        640: 42% ━━━━━─────── 344/809 1.8it/s 4:10<4:20[K        2/3      11.4G     0.8484     0.4652    0.08711        736        640: 42% ━━━━━─────── 345/809 1.6it/s 4:11<4:48[K        2/3      14.9G       0.85     0.4648    0.08783        941        640: 42% ━━━━━─────── 346/809 1.3it/s 4:13<5:59[K        2/3      14.9G       0.85     0.4648    0.08782        480        640: 42% ━━━━━─────── 347/809 1.4it/s 4:13<5:34[K        2/3      14.9G     0.8492     0.4647    0.08771        346        640: 43% ━━━━━─────── 348/809 1.7it/s 4:14<4:33[K        2/3      14.9G     0.8493     0.4648    0.08778        325        640: 43% ━━━━━─────── 349/809 1.7it/s 4:14<4:26[K        2/3      14.9G     0.8495     0.4648    0.08776        530        640: 43% ━━━━━─────── 350/809 1.7it/s 4:15<4:33[K        2/3      14.9G     0.8497     0.4647    0.08772        757        640: 43% ━━━━━─────── 351/809 1.6it/s 4:15<4:48[K        2/3      14.9G     0.8503     0.4647     0.0878        560        640: 43% ━━━━━─────── 352/809 1.6it/s 4:16<4:54[K        2/3      14.9G     0.8504     0.4647    0.08778        729        640: 43% ━━━━━─────── 353/809 1.6it/s 4:17<4:51[K        2/3      14.9G     0.8505     0.4648    0.08778        515        640: 43% ━━━━━─────── 354/809 1.7it/s 4:17<4:30[K        2/3      14.9G     0.8501     0.4649    0.08778        372        640: 43% ━━━━━─────── 355/809 1.9it/s 4:18<4:05[K        2/3      14.9G     0.8496     0.4651    0.08775        292        640: 44% ━━━━━─────── 356/809 2.0it/s 4:18<3:43[K        2/3      14.9G     0.8498     0.4651     0.0877        457        640: 44% ━━━━━─────── 357/809 2.0it/s 4:19<3:47[K        2/3      14.9G     0.8496     0.4651    0.08771        731        640: 44% ━━━━━─────── 358/809 1.8it/s 4:19<4:05[K        2/3      14.9G     0.8491     0.4654    0.08765        250        640: 44% ━━━━━─────── 359/809 2.0it/s 4:20<3:43[K        2/3      14.9G     0.8496     0.4653    0.08785        684        640: 44% ━━━━━─────── 360/809 1.8it/s 4:21<4:13[K        2/3      14.9G       0.85     0.4652    0.08789        789        640: 44% ━━━━━─────── 361/809 1.6it/s 4:21<4:41[K        2/3      14.9G     0.8505     0.4651    0.08798        578        640: 44% ━━━━━─────── 362/809 1.5it/s 4:22<4:59[K        2/3      14.9G     0.8506     0.4652    0.08806        485        640: 44% ━━━━━─────── 363/809 1.5it/s 4:23<4:55[K        2/3      14.9G     0.8514      0.465    0.08814        595        640: 44% ━━━━━─────── 364/809 1.5it/s 4:24<4:54[K        2/3      14.9G      0.851     0.4652    0.08808        351        640: 45% ━━━━━─────── 365/809 1.7it/s 4:24<4:19[K        2/3      14.9G     0.8517      0.465    0.08824        779        640: 45% ━━━━━─────── 366/809 1.5it/s 4:25<5:01[K        2/3      14.9G     0.8516     0.4651    0.08823        610        640: 45% ━━━━━─────── 367/809 1.5it/s 4:26<4:52[K        2/3      14.9G     0.8522      0.465    0.08828        575        640: 45% ━━━━━─────── 368/809 1.5it/s 4:26<4:50[K        2/3      14.9G      0.853      0.465    0.08834        562        640: 45% ━━━━━─────── 369/809 1.4it/s 4:27<5:08[K        2/3      14.9G     0.8528      0.465     0.0883        428        640: 45% ━━━━━─────── 370/809 1.6it/s 4:28<4:39[K        2/3      14.9G     0.8532      0.465    0.08828        439        640: 45% ━━━━━╸────── 371/809 1.6it/s 4:28<4:32[K        2/3      14.9G     0.8529      0.465    0.08832        478        640: 45% ━━━━━╸────── 372/809 1.6it/s 4:29<4:26[K        2/3      14.9G     0.8528     0.4651    0.08825        446        640: 46% ━━━━━╸────── 373/809 1.8it/s 4:29<4:07[K        2/3      14.9G     0.8531      0.465    0.08835        794        640: 46% ━━━━━╸────── 374/809 1.5it/s 4:31<4:53[K        2/3      14.9G     0.8527     0.4651    0.08829        380        640: 46% ━━━━━╸────── 375/809 1.7it/s 4:31<4:13[K        2/3      14.9G     0.8527     0.4651    0.08823        763        640: 46% ━━━━━╸────── 376/809 1.6it/s 4:32<4:23[K        2/3      14.9G     0.8538     0.4648    0.08851        555        640: 46% ━━━━━╸────── 377/809 1.3it/s 4:34<5:41[K        2/3      14.9G     0.8539     0.4648    0.08852        449        640: 46% ━━━━━╸────── 378/809 1.5it/s 4:35<4:56[K        2/3      14.9G     0.8535     0.4649    0.08847        414        640: 46% ━━━━━╸────── 379/809 1.7it/s 4:35<4:17[K        2/3      14.9G      0.853      0.465    0.08842        302        640: 46% ━━━━━╸────── 380/809 1.9it/s 4:36<3:48[K        2/3      14.9G     0.8534     0.4649    0.08838        558        640: 47% ━━━━━╸────── 381/809 1.8it/s 4:36<3:59[K        2/3      14.9G     0.8541     0.4647    0.08849       1035        640: 47% ━━━━━╸────── 382/809 1.5it/s 4:38<4:46[K        2/3      14.9G     0.8537     0.4647    0.08846        461        640: 47% ━━━━━╸────── 383/809 1.5it/s 4:38<4:37[K        2/3      14.9G     0.8537     0.4649    0.08841        424        640: 47% ━━━━━╸────── 384/809 1.7it/s 4:39<4:15[K        2/3      14.9G     0.8544     0.4647    0.08844        537        640: 47% ━━━━━╸────── 385/809 1.6it/s 4:39<4:27[K        2/3      14.9G     0.8541     0.4648     0.0884        433        640: 47% ━━━━━╸────── 386/809 1.6it/s 4:40<4:20[K        2/3      14.9G     0.8538     0.4649    0.08835        289        640: 47% ━━━━━╸────── 387/809 1.8it/s 4:40<3:49[K        2/3      14.9G     0.8539     0.4648    0.08834        441        640: 47% ━━━━━╸────── 388/809 1.8it/s 4:41<3:56[K        2/3      14.9G     0.8545     0.4647     0.0886        488        640: 48% ━━━━━╸────── 389/809 1.6it/s 4:42<4:27[K        2/3      14.9G     0.8548     0.4646    0.08865        481        640: 48% ━━━━━╸────── 390/809 1.5it/s 4:43<4:31[K        2/3      14.9G     0.8548     0.4645    0.08861        496        640: 48% ━━━━━╸────── 391/809 1.6it/s 4:43<4:27[K        2/3      14.9G     0.8549     0.4645    0.08857        437        640: 48% ━━━━━╸────── 392/809 1.6it/s 4:44<4:16[K        2/3      14.9G     0.8549     0.4644    0.08854        664        640: 48% ━━━━━╸────── 393/809 1.6it/s 4:45<4:20[K        2/3      14.9G     0.8556     0.4643    0.08857        779        640: 48% ━━━━━╸────── 394/809 1.5it/s 4:45<4:46[K        2/3      14.9G     0.8565     0.4642    0.08872        645        640: 48% ━━━━━╸────── 395/809 1.3it/s 4:46<5:18[K        2/3      14.9G     0.8564     0.4641    0.08865        373        640: 48% ━━━━━╸────── 396/809 1.5it/s 4:47<4:27[K        2/3      14.9G     0.8559     0.4642    0.08858        244        640: 49% ━━━━━╸────── 397/809 1.8it/s 4:47<3:50[K        2/3      14.9G      0.857      0.464    0.08867        820        640: 49% ━━━━━╸────── 398/809 1.5it/s 4:48<4:29[K        2/3      14.9G     0.8568     0.4639    0.08862        296        640: 49% ━━━━━╸────── 399/809 1.7it/s 4:49<3:59[K        2/3      14.9G     0.8568     0.4638    0.08856        402        640: 49% ━━━━━╸────── 400/809 1.7it/s 4:50<3:57[K        2/3      14.9G     0.8565      0.464     0.0885        309        640: 49% ━━━━━╸────── 401/809 1.9it/s 4:50<3:36[K        2/3      14.9G     0.8566     0.4639    0.08846        386        640: 49% ━━━━━╸────── 402/809 1.9it/s 4:50<3:37[K        2/3      14.9G     0.8562     0.4639     0.0884        374        640: 49% ━━━━━╸────── 403/809 2.0it/s 4:51<3:26[K        2/3      14.9G     0.8561     0.4639    0.08834        608        640: 49% ━━━━━╸────── 404/809 1.9it/s 4:52<3:34[K        2/3      14.9G     0.8556     0.4641    0.08827        368        640: 50% ━━━━━━────── 405/809 1.9it/s 4:52<3:30[K        2/3      14.9G     0.8552     0.4641    0.08824        556        640: 50% ━━━━━━────── 406/809 1.9it/s 4:53<3:35[K        2/3      14.9G     0.8552      0.464    0.08828        585        640: 50% ━━━━━━────── 407/809 1.8it/s 4:53<3:41[K        2/3      14.9G     0.8554      0.464    0.08828        620        640: 50% ━━━━━━────── 408/809 1.8it/s 4:54<3:48[K        2/3      14.9G     0.8559     0.4638    0.08854        501        640: 50% ━━━━━━────── 409/809 1.5it/s 4:55<4:31[K        2/3      14.9G     0.8561     0.4637     0.0885        599        640: 50% ━━━━━━────── 410/809 1.5it/s 4:56<4:34[K        2/3      14.9G     0.8566     0.4636    0.08851        739        640: 50% ━━━━━━────── 411/809 1.4it/s 4:56<4:36[K        2/3      14.9G     0.8565     0.4636    0.08846        473        640: 50% ━━━━━━────── 412/809 1.6it/s 4:57<4:06[K        2/3      14.9G     0.8563     0.4638    0.08841        526        640: 51% ━━━━━━────── 413/809 1.6it/s 4:58<4:00[K        2/3      14.9G     0.8556     0.4639     0.0883        405        640: 51% ━━━━━━────── 414/809 1.8it/s 4:58<3:40[K        2/3      14.9G     0.8549      0.464    0.08822        360        640: 51% ━━━━━━────── 415/809 1.9it/s 4:58<3:26[K        2/3      14.9G     0.8547     0.4639    0.08827        403        640: 51% ━━━━━━────── 416/809 1.7it/s 4:59<3:45[K        2/3      14.9G     0.8549     0.4639    0.08825        514        640: 51% ━━━━━━────── 417/809 1.7it/s 4:60<3:56[K        2/3      14.9G     0.8551     0.4639    0.08845        564        640: 51% ━━━━━━────── 418/809 1.6it/s 5:01<4:08[K        2/3      14.9G     0.8549     0.4639    0.08839        628        640: 51% ━━━━━━────── 419/809 1.6it/s 5:01<3:59[K        2/3      14.9G     0.8546     0.4639    0.08834        395        640: 51% ━━━━━━────── 420/809 1.8it/s 5:02<3:40[K        2/3      14.9G     0.8545     0.4639     0.0883        488        640: 52% ━━━━━━────── 421/809 1.8it/s 5:02<3:36[K        2/3      14.9G      0.854      0.464    0.08822        477        640: 52% ━━━━━━────── 422/809 1.9it/s 5:03<3:27[K        2/3      14.9G     0.8534      0.464    0.08813        221        640: 52% ━━━━━━────── 423/809 2.1it/s 5:03<3:06[K        2/3      14.9G      0.853     0.4641    0.08806        446        640: 52% ━━━━━━────── 424/809 2.0it/s 5:04<3:12[K        2/3      14.9G     0.8525     0.4643    0.08801        440        640: 52% ━━━━━━────── 425/809 2.0it/s 5:04<3:08[K        2/3      14.9G     0.8526     0.4643      0.088        441        640: 52% ━━━━━━────── 426/809 2.0it/s 5:05<3:12[K        2/3      14.9G     0.8522     0.4644    0.08793        606        640: 52% ━━━━━━────── 427/809 1.9it/s 5:05<3:17[K        2/3      14.9G     0.8525     0.4643    0.08803        692        640: 52% ━━━━━━────── 428/809 1.7it/s 5:06<3:47[K        2/3      14.9G     0.8521     0.4643    0.08797        336        640: 53% ━━━━━━────── 429/809 1.9it/s 5:07<3:24[K        2/3      14.9G     0.8518     0.4643    0.08791        500        640: 53% ━━━━━━────── 430/809 1.9it/s 5:07<3:22[K        2/3      14.9G     0.8515     0.4643    0.08783        466        640: 53% ━━━━━━────── 431/809 1.9it/s 5:08<3:19[K        2/3      14.9G     0.8512     0.4644     0.0878        326        640: 53% ━━━━━━────── 432/809 1.9it/s 5:08<3:15[K        2/3      14.9G     0.8518     0.4643    0.08778        558        640: 53% ━━━━━━────── 433/809 1.7it/s 5:09<3:48[K        2/3      14.9G     0.8523     0.4642    0.08776        657        640: 53% ━━━━━━────── 434/809 1.6it/s 5:10<3:51[K        2/3      14.9G     0.8522     0.4643    0.08775        457        640: 53% ━━━━━━────── 435/809 1.8it/s 5:10<3:33[K        2/3      14.9G     0.8522     0.4643    0.08775        580        640: 53% ━━━━━━────── 436/809 1.7it/s 5:11<3:45[K        2/3      14.9G     0.8521     0.4643    0.08769        521        640: 54% ━━━━━━────── 437/809 1.7it/s 5:11<3:39[K        2/3      14.9G     0.8517     0.4644    0.08764        515        640: 54% ━━━━━━────── 438/809 1.8it/s 5:12<3:31[K        2/3      14.9G     0.8515     0.4644    0.08755        395        640: 54% ━━━━━━╸───── 439/809 1.8it/s 5:12<3:23[K        2/3      14.9G     0.8513     0.4645     0.0875        344        640: 54% ━━━━━━╸───── 440/809 1.9it/s 5:13<3:18[K        2/3      14.9G      0.852     0.4643    0.08761        595        640: 54% ━━━━━━╸───── 441/809 1.6it/s 5:14<3:49[K        2/3      14.9G     0.8524     0.4642    0.08762        652        640: 54% ━━━━━━╸───── 442/809 1.6it/s 5:15<3:50[K        2/3      14.9G     0.8523     0.4642    0.08759        521        640: 54% ━━━━━━╸───── 443/809 1.7it/s 5:15<3:37[K        2/3      14.9G     0.8532      0.464    0.08792        677        640: 54% ━━━━━━╸───── 444/809 1.3it/s 5:17<4:39[K        2/3      14.9G     0.8541     0.4638    0.08834        821        640: 55% ━━━━━━╸───── 445/809 1.0s/it 5:22<6:07[K        2/3      14.9G     0.8541     0.4638    0.08831        565        640: 55% ━━━━━━╸───── 446/809 1.2it/s 5:22<4:59[K        2/3      14.9G     0.8533     0.4638    0.08821        326        640: 55% ━━━━━━╸───── 447/809 1.6it/s 5:23<3:53[K        2/3      14.9G     0.8533     0.4638     0.0882        523        640: 55% ━━━━━━╸───── 448/809 1.4it/s 5:24<4:24[K        2/3      14.9G     0.8531     0.4638    0.08815        376        640: 55% ━━━━━━╸───── 449/809 1.6it/s 5:24<3:43[K        2/3      14.9G     0.8531     0.4638    0.08811        503        640: 55% ━━━━━━╸───── 450/809 1.7it/s 5:25<3:29[K        2/3      14.9G     0.8526     0.4639    0.08805        432        640: 55% ━━━━━━╸───── 451/809 1.9it/s 5:25<3:13[K        2/3      14.9G     0.8526     0.4639    0.08804        542        640: 55% ━━━━━━╸───── 452/809 1.8it/s 5:26<3:20[K        2/3      14.9G     0.8524      0.464      0.088        378        640: 55% ━━━━━━╸───── 453/809 1.9it/s 5:26<3:03[K        2/3      14.9G     0.8522     0.4639    0.08796        429        640: 56% ━━━━━━╸───── 454/809 1.9it/s 5:27<3:07[K        2/3      14.9G     0.8525     0.4638    0.08799        779        640: 56% ━━━━━━╸───── 455/809 1.7it/s 5:28<3:32[K        2/3      14.9G     0.8522     0.4638    0.08796        447        640: 56% ━━━━━━╸───── 456/809 1.7it/s 5:28<3:25[K        2/3      14.9G      0.852     0.4639    0.08792        412        640: 56% ━━━━━━╸───── 457/809 1.8it/s 5:29<3:13[K        2/3      14.9G     0.8522     0.4638    0.08792        470        640: 56% ━━━━━━╸───── 458/809 1.8it/s 5:29<3:11[K        2/3      14.9G     0.8523     0.4638    0.08791        560        640: 56% ━━━━━━╸───── 459/809 1.8it/s 5:30<3:18[K        2/3      14.9G     0.8524     0.4638    0.08791        363        640: 56% ━━━━━━╸───── 460/809 1.8it/s 5:30<3:14[K        2/3      14.9G     0.8519     0.4639    0.08784        254        640: 56% ━━━━━━╸───── 461/809 2.0it/s 5:31<2:55[K        2/3      14.9G     0.8517     0.4638    0.08777        453        640: 57% ━━━━━━╸───── 462/809 2.0it/s 5:31<2:55[K        2/3      14.9G     0.8517     0.4638    0.08774        451        640: 57% ━━━━━━╸───── 463/809 2.0it/s 5:32<2:55[K        2/3      14.9G     0.8517     0.4638    0.08771        618        640: 57% ━━━━━━╸───── 464/809 1.8it/s 5:32<3:16[K        2/3      14.9G     0.8519     0.4638    0.08773        339        640: 57% ━━━━━━╸───── 465/809 1.9it/s 5:33<3:04[K        2/3      14.9G     0.8522     0.4638    0.08775        614        640: 57% ━━━━━━╸───── 466/809 1.8it/s 5:34<3:16[K        2/3      14.9G     0.8525     0.4637    0.08792        591        640: 57% ━━━━━━╸───── 467/809 1.6it/s 5:34<3:36[K        2/3      14.9G     0.8525     0.4637    0.08791        576        640: 57% ━━━━━━╸───── 468/809 1.6it/s 5:35<3:33[K        2/3      14.9G     0.8529     0.4636    0.08791        690        640: 57% ━━━━━━╸───── 469/809 1.4it/s 5:36<3:56[K        2/3      14.9G     0.8528     0.4636    0.08786        570        640: 58% ━━━━━━╸───── 470/809 1.5it/s 5:37<3:41[K        2/3      14.9G     0.8529     0.4637    0.08783        526        640: 58% ━━━━━━╸───── 471/809 1.5it/s 5:37<3:47[K        2/3      14.9G     0.8528     0.4637    0.08782        347        640: 58% ━━━━━━━───── 472/809 1.6it/s 5:38<3:26[K        2/3      14.9G     0.8526     0.4638    0.08775        453        640: 58% ━━━━━━━───── 473/809 1.8it/s 5:38<3:10[K        2/3      14.9G     0.8526     0.4638    0.08772        566        640: 58% ━━━━━━━───── 474/809 1.7it/s 5:39<3:13[K        2/3      14.9G     0.8527     0.4638     0.0877        545        640: 58% ━━━━━━━───── 475/809 1.7it/s 5:39<3:13[K        2/3      14.9G     0.8523     0.4638    0.08768        474        640: 58% ━━━━━━━───── 476/809 1.8it/s 5:40<3:06[K        2/3      14.9G     0.8521     0.4639    0.08767        361        640: 58% ━━━━━━━───── 477/809 1.9it/s 5:40<2:53[K        2/3      14.9G     0.8525     0.4638    0.08771        784        640: 59% ━━━━━━━───── 478/809 1.6it/s 5:42<3:30[K        2/3      14.9G     0.8525     0.4638    0.08774        547        640: 59% ━━━━━━━───── 479/809 1.6it/s 5:42<3:20[K        2/3      14.9G     0.8526     0.4638    0.08774        484        640: 59% ━━━━━━━───── 480/809 1.7it/s 5:43<3:15[K        2/3      14.9G     0.8532     0.4637    0.08777        457        640: 59% ━━━━━━━───── 481/809 1.7it/s 5:43<3:15[K        2/3      14.9G     0.8534     0.4636    0.08775        405        640: 59% ━━━━━━━───── 482/809 1.7it/s 5:44<3:09[K        2/3      14.9G     0.8535     0.4635     0.0878        582        640: 59% ━━━━━━━───── 483/809 1.5it/s 5:45<3:42[K        2/3      14.9G     0.8536     0.4635     0.0879        544        640: 59% ━━━━━━━───── 484/809 1.4it/s 5:46<3:48[K        2/3      14.9G     0.8533     0.4635    0.08784        422        640: 59% ━━━━━━━───── 485/809 1.6it/s 5:46<3:18[K        2/3      14.9G     0.8533     0.4635    0.08784        646        640: 60% ━━━━━━━───── 486/809 1.6it/s 5:47<3:19[K        2/3      14.9G     0.8532     0.4635    0.08782        591        640: 60% ━━━━━━━───── 487/809 1.7it/s 5:48<3:11[K        2/3      14.9G     0.8528     0.4636    0.08779        275        640: 60% ━━━━━━━───── 488/809 1.8it/s 5:48<2:55[K        2/3      14.9G     0.8533     0.4635     0.0878        654        640: 60% ━━━━━━━───── 489/809 1.7it/s 5:49<3:03[K        2/3      14.9G     0.8534     0.4635    0.08781        511        640: 60% ━━━━━━━───── 490/809 1.7it/s 5:49<3:04[K        2/3      14.9G     0.8534     0.4636    0.08779        297        640: 60% ━━━━━━━───── 491/809 1.8it/s 5:50<2:54[K        2/3      14.9G     0.8534     0.4636     0.0878        674        640: 60% ━━━━━━━───── 492/809 1.7it/s 5:50<3:04[K        2/3      14.9G     0.8529     0.4636    0.08775        229        640: 60% ━━━━━━━───── 493/809 2.0it/s 5:51<2:40[K        2/3      14.9G     0.8527     0.4638    0.08776        286        640: 61% ━━━━━━━───── 494/809 2.1it/s 5:51<2:32[K        2/3      14.9G     0.8528     0.4638    0.08779        415        640: 61% ━━━━━━━───── 495/809 1.9it/s 5:52<2:47[K        2/3      14.9G     0.8526      0.464    0.08775        392        640: 61% ━━━━━━━───── 496/809 1.9it/s 5:52<2:43[K        2/3      14.9G     0.8522      0.464    0.08773        344        640: 61% ━━━━━━━───── 497/809 2.0it/s 5:53<2:35[K        2/3      14.9G     0.8523      0.464    0.08772        568        640: 61% ━━━━━━━───── 498/809 1.9it/s 5:53<2:43[K        2/3      14.9G     0.8518      0.464    0.08767        422        640: 61% ━━━━━━━───── 499/809 1.9it/s 5:54<2:40[K        2/3      14.9G     0.8518      0.464    0.08767        449        640: 61% ━━━━━━━───── 500/809 1.9it/s 5:54<2:39[K        2/3      14.9G      0.852      0.464    0.08767        588        640: 61% ━━━━━━━───── 501/809 1.8it/s 5:55<2:47[K        2/3      14.9G     0.8517     0.4641    0.08762        283        640: 62% ━━━━━━━───── 502/809 2.0it/s 5:56<2:34[K        2/3      14.9G     0.8516     0.4641     0.0876        476        640: 62% ━━━━━━━───── 503/809 2.0it/s 5:56<2:33[K        2/3      14.9G     0.8518      0.464    0.08761        693        640: 62% ━━━━━━━───── 504/809 1.8it/s 5:57<2:48[K        2/3      14.9G     0.8513     0.4641    0.08755        327        640: 62% ━━━━━━━───── 505/809 2.0it/s 5:57<2:36[K        2/3      14.9G     0.8515     0.4641    0.08754        839        640: 62% ━━━━━━━╸──── 506/809 1.8it/s 5:58<2:51[K        2/3      14.9G     0.8517     0.4639    0.08766        551        640: 62% ━━━━━━━╸──── 507/809 1.5it/s 5:59<3:24[K        2/3      14.9G     0.8513     0.4641    0.08763        404        640: 62% ━━━━━━━╸──── 508/809 1.7it/s 5:60<2:59[K        2/3      14.9G     0.8509     0.4641    0.08757        359        640: 62% ━━━━━━━╸──── 509/809 1.8it/s 6:00<2:42[K        2/3      14.9G     0.8507     0.4642    0.08753        394        640: 63% ━━━━━━━╸──── 510/809 1.9it/s 6:01<2:34[K        2/3      14.9G     0.8507     0.4642    0.08753        609        640: 63% ━━━━━━━╸──── 511/809 1.8it/s 6:01<2:41[K        2/3      14.9G     0.8506     0.4642     0.0875        466        640: 63% ━━━━━━━╸──── 512/809 1.8it/s 6:02<2:42[K        2/3      14.9G     0.8509     0.4642    0.08751        375        640: 63% ━━━━━━━╸──── 513/809 1.9it/s 6:02<2:34[K        2/3      14.9G     0.8508     0.4642    0.08747        444        640: 63% ━━━━━━━╸──── 514/809 1.9it/s 6:03<2:33[K        2/3      14.9G     0.8508     0.4641    0.08758        496        640: 63% ━━━━━━━╸──── 515/809 1.6it/s 6:04<3:05[K        2/3      14.9G     0.8506     0.4641    0.08756        539        640: 63% ━━━━━━━╸──── 516/809 1.6it/s 6:05<3:03[K        2/3      14.9G     0.8504     0.4642    0.08751        434        640: 63% ━━━━━━━╸──── 517/809 1.7it/s 6:05<2:49[K        2/3      14.9G     0.8504     0.4642    0.08749        442        640: 64% ━━━━━━━╸──── 518/809 1.8it/s 6:06<2:42[K        2/3      14.9G     0.8504     0.4641    0.08748        357        640: 64% ━━━━━━━╸──── 519/809 1.9it/s 6:06<2:35[K        2/3      14.9G     0.8504     0.4641    0.08749        676        640: 64% ━━━━━━━╸──── 520/809 1.8it/s 6:07<2:45[K        2/3      14.9G     0.8501     0.4641    0.08747        310        640: 64% ━━━━━━━╸──── 521/809 1.9it/s 6:07<2:30[K        2/3      14.9G     0.8499     0.4642    0.08746        362        640: 64% ━━━━━━━╸──── 522/809 2.0it/s 6:08<2:22[K        2/3      14.9G     0.8503      0.464    0.08764        703        640: 64% ━━━━━━━╸──── 523/809 1.6it/s 6:09<2:56[K        2/3      14.9G     0.8505      0.464    0.08767        571        640: 64% ━━━━━━━╸──── 524/809 1.5it/s 6:10<3:06[K        2/3      14.9G     0.8508      0.464    0.08766        581        640: 64% ━━━━━━━╸──── 525/809 1.4it/s 6:11<3:19[K        2/3      14.9G     0.8512     0.4639    0.08777        543        640: 65% ━━━━━━━╸──── 526/809 1.4it/s 6:11<3:17[K        2/3      14.9G     0.8513     0.4638    0.08777        649        640: 65% ━━━━━━━╸──── 527/809 1.4it/s 6:12<3:19[K        2/3      14.9G     0.8518     0.4638     0.0879        790        640: 65% ━━━━━━━╸──── 528/809 1.2it/s 6:14<3:56[K        2/3      14.9G     0.8518     0.4638    0.08789        577        640: 65% ━━━━━━━╸──── 529/809 1.3it/s 6:14<3:30[K        2/3      14.9G      0.852     0.4637     0.0881        612        640: 65% ━━━━━━━╸──── 530/809 1.0it/s 6:17<4:28[K        2/3      14.9G     0.8517     0.4639    0.08804        447        640: 65% ━━━━━━━╸──── 531/809 1.4it/s 6:17<3:21[K        2/3      14.9G     0.8518     0.4639    0.08802        668        640: 65% ━━━━━━━╸──── 532/809 1.4it/s 6:18<3:15[K        2/3      14.9G     0.8524     0.4639    0.08808        769        640: 65% ━━━━━━━╸──── 533/809 1.4it/s 6:19<3:20[K        2/3      14.9G     0.8521      0.464    0.08803        255        640: 66% ━━━━━━━╸──── 534/809 1.7it/s 6:19<2:46[K        2/3      19.4G     0.8527     0.4638    0.08811       1642        640: 66% ━━━━━━━╸──── 535/809 1.4it/s 6:21<3:22[K        2/3      19.4G     0.8526     0.4638    0.08807        669        640: 66% ━━━━━━━╸──── 536/809 1.4it/s 6:22<3:15[K        2/3      19.4G     0.8528     0.4639    0.08807        503        640: 66% ━━━━━━━╸──── 537/809 1.3it/s 6:23<3:34[K        2/3      19.4G     0.8527     0.4639    0.08803        566        640: 66% ━━━━━━━╸──── 538/809 1.5it/s 6:23<3:04[K        2/3      19.4G     0.8531     0.4639    0.08814        927        640: 66% ━━━━━━━╸──── 539/809 1.2it/s 6:24<3:38[K        2/3      19.4G     0.8528     0.4639    0.08812        621        640: 66% ━━━━━━━━──── 540/809 1.4it/s 6:25<3:15[K        2/3      19.4G     0.8531     0.4638    0.08816        710        640: 66% ━━━━━━━━──── 541/809 1.3it/s 6:26<3:32[K        2/3      19.4G     0.8531     0.4639    0.08814        568        640: 66% ━━━━━━━━──── 542/809 1.4it/s 6:27<3:17[K        2/3      19.4G      0.853     0.4639    0.08815        547        640: 67% ━━━━━━━━──── 543/809 1.5it/s 6:27<2:57[K        2/3      19.4G      0.853     0.4639    0.08811        537        640: 67% ━━━━━━━━──── 544/809 1.6it/s 6:28<2:48[K        2/3      19.4G     0.8535     0.4639    0.08831        669        640: 67% ━━━━━━━━──── 545/809 1.3it/s 6:29<3:26[K        2/3      19.4G     0.8534     0.4639    0.08832        375        640: 67% ━━━━━━━━──── 546/809 1.5it/s 6:30<2:51[K        2/3      19.4G      0.853     0.4639    0.08827        471        640: 67% ━━━━━━━━──── 547/809 1.6it/s 6:31<2:44[K        2/3      19.4G     0.8525      0.464    0.08823        389        640: 67% ━━━━━━━━──── 548/809 1.8it/s 6:31<2:25[K        2/3      19.4G     0.8523     0.4641    0.08818        312        640: 67% ━━━━━━━━──── 549/809 2.0it/s 6:31<2:11[K        2/3      19.4G     0.8525     0.4641    0.08814        578        640: 67% ━━━━━━━━──── 550/809 1.8it/s 6:32<2:22[K        2/3      19.4G     0.8522     0.4641    0.08809        541        640: 68% ━━━━━━━━──── 551/809 1.9it/s 6:33<2:19[K        2/3      19.4G     0.8526      0.464    0.08815        790        640: 68% ━━━━━━━━──── 552/809 1.7it/s 6:33<2:35[K        2/3      19.4G     0.8532     0.4639    0.08828        696        640: 68% ━━━━━━━━──── 553/809 1.4it/s 6:35<3:09[K        2/3      19.4G      0.853     0.4639    0.08828        409        640: 68% ━━━━━━━━──── 554/809 1.6it/s 6:35<2:38[K        2/3      19.4G     0.8529     0.4641    0.08829        543        640: 68% ━━━━━━━━──── 555/809 1.7it/s 6:36<2:32[K        2/3      19.4G     0.8528     0.4642    0.08825        464        640: 68% ━━━━━━━━──── 556/809 1.8it/s 6:37<2:22[K        2/3      19.4G     0.8533     0.4641    0.08832        608        640: 68% ━━━━━━━━──── 557/809 1.5it/s 6:38<2:52[K        2/3      19.4G     0.8534     0.4641    0.08831        427        640: 68% ━━━━━━━━──── 558/809 1.6it/s 6:38<2:36[K        2/3      19.4G     0.8535      0.464    0.08835        812        640: 69% ━━━━━━━━──── 559/809 1.5it/s 6:39<2:50[K        2/3      19.4G     0.8534      0.464    0.08833        611        640: 69% ━━━━━━━━──── 560/809 1.5it/s 6:40<2:43[K        2/3      19.4G     0.8534      0.464    0.08833        542        640: 69% ━━━━━━━━──── 561/809 1.6it/s 6:40<2:36[K        2/3      19.4G     0.8535      0.464    0.08832        543        640: 69% ━━━━━━━━──── 562/809 1.7it/s 6:41<2:29[K        2/3      19.4G     0.8532      0.464    0.08826        480        640: 69% ━━━━━━━━──── 563/809 1.8it/s 6:42<2:20[K        2/3      19.4G     0.8531      0.464    0.08824        493        640: 69% ━━━━━━━━──── 564/809 1.8it/s 6:42<2:19[K        2/3      19.4G     0.8534     0.4639    0.08824        518        640: 69% ━━━━━━━━──── 565/809 1.7it/s 6:43<2:23[K        2/3      19.4G      0.853      0.464    0.08819        271        640: 69% ━━━━━━━━──── 566/809 1.9it/s 6:43<2:07[K        2/3      19.4G     0.8531      0.464    0.08821        506        640: 70% ━━━━━━━━──── 567/809 1.9it/s 6:44<2:10[K        2/3      19.4G     0.8534     0.4639    0.08827        931        640: 70% ━━━━━━━━──── 568/809 1.5it/s 6:46<2:44[K        2/3      19.4G     0.8534     0.4639    0.08826        681        640: 70% ━━━━━━━━──── 569/809 1.5it/s 6:46<2:37[K        2/3      19.4G     0.8532      0.464    0.08821        387        640: 70% ━━━━━━━━──── 570/809 1.8it/s 6:47<2:16[K        2/3      19.4G      0.853      0.464    0.08816        503        640: 70% ━━━━━━━━──── 571/809 1.8it/s 6:47<2:10[K        2/3      19.4G     0.8529     0.4641    0.08811        285        640: 70% ━━━━━━━━──── 572/809 2.0it/s 6:47<1:59[K        2/3      19.4G     0.8528     0.4642    0.08808        406        640: 70% ━━━━━━━━──── 573/809 2.1it/s 6:48<1:55[K        2/3      19.4G     0.8529     0.4642    0.08808        462        640: 70% ━━━━━━━━╸─── 574/809 2.0it/s 6:48<1:57[K        2/3      19.4G     0.8531     0.4641    0.08808        719        640: 71% ━━━━━━━━╸─── 575/809 1.8it/s 6:49<2:07[K        2/3      19.4G     0.8534      0.464     0.0882        828        640: 71% ━━━━━━━━╸─── 576/809 1.5it/s 6:51<2:40[K        2/3      19.4G     0.8536      0.464    0.08818        484        640: 71% ━━━━━━━━╸─── 577/809 1.5it/s 6:52<2:30[K        2/3      19.4G     0.8533     0.4642    0.08813        226        640: 71% ━━━━━━━━╸─── 578/809 1.8it/s 6:52<2:05[K        2/3      19.4G     0.8529     0.4643    0.08813        340        640: 71% ━━━━━━━━╸─── 579/809 2.0it/s 6:52<1:57[K        2/3      19.4G     0.8528     0.4643    0.08808        547        640: 71% ━━━━━━━━╸─── 580/809 1.9it/s 6:53<1:60[K        2/3      19.4G     0.8528     0.4642     0.0881        640        640: 71% ━━━━━━━━╸─── 581/809 1.8it/s 6:54<2:06[K        2/3      19.4G     0.8526     0.4643    0.08807        458        640: 71% ━━━━━━━━╸─── 582/809 1.9it/s 6:54<2:02[K        2/3      19.4G     0.8524     0.4644    0.08804        306        640: 72% ━━━━━━━━╸─── 583/809 2.0it/s 6:54<1:53[K        2/3      19.4G     0.8528     0.4644    0.08814        758        640: 72% ━━━━━━━━╸─── 584/809 1.6it/s 6:56<2:17[K        2/3      19.4G     0.8526     0.4643    0.08809        559        640: 72% ━━━━━━━━╸─── 585/809 1.7it/s 6:56<2:12[K        2/3      19.4G     0.8526     0.4644    0.08807        452        640: 72% ━━━━━━━━╸─── 586/809 1.8it/s 6:57<2:07[K        2/3      19.4G     0.8526     0.4643    0.08807        489        640: 72% ━━━━━━━━╸─── 587/809 1.7it/s 6:57<2:08[K        2/3      19.4G     0.8527     0.4643    0.08811        678        640: 72% ━━━━━━━━╸─── 588/809 1.5it/s 6:58<2:24[K        2/3      19.4G     0.8526     0.4643    0.08807        592        640: 72% ━━━━━━━━╸─── 589/809 1.6it/s 6:59<2:16[K        2/3      19.4G     0.8527     0.4643    0.08811        644        640: 72% ━━━━━━━━╸─── 590/809 1.5it/s 6:60<2:23[K        2/3      19.4G     0.8529     0.4643    0.08808        462        640: 73% ━━━━━━━━╸─── 591/809 1.7it/s 7:00<2:12[K        2/3      19.4G     0.8528     0.4643    0.08806        656        640: 73% ━━━━━━━━╸─── 592/809 1.6it/s 7:01<2:19[K        2/3      19.4G     0.8529     0.4642    0.08803        703        640: 73% ━━━━━━━━╸─── 593/809 1.5it/s 7:02<2:20[K        2/3      19.4G     0.8527     0.4642    0.08801        474        640: 73% ━━━━━━━━╸─── 594/809 1.7it/s 7:02<2:09[K        2/3      19.4G     0.8524     0.4643      0.088        281        640: 73% ━━━━━━━━╸─── 595/809 1.9it/s 7:03<1:54[K        2/3      19.4G     0.8523     0.4642    0.08798        484        640: 73% ━━━━━━━━╸─── 596/809 1.9it/s 7:03<1:53[K        2/3      19.4G     0.8522     0.4643    0.08793        561        640: 73% ━━━━━━━━╸─── 597/809 1.8it/s 7:04<1:55[K        2/3      19.4G     0.8522     0.4645    0.08792        205        640: 73% ━━━━━━━━╸─── 598/809 2.1it/s 7:04<1:43[K        2/3      19.4G     0.8517     0.4646    0.08788        444        640: 74% ━━━━━━━━╸─── 599/809 2.0it/s 7:04<1:43[K        2/3      19.4G     0.8517     0.4646    0.08785        503        640: 74% ━━━━━━━━╸─── 600/809 2.0it/s 7:05<1:47[K        2/3      19.4G     0.8517     0.4647    0.08787        454        640: 74% ━━━━━━━━╸─── 601/809 1.8it/s 7:06<1:53[K        2/3      19.4G     0.8515     0.4647    0.08786        245        640: 74% ━━━━━━━━╸─── 602/809 2.0it/s 7:06<1:43[K        2/3      19.4G     0.8513     0.4647    0.08785        427        640: 74% ━━━━━━━━╸─── 603/809 2.1it/s 7:07<1:40[K        2/3      19.4G     0.8516     0.4647    0.08787        651        640: 74% ━━━━━━━━╸─── 604/809 1.9it/s 7:07<1:47[K        2/3      19.4G     0.8516     0.4647    0.08784        367        640: 74% ━━━━━━━━╸─── 605/809 2.0it/s 7:08<1:42[K        2/3      19.4G     0.8513     0.4648    0.08779        356        640: 74% ━━━━━━━━╸─── 606/809 2.1it/s 7:08<1:38[K        2/3      19.4G     0.8515     0.4648    0.08779        552        640: 75% ━━━━━━━━━─── 607/809 1.9it/s 7:09<1:49[K        2/3      19.4G     0.8512     0.4648    0.08777        431        640: 75% ━━━━━━━━━─── 608/809 1.8it/s 7:09<1:49[K        2/3      19.4G      0.851     0.4648    0.08773        560        640: 75% ━━━━━━━━━─── 609/809 1.8it/s 7:10<1:49[K        2/3      19.4G     0.8508     0.4648    0.08773        415        640: 75% ━━━━━━━━━─── 610/809 1.9it/s 7:10<1:45[K        2/3      19.4G     0.8509     0.4648    0.08775        400        640: 75% ━━━━━━━━━─── 611/809 1.8it/s 7:11<1:49[K        2/3      19.4G     0.8513     0.4647    0.08797        784        640: 75% ━━━━━━━━━─── 612/809 1.5it/s 7:12<2:13[K        2/3      19.4G     0.8514     0.4647    0.08797        309        640: 75% ━━━━━━━━━─── 613/809 1.7it/s 7:13<1:56[K        2/3      19.4G     0.8509     0.4647    0.08792        491        640: 75% ━━━━━━━━━─── 614/809 1.8it/s 7:13<1:50[K        2/3      19.4G      0.851     0.4647    0.08795        737        640: 76% ━━━━━━━━━─── 615/809 1.6it/s 7:14<2:04[K        2/3      19.4G     0.8508     0.4647    0.08792        300        640: 76% ━━━━━━━━━─── 616/809 1.7it/s 7:15<1:50[K        2/3      19.4G     0.8507     0.4647    0.08788        512        640: 76% ━━━━━━━━━─── 617/809 1.8it/s 7:15<1:45[K        2/3      19.4G     0.8509     0.4647    0.08791        585        640: 76% ━━━━━━━━━─── 618/809 1.7it/s 7:16<1:54[K        2/3      19.4G      0.851     0.4647    0.08793        442        640: 76% ━━━━━━━━━─── 619/809 1.7it/s 7:17<1:53[K        2/3      19.4G     0.8512     0.4647    0.08794        605        640: 76% ━━━━━━━━━─── 620/809 1.6it/s 7:17<1:57[K        2/3      19.4G     0.8511     0.4648    0.08791        483        640: 76% ━━━━━━━━━─── 621/809 1.8it/s 7:18<1:46[K        2/3      19.4G     0.8513     0.4648    0.08789        761        640: 76% ━━━━━━━━━─── 622/809 1.7it/s 7:19<1:50[K        2/3      19.4G     0.8516     0.4647    0.08798        857        640: 77% ━━━━━━━━━─── 623/809 1.5it/s 7:20<2:07[K        2/3      19.4G     0.8514     0.4647    0.08795        432        640: 77% ━━━━━━━━━─── 624/809 1.6it/s 7:20<1:55[K        2/3      19.4G     0.8516     0.4647    0.08796        773        640: 77% ━━━━━━━━━─── 625/809 1.5it/s 7:21<2:06[K        2/3      19.4G     0.8512     0.4648    0.08795        361        640: 77% ━━━━━━━━━─── 626/809 1.7it/s 7:21<1:46[K        2/3      19.4G      0.851     0.4649    0.08791        540        640: 77% ━━━━━━━━━─── 627/809 1.8it/s 7:22<1:43[K        2/3      19.4G     0.8513     0.4648    0.08789        634        640: 77% ━━━━━━━━━─── 628/809 1.7it/s 7:23<1:47[K        2/3      19.4G      0.851     0.4649    0.08787        404        640: 77% ━━━━━━━━━─── 629/809 1.8it/s 7:23<1:40[K        2/3      19.4G      0.851      0.465    0.08785        428        640: 77% ━━━━━━━━━─── 630/809 1.9it/s 7:24<1:35[K        2/3      19.4G     0.8514     0.4649    0.08792        677        640: 77% ━━━━━━━━━─── 631/809 1.5it/s 7:25<1:56[K        2/3      19.4G     0.8515     0.4648    0.08789        634        640: 78% ━━━━━━━━━─── 632/809 1.4it/s 7:26<2:10[K        2/3      19.4G     0.8518     0.4648    0.08793        474        640: 78% ━━━━━━━━━─── 633/809 1.4it/s 7:27<2:05[K        2/3      19.4G     0.8518     0.4647    0.08791        662        640: 78% ━━━━━━━━━─── 634/809 1.5it/s 7:27<1:59[K        2/3      19.4G     0.8516     0.4648    0.08789        503        640: 78% ━━━━━━━━━─── 635/809 1.6it/s 7:28<1:49[K        2/3      19.4G     0.8519     0.4647     0.0881        881        640: 78% ━━━━━━━━━─── 636/809 1.2it/s 7:30<2:19[K        2/3      19.4G     0.8525     0.4646    0.08837        712        640: 78% ━━━━━━━━━─── 637/809 1.1it/s 7:32<2:42[K        2/3      19.4G     0.8525     0.4646    0.08837        373        640: 78% ━━━━━━━━━─── 638/809 1.3it/s 7:32<2:12[K        2/3      19.4G     0.8523     0.4646    0.08833        651        640: 78% ━━━━━━━━━─── 639/809 1.4it/s 7:33<2:02[K        2/3      19.4G     0.8521     0.4646    0.08826        349        640: 79% ━━━━━━━━━─── 640/809 1.6it/s 7:33<1:48[K        2/3      19.4G     0.8522     0.4646    0.08827        643        640: 79% ━━━━━━━━━╸── 641/809 1.5it/s 7:34<1:52[K        2/3      19.4G     0.8522     0.4646    0.08824        283        640: 79% ━━━━━━━━━╸── 642/809 1.7it/s 7:35<1:36[K        2/3      19.4G     0.8518     0.4646     0.0882        319        640: 79% ━━━━━━━━━╸── 643/809 1.9it/s 7:35<1:28[K        2/3      19.4G     0.8523     0.4645    0.08841        734        640: 79% ━━━━━━━━━╸── 644/809 1.5it/s 7:37<1:52[K        2/3      19.4G     0.8522     0.4646     0.0884        450        640: 79% ━━━━━━━━━╸── 645/809 1.6it/s 7:38<1:45[K        2/3      19.4G     0.8522     0.4647    0.08835        390        640: 79% ━━━━━━━━━╸── 646/809 1.7it/s 7:38<1:34[K        2/3      19.4G     0.8524     0.4646    0.08842        795        640: 79% ━━━━━━━━━╸── 647/809 1.5it/s 7:39<1:48[K        2/3      19.4G     0.8525     0.4646    0.08842        595        640: 80% ━━━━━━━━━╸── 648/809 1.3it/s 7:40<2:00[K        2/3      19.4G     0.8524     0.4645    0.08845        504        640: 80% ━━━━━━━━━╸── 649/809 1.4it/s 7:41<1:56[K        2/3      19.4G     0.8523     0.4645    0.08843        829        640: 80% ━━━━━━━━━╸── 650/809 1.4it/s 7:42<1:54[K        2/3      19.4G     0.8523     0.4645    0.08846        657        640: 80% ━━━━━━━━━╸── 651/809 1.3it/s 7:42<1:59[K        2/3      19.4G     0.8521     0.4645    0.08843        506        640: 80% ━━━━━━━━━╸── 652/809 1.5it/s 7:43<1:47[K        2/3      19.4G     0.8518     0.4645    0.08839        294        640: 80% ━━━━━━━━━╸── 653/809 1.7it/s 7:43<1:31[K        2/3      19.4G     0.8517     0.4645    0.08838        547        640: 80% ━━━━━━━━━╸── 654/809 1.8it/s 7:44<1:28[K        2/3      19.4G     0.8516     0.4645     0.0884        472        640: 80% ━━━━━━━━━╸── 655/809 1.8it/s 7:44<1:25[K        2/3      19.4G     0.8513     0.4646    0.08838        281        640: 81% ━━━━━━━━━╸── 656/809 1.9it/s 7:45<1:21[K        2/3      19.4G     0.8516     0.4645     0.0884        515        640: 81% ━━━━━━━━━╸── 657/809 1.8it/s 7:46<1:23[K        2/3      19.4G     0.8518     0.4645    0.08846        910        640: 81% ━━━━━━━━━╸── 658/809 1.5it/s 7:47<1:42[K        2/3      19.4G     0.8517     0.4645    0.08846        636        640: 81% ━━━━━━━━━╸── 659/809 1.5it/s 7:48<1:39[K        2/3      19.4G     0.8515     0.4646    0.08843        418        640: 81% ━━━━━━━━━╸── 660/809 1.7it/s 7:48<1:26[K        2/3      19.4G     0.8515     0.4646    0.08843        549        640: 81% ━━━━━━━━━╸── 661/809 1.7it/s 7:49<1:25[K        2/3      19.4G     0.8514     0.4646    0.08843        517        640: 81% ━━━━━━━━━╸── 662/809 1.8it/s 7:49<1:23[K        2/3      19.4G     0.8512     0.4646    0.08839        346        640: 81% ━━━━━━━━━╸── 663/809 1.9it/s 7:50<1:16[K        2/3      19.4G      0.851     0.4646    0.08835        307        640: 82% ━━━━━━━━━╸── 664/809 2.0it/s 7:50<1:13[K        2/3      19.4G     0.8512     0.4646    0.08838        606        640: 82% ━━━━━━━━━╸── 665/809 1.8it/s 7:51<1:20[K        2/3      19.4G     0.8512     0.4645    0.08839        441        640: 82% ━━━━━━━━━╸── 666/809 1.8it/s 7:51<1:18[K        2/3      19.4G     0.8509     0.4646    0.08834        486        640: 82% ━━━━━━━━━╸── 667/809 1.9it/s 7:52<1:16[K        2/3      19.4G     0.8507     0.4646    0.08832        529        640: 82% ━━━━━━━━━╸── 668/809 1.8it/s 7:52<1:18[K        2/3      19.4G     0.8511     0.4645    0.08834        550        640: 82% ━━━━━━━━━╸── 669/809 1.7it/s 7:53<1:21[K        2/3      19.4G     0.8509     0.4646    0.08831        480        640: 82% ━━━━━━━━━╸── 670/809 1.8it/s 7:54<1:19[K        2/3      19.4G     0.8509     0.4646     0.0883        609        640: 82% ━━━━━━━━━╸── 671/809 1.7it/s 7:54<1:23[K        2/3      19.4G     0.8514     0.4646    0.08846        644        640: 83% ━━━━━━━━━╸── 672/809 1.3it/s 7:57<1:45[K        2/3      19.4G     0.8514     0.4645    0.08847        551        640: 83% ━━━━━━━━━╸── 673/809 1.3it/s 7:57<1:42[K        2/3      19.4G     0.8513     0.4646    0.08848        562        640: 83% ━━━━━━━━━╸── 674/809 1.4it/s 7:58<1:36[K        2/3      19.4G     0.8516     0.4645    0.08849        697        640: 83% ━━━━━━━━━━── 675/809 1.4it/s 7:59<1:35[K        2/3      19.4G     0.8515     0.4645    0.08844        364        640: 83% ━━━━━━━━━━── 676/809 1.6it/s 7:59<1:21[K        2/3      19.4G     0.8515     0.4645    0.08843        622        640: 83% ━━━━━━━━━━── 677/809 1.6it/s 7:60<1:20[K        2/3      19.4G     0.8513     0.4646     0.0884        306        640: 83% ━━━━━━━━━━── 678/809 1.9it/s 8:00<1:10[K        2/3      19.4G     0.8509     0.4646    0.08836        307        640: 83% ━━━━━━━━━━── 679/809 2.0it/s 8:00<1:05[K        2/3      19.4G     0.8508     0.4647    0.08834        371        640: 84% ━━━━━━━━━━── 680/809 2.0it/s 8:01<1:04[K        2/3      19.4G     0.8507     0.4647    0.08831        356        640: 84% ━━━━━━━━━━── 681/809 2.1it/s 8:01<1:02[K        2/3      19.4G     0.8507     0.4647    0.08831        542        640: 84% ━━━━━━━━━━── 682/809 2.0it/s 8:02<1:04[K        2/3      19.4G     0.8508     0.4647    0.08831        517        640: 84% ━━━━━━━━━━── 683/809 1.9it/s 8:03<1:07[K        2/3      19.4G     0.8509     0.4647     0.0883        673        640: 84% ━━━━━━━━━━── 684/809 1.6it/s 8:04<1:19[K        2/3      19.4G     0.8508     0.4647    0.08826        593        640: 84% ━━━━━━━━━━── 685/809 1.6it/s 8:04<1:17[K        2/3      19.4G     0.8508     0.4647    0.08824        464        640: 84% ━━━━━━━━━━── 686/809 1.6it/s 8:05<1:17[K        2/3      19.4G     0.8509     0.4647    0.08826        900        640: 84% ━━━━━━━━━━── 687/809 1.5it/s 8:06<1:24[K        2/3      19.4G     0.8509     0.4647    0.08824        429        640: 85% ━━━━━━━━━━── 688/809 1.6it/s 8:06<1:18[K        2/3      19.4G      0.851     0.4647    0.08825        488        640: 85% ━━━━━━━━━━── 689/809 1.6it/s 8:07<1:15[K        2/3      19.4G     0.8512     0.4647    0.08826        424        640: 85% ━━━━━━━━━━── 690/809 1.6it/s 8:08<1:12[K        2/3      19.4G     0.8515     0.4646    0.08837        892        640: 85% ━━━━━━━━━━── 691/809 1.4it/s 8:09<1:26[K        2/3      19.4G     0.8513     0.4646    0.08839        451        640: 85% ━━━━━━━━━━── 692/809 1.5it/s 8:10<1:17[K        2/3      19.4G     0.8516     0.4645    0.08843        838        640: 85% ━━━━━━━━━━── 693/809 1.4it/s 8:10<1:21[K        2/3      19.4G     0.8519     0.4645    0.08841        566        640: 85% ━━━━━━━━━━── 694/809 1.5it/s 8:11<1:17[K        2/3      19.4G     0.8517     0.4645     0.0884        589        640: 85% ━━━━━━━━━━── 695/809 1.6it/s 8:12<1:13[K        2/3      19.4G     0.8514     0.4646    0.08837        467        640: 86% ━━━━━━━━━━── 696/809 1.6it/s 8:12<1:09[K        2/3      19.4G     0.8512     0.4646    0.08834        416        640: 86% ━━━━━━━━━━── 697/809 1.7it/s 8:13<1:04[K        2/3      19.4G     0.8512     0.4646    0.08832        504        640: 86% ━━━━━━━━━━── 698/809 1.8it/s 8:13<1:03[K        2/3      19.4G     0.8514     0.4646    0.08837        808        640: 86% ━━━━━━━━━━── 699/809 1.6it/s 8:14<1:08[K        2/3      19.4G     0.8509     0.4647    0.08832        294        640: 86% ━━━━━━━━━━── 700/809 1.8it/s 8:14<1:00[K        2/3      19.4G      0.851     0.4646     0.0883        677        640: 86% ━━━━━━━━━━── 701/809 1.8it/s 8:15<1:01[K        2/3      19.4G      0.851     0.4646    0.08834        370        640: 86% ━━━━━━━━━━── 702/809 1.8it/s 8:16<58.9s[K        2/3      19.4G     0.8511     0.4646    0.08844        666        640: 86% ━━━━━━━━━━── 703/809 1.5it/s 8:17<1:11[K        2/3      19.4G     0.8511     0.4646    0.08844        523        640: 87% ━━━━━━━━━━── 704/809 1.4it/s 8:18<1:16[K        2/3      19.4G      0.851     0.4647     0.0884        424        640: 87% ━━━━━━━━━━── 705/809 1.6it/s 8:18<1:06[K        2/3      19.4G     0.8508     0.4647    0.08839        422        640: 87% ━━━━━━━━━━── 706/809 1.7it/s 8:19<1:02[K        2/3      19.4G     0.8507     0.4648    0.08836        381        640: 87% ━━━━━━━━━━── 707/809 1.8it/s 8:19<55.9s[K        2/3      19.4G     0.8506     0.4648    0.08835        463        640: 87% ━━━━━━━━━━╸─ 708/809 1.9it/s 8:20<53.5s[K        2/3      19.4G     0.8503     0.4648    0.08832        269        640: 87% ━━━━━━━━━━╸─ 709/809 2.1it/s 8:20<48.6s[K        2/3      19.4G     0.8499     0.4648    0.08827        336        640: 87% ━━━━━━━━━━╸─ 710/809 2.2it/s 8:20<45.6s[K        2/3      19.4G     0.8501     0.4648    0.08832        910        640: 87% ━━━━━━━━━━╸─ 711/809 1.7it/s 8:22<57.9s[K        2/3      19.4G     0.8502     0.4647    0.08834        785        640: 88% ━━━━━━━━━━╸─ 712/809 1.4it/s 8:24<1:11[K        2/3      19.4G     0.8499     0.4648    0.08831        433        640: 88% ━━━━━━━━━━╸─ 713/809 1.6it/s 8:24<1:01[K        2/3      19.4G     0.8502     0.4647    0.08833        579        640: 88% ━━━━━━━━━━╸─ 714/809 1.5it/s 8:25<1:04[K        2/3      19.4G     0.8504     0.4647    0.08834        762        640: 88% ━━━━━━━━━━╸─ 715/809 1.5it/s 8:26<1:04[K        2/3      19.4G     0.8502     0.4647    0.08834        448        640: 88% ━━━━━━━━━━╸─ 716/809 1.5it/s 8:26<1:00[K        2/3      19.4G     0.8501     0.4648    0.08831        381        640: 88% ━━━━━━━━━━╸─ 717/809 1.8it/s 8:27<51.7s[K        2/3      19.4G     0.8499     0.4648    0.08826        463        640: 88% ━━━━━━━━━━╸─ 718/809 1.8it/s 8:27<49.4s[K        2/3      19.4G     0.8501     0.4648    0.08827        450        640: 88% ━━━━━━━━━━╸─ 719/809 1.8it/s 8:28<48.9s[K        2/3      19.4G       0.85     0.4648    0.08826        462        640: 88% ━━━━━━━━━━╸─ 720/809 1.8it/s 8:28<49.4s[K        2/3      19.4G     0.8502     0.4647    0.08828        730        640: 89% ━━━━━━━━━━╸─ 721/809 1.7it/s 8:29<53.0s[K        2/3      19.4G     0.8504     0.4647    0.08842        792        640: 89% ━━━━━━━━━━╸─ 722/809 1.3it/s 8:31<1:07[K        2/3      19.4G     0.8509     0.4646    0.08852        710        640: 89% ━━━━━━━━━━╸─ 723/809 1.1it/s 8:33<1:15[K        2/3      19.4G     0.8509     0.4646    0.08849        425        640: 89% ━━━━━━━━━━╸─ 724/809 1.3it/s 8:33<1:04[K        2/3      19.4G     0.8507     0.4646    0.08845        446        640: 89% ━━━━━━━━━━╸─ 725/809 1.6it/s 8:34<53.2s[K        2/3      19.4G     0.8507     0.4646    0.08848        456        640: 89% ━━━━━━━━━━╸─ 726/809 1.6it/s 8:34<53.0s[K        2/3      19.4G     0.8509     0.4645    0.08852        831        640: 89% ━━━━━━━━━━╸─ 727/809 1.4it/s 8:35<56.8s[K        2/3      19.4G     0.8507     0.4646    0.08848        294        640: 89% ━━━━━━━━━━╸─ 728/809 1.7it/s 8:36<48.9s[K        2/3      19.4G     0.8507     0.4646    0.08845        698        640: 90% ━━━━━━━━━━╸─ 729/809 1.6it/s 8:36<48.8s[K        2/3      19.4G     0.8506     0.4646    0.08843        564        640: 90% ━━━━━━━━━━╸─ 730/809 1.7it/s 8:37<47.1s[K        2/3      19.4G     0.8506     0.4646    0.08842        573        640: 90% ━━━━━━━━━━╸─ 731/809 1.7it/s 8:37<46.2s[K        2/3      19.4G     0.8505     0.4646    0.08843        432        640: 90% ━━━━━━━━━━╸─ 732/809 1.6it/s 8:38<47.0s[K        2/3      19.4G     0.8502     0.4647    0.08838        412        640: 90% ━━━━━━━━━━╸─ 733/809 1.8it/s 8:38<42.0s[K        2/3      19.4G     0.8502     0.4647    0.08836        467        640: 90% ━━━━━━━━━━╸─ 734/809 1.8it/s 8:39<40.8s[K        2/3      19.4G     0.8502     0.4646    0.08835        523        640: 90% ━━━━━━━━━━╸─ 735/809 1.8it/s 8:40<40.1s[K        2/3      19.4G       0.85     0.4647     0.0883        399        640: 90% ━━━━━━━━━━╸─ 736/809 1.9it/s 8:40<38.6s[K        2/3      19.4G       0.85     0.4647    0.08828        313        640: 91% ━━━━━━━━━━╸─ 737/809 2.0it/s 8:41<36.3s[K        2/3      19.4G       0.85     0.4647    0.08828        737        640: 91% ━━━━━━━━━━╸─ 738/809 1.8it/s 8:41<39.2s[K        2/3      19.4G     0.8497     0.4648    0.08827        255        640: 91% ━━━━━━━━━━╸─ 739/809 2.0it/s 8:42<34.7s[K        2/3      19.4G     0.8494     0.4649    0.08822        411        640: 91% ━━━━━━━━━━╸─ 740/809 2.1it/s 8:42<33.1s[K        2/3      19.4G     0.8494     0.4648     0.0882        439        640: 91% ━━━━━━━━━━╸─ 741/809 2.1it/s 8:43<32.8s[K        2/3      19.4G     0.8496     0.4648    0.08819        457        640: 91% ━━━━━━━━━━━─ 742/809 2.0it/s 8:43<34.0s[K        2/3      19.4G     0.8498     0.4648    0.08822        480        640: 91% ━━━━━━━━━━━─ 743/809 1.7it/s 8:44<38.5s[K        2/3      19.4G     0.8496     0.4648     0.0882        430        640: 91% ━━━━━━━━━━━─ 744/809 1.7it/s 8:45<37.2s[K        2/3      19.4G     0.8495     0.4648    0.08822        455        640: 92% ━━━━━━━━━━━─ 745/809 1.5it/s 8:46<41.8s[K        2/3      19.4G     0.8493     0.4648     0.0882        413        640: 92% ━━━━━━━━━━━─ 746/809 1.6it/s 8:46<39.2s[K        2/3      19.4G     0.8493     0.4648     0.0882        577        640: 92% ━━━━━━━━━━━─ 747/809 1.6it/s 8:47<37.8s[K        2/3      19.4G     0.8491     0.4648    0.08817        557        640: 92% ━━━━━━━━━━━─ 748/809 1.6it/s 8:47<37.2s[K        2/3      19.4G     0.8488     0.4648    0.08811        309        640: 92% ━━━━━━━━━━━─ 749/809 1.9it/s 8:48<32.3s[K        2/3      19.4G     0.8491     0.4648    0.08817        568        640: 92% ━━━━━━━━━━━─ 750/809 1.7it/s 8:48<34.8s[K        2/3      19.4G      0.849     0.4649    0.08815        361        640: 92% ━━━━━━━━━━━─ 751/809 1.8it/s 8:49<32.1s[K        2/3      19.4G     0.8492     0.4648    0.08815        698        640: 92% ━━━━━━━━━━━─ 752/809 1.6it/s 8:50<34.7s[K        2/3      19.4G     0.8493     0.4648    0.08817        296        640: 93% ━━━━━━━━━━━─ 753/809 1.8it/s 8:50<31.0s[K        2/3      19.4G     0.8496     0.4648    0.08831        595        640: 93% ━━━━━━━━━━━─ 754/809 1.5it/s 8:52<37.6s[K        2/3      19.4G     0.8497     0.4648    0.08834        870        640: 93% ━━━━━━━━━━━─ 755/809 1.4it/s 8:53<40.0s[K        2/3      19.4G     0.8498     0.4647    0.08836        792        640: 93% ━━━━━━━━━━━─ 756/809 1.3it/s 8:54<41.2s[K        2/3      19.4G     0.8495     0.4648    0.08833        331        640: 93% ━━━━━━━━━━━─ 757/809 1.6it/s 8:54<33.1s[K        2/3      19.4G     0.8495     0.4648    0.08833        511        640: 93% ━━━━━━━━━━━─ 758/809 1.6it/s 8:55<31.7s[K        2/3      19.4G     0.8495     0.4648     0.0883        453        640: 93% ━━━━━━━━━━━─ 759/809 1.7it/s 8:55<29.0s[K        2/3      19.4G     0.8496     0.4648     0.0883        590        640: 93% ━━━━━━━━━━━─ 760/809 1.6it/s 8:56<29.7s[K        2/3      19.4G     0.8495     0.4648     0.0883        291        640: 94% ━━━━━━━━━━━─ 761/809 1.8it/s 8:56<26.1s[K        2/3      19.4G     0.8493     0.4649    0.08825        552        640: 94% ━━━━━━━━━━━─ 762/809 1.9it/s 8:57<25.2s[K        2/3      19.4G     0.8495     0.4648    0.08832        658        640: 94% ━━━━━━━━━━━─ 763/809 1.5it/s 8:58<30.6s[K        2/3      19.4G     0.8495     0.4648     0.0883        704        640: 94% ━━━━━━━━━━━─ 764/809 1.5it/s 8:59<29.9s[K        2/3      19.4G     0.8496     0.4648     0.0883        280        640: 94% ━━━━━━━━━━━─ 765/809 1.7it/s 8:59<25.4s[K        2/3      19.4G     0.8496     0.4648     0.0883        589        640: 94% ━━━━━━━━━━━─ 766/809 1.7it/s 8:60<25.3s[K        2/3      19.4G     0.8498     0.4648     0.0883        865        640: 94% ━━━━━━━━━━━─ 767/809 1.5it/s 9:01<28.0s[K        2/3      19.4G     0.8502     0.4647    0.08833        688        640: 94% ━━━━━━━━━━━─ 768/809 1.3it/s 9:02<32.3s[K        2/3      19.4G     0.8502     0.4647    0.08836        817        640: 95% ━━━━━━━━━━━─ 769/809 1.3it/s 9:03<31.9s[K        2/3      19.4G     0.8503     0.4646    0.08833        531        640: 95% ━━━━━━━━━━━─ 770/809 1.4it/s 9:04<27.1s[K        2/3      19.4G     0.8503     0.4646    0.08832        507        640: 95% ━━━━━━━━━━━─ 771/809 1.6it/s 9:04<24.1s[K        2/3      19.4G     0.8504     0.4646    0.08832        492        640: 95% ━━━━━━━━━━━─ 772/809 1.7it/s 9:05<22.1s[K        2/3      19.4G     0.8507     0.4646    0.08833        555        640: 95% ━━━━━━━━━━━─ 773/809 1.6it/s 9:05<22.5s[K        2/3      19.4G     0.8508     0.4646    0.08833        689        640: 95% ━━━━━━━━━━━─ 774/809 1.5it/s 9:06<23.2s[K        2/3      19.4G     0.8511     0.4646    0.08848        708        640: 95% ━━━━━━━━━━━─ 775/809 1.4it/s 9:07<25.0s[K        2/3      19.4G     0.8511     0.4647    0.08847        362        640: 95% ━━━━━━━━━━━╸ 776/809 1.5it/s 9:08<21.5s[K        2/3      19.4G     0.8515     0.4646    0.08855        788        640: 96% ━━━━━━━━━━━╸ 777/809 1.4it/s 9:09<23.3s[K        2/3      19.4G     0.8514     0.4646    0.08852        693        640: 96% ━━━━━━━━━━━╸ 778/809 1.4it/s 9:09<22.0s[K        2/3      19.4G     0.8517     0.4645    0.08859        713        640: 96% ━━━━━━━━━━━╸ 779/809 1.4it/s 9:10<22.1s[K        2/3      19.4G     0.8517     0.4645    0.08858        357        640: 96% ━━━━━━━━━━━╸ 780/809 1.6it/s 9:11<18.4s[K        2/3      19.4G     0.8515     0.4646    0.08855        450        640: 96% ━━━━━━━━━━━╸ 781/809 1.7it/s 9:11<16.1s[K        2/3      19.4G     0.8515     0.4646    0.08852        610        640: 96% ━━━━━━━━━━━╸ 782/809 1.7it/s 9:12<15.7s[K        2/3      19.4G     0.8516     0.4646    0.08851        583        640: 96% ━━━━━━━━━━━╸ 783/809 1.7it/s 9:12<15.2s[K        2/3      19.4G     0.8516     0.4646     0.0885        564        640: 96% ━━━━━━━━━━━╸ 784/809 1.7it/s 9:13<14.8s[K        2/3      19.4G     0.8515     0.4646    0.08848        373        640: 97% ━━━━━━━━━━━╸ 785/809 1.8it/s 9:13<13.4s[K        2/3      19.4G     0.8511     0.4647    0.08845        497        640: 97% ━━━━━━━━━━━╸ 786/809 1.8it/s 9:14<12.5s[K        2/3      19.4G     0.8508     0.4648    0.08848        253        640: 97% ━━━━━━━━━━━╸ 787/809 2.0it/s 9:14<11.0s[K        2/3      19.4G      0.851     0.4648    0.08848        580        640: 97% ━━━━━━━━━━━╸ 788/809 1.7it/s 9:15<12.4s[K        2/3      19.4G     0.8508     0.4648    0.08843        401        640: 97% ━━━━━━━━━━━╸ 789/809 1.8it/s 9:16<11.0s[K        2/3      19.4G     0.8507     0.4649    0.08841        438        640: 97% ━━━━━━━━━━━╸ 790/809 1.9it/s 9:16<10.1s[K        2/3      19.4G     0.8507     0.4649    0.08839        408        640: 97% ━━━━━━━━━━━╸ 791/809 1.9it/s 9:17<9.4s[K        2/3      19.4G     0.8507     0.4649    0.08838        515        640: 97% ━━━━━━━━━━━╸ 792/809 1.8it/s 9:17<9.4s[K        2/3      19.4G     0.8511     0.4648    0.08846        755        640: 98% ━━━━━━━━━━━╸ 793/809 1.5it/s 9:19<10.7s[K        2/3      19.4G     0.8513     0.4648    0.08847        816        640: 98% ━━━━━━━━━━━╸ 794/809 1.3it/s 9:20<11.9s[K        2/3      19.4G     0.8514     0.4648    0.08847        619        640: 98% ━━━━━━━━━━━╸ 795/809 1.3it/s 9:21<10.5s[K        2/3      19.4G     0.8514     0.4647    0.08846        444        640: 98% ━━━━━━━━━━━╸ 796/809 1.5it/s 9:21<8.8s[K        2/3      19.4G     0.8513     0.4647    0.08846        610        640: 98% ━━━━━━━━━━━╸ 797/809 1.5it/s 9:22<7.8s[K        2/3      19.4G     0.8516     0.4647    0.08851        773        640: 98% ━━━━━━━━━━━╸ 798/809 1.3it/s 9:23<8.2s[K        2/3      19.4G     0.8514     0.4647    0.08849        273        640: 98% ━━━━━━━━━━━╸ 799/809 1.7it/s 9:24<6.0s[K        2/3      19.4G     0.8519     0.4646     0.0886        935        640: 98% ━━━━━━━━━━━╸ 800/809 1.3it/s 9:25<6.8s[K        2/3      19.4G     0.8522     0.4645    0.08863        676        640: 99% ━━━━━━━━━━━╸ 801/809 1.2it/s 9:26<6.5s[K        2/3      19.4G     0.8522     0.4645    0.08865        665        640: 99% ━━━━━━━━━━━╸ 802/809 1.3it/s 9:27<5.5s[K        2/3      19.4G     0.8521     0.4645    0.08863        443        640: 99% ━━━━━━━━━━━╸ 803/809 1.5it/s 9:28<4.0s[K        2/3      19.4G     0.8524     0.4644    0.08869        837        640: 99% ━━━━━━━━━━━╸ 804/809 1.3it/s 9:29<3.8s[K        2/3      19.4G     0.8522     0.4645    0.08867        224        640: 99% ━━━━━━━━━━━╸ 805/809 1.7it/s 9:29<2.4s[K        2/3      19.4G     0.8521     0.4646    0.08865        422        640: 99% ━━━━━━━━━━━╸ 806/809 1.8it/s 9:30<1.7s[K        2/3      19.4G      0.852     0.4646    0.08866        371        640: 99% ━━━━━━━━━━━╸ 807/809 1.9it/s 9:30<1.0s[K        2/3      19.4G     0.8522     0.4645    0.08869        503        640: 99% ━━━━━━━━━━━╸ 808/809 1.7it/s 9:31<0.6s[K        2/3      19.4G     0.8522     0.4645    0.08869        503        640: 100% ━━━━━━━━━━━━ 809/809 1.4it/s 9:31
[K                 Class     Images  Instances      Box(P          R      mAP50  mAP50-95): 2% ──────────── 1/35 1.1s/it 0.3s<38.2s[K                 Class     Images  Instances      Box(P          R      mAP50  mAP50-95): 5% ╸─────────── 2/35 2.3it/s 0.5s<14.2s[K                 Class     Images  Instances      Box(P          R      mAP50  mAP50-95): 8% ━─────────── 3/35 2.9it/s 0.8s<11.2s[K                 Class     Images  Instances      Box(P          R      mAP50  mAP50-95): 11% ━─────────── 4/35 3.1it/s 1.0s<9.9s[K                 Class     Images  Instances      Box(P          R      mAP50  mAP50-95): 14% ━╸────────── 5/35 3.2it/s 1.3s<9.4s[K                 Class     Images  Instances      Box(P          R      mAP50  mAP50-95): 17% ━━────────── 6/35 3.3it/s 1.6s<8.9s[K                 Class     Images  Instances      Box(P          R      mAP50  mAP50-95): 20% ━━────────── 7/35 3.4it/s 1.9s<8.3s[K                 Class     Images  Instances      Box(P          R      mAP50  mAP50-95): 22% ━━╸───────── 8/35 3.1it/s 2.3s<8.7s[K                 Class     Images  Instances      Box(P          R      mAP50  mAP50-95): 25% ━━━───────── 9/35 3.4it/s 2.5s<7.7s[K                 Class     Images  Instances      Box(P          R      mAP50  mAP50-95): 28% ━━━───────── 10/35 3.8it/s 2.8s<6.6s[K                 Class     Images  Instances      Box(P          R      mAP50  mAP50-95): 31% ━━━╸──────── 11/35 3.5it/s 3.1s<6.9s[K                 Class     Images  Instances      Box(P          R      mAP50  mAP50-95): 34% ━━━━──────── 12/35 3.4it/s 3.4s<6.8s[K                 Class     Images  Instances      Box(P          R      mAP50  mAP50-95): 37% ━━━━──────── 13/35 3.5it/s 3.7s<6.2s[K                 Class     Images  Instances      Box(P          R      mAP50  mAP50-95): 40% ━━━━╸─────── 14/35 3.4it/s 4.0s<6.1s[K                 Class     Images  Instances      Box(P          R      mAP50  mAP50-95): 42% ━━━━━─────── 15/35 3.7it/s 4.2s<5.4s[K                 Class     Images  Instances      Box(P          R      mAP50  mAP50-95): 45% ━━━━━─────── 16/35 3.6it/s 4.5s<5.3s[K                 Class     Images  Instances      Box(P          R      mAP50  mAP50-95): 48% ━━━━━╸────── 17/35 3.3it/s 4.9s<5.5s[K                 Class     Images  Instances      Box(P          R      mAP50  mAP50-95): 51% ━━━━━━────── 18/35 3.5it/s 5.2s<4.9s[K                 Class     Images  Instances      Box(P          R      mAP50  mAP50-95): 54% ━━━━━━╸───── 19/35 3.7it/s 5.4s<4.4s[K                 Class     Images  Instances      Box(P          R      mAP50  mAP50-95): 57% ━━━━━━╸───── 20/35 3.8it/s 5.7s<3.9s[K                 Class     Images  Instances      Box(P          R      mAP50  mAP50-95): 60% ━━━━━━━───── 21/35 3.6it/s 6.0s<3.8s[K                 Class     Images  Instances      Box(P          R      mAP50  mAP50-95): 62% ━━━━━━━╸──── 22/35 3.1it/s 6.5s<4.2s[K                 Class     Images  Instances      Box(P          R      mAP50  mAP50-95): 65% ━━━━━━━╸──── 23/35 2.5it/s 7.5s<4.8s[K                 Class     Images  Instances      Box(P          R      mAP50  mAP50-95): 68% ━━━━━━━━──── 24/35 1.9it/s 9.5s<5.8s[K                 Class     Images  Instances      Box(P          R      mAP50  mAP50-95): 71% ━━━━━━━━╸─── 25/35 2.2it/s 9.8s<4.5s[K                 Class     Images  Instances      Box(P          R      mAP50  mAP50-95): 74% ━━━━━━━━╸─── 26/35 2.8it/s 10.1s<3.2s[K                 Class     Images  Instances      Box(P          R      mAP50  mAP50-95): 77% ━━━━━━━━━─── 27/35 2.8it/s 10.4s<2.9s[K                 Class     Images  Instances      Box(P          R      mAP50  mAP50-95): 80% ━━━━━━━━━╸── 28/35 2.9it/s 10.8s<2.5s[K                 Class     Images  Instances      Box(P          R      mAP50  mAP50-95): 82% ━━━━━━━━━╸── 29/35 3.1it/s 11.0s<1.9s[K                 Class     Images  Instances      Box(P          R      mAP50  mAP50-95): 85% ━━━━━━━━━━── 30/35 3.4it/s 11.3s<1.5s[K                 Class     Images  Instances      Box(P          R      mAP50  mAP50-95): 88% ━━━━━━━━━━╸─ 31/35 3.3it/s 11.6s<1.2s[K                 Class     Images  Instances      Box(P          R      mAP50  mAP50-95): 91% ━━━━━━━━━━╸─ 32/35 3.3it/s 11.9s<0.9s[K                 Class     Images  Instances      Box(P          R      mAP50  mAP50-95): 94% ━━━━━━━━━━━─ 33/35 3.5it/s 12.2s<0.6s[K                 Class     Images  Instances      Box(P          R      mAP50  mAP50-95): 97% ━━━━━━━━━━━╸ 34/35 3.8it/s 12.4s<0.3s[K                 Class     Images  Instances      Box(P          R      mAP50  mAP50-95): 100% ━━━━━━━━━━━━ 35/35 2.8it/s 12.5s
                   all        548      38759      0.511      0.436      0.415      0.242

      Epoch    GPU_mem  giou_loss   cls_loss    l1_loss  Instances       Size
/root/data/uav/venv/lib/python3.10/site-packages/torch/autograd/graph.py:825: UserWarning: grid_sampler_2d_backward_cuda does not have a deterministic implementation, but you set 'torch.use_deterministic_algorithms(True, warn_only=True)'. You can file an issue at https://github.com/pytorch/pytorch/issues to help us prioritize adding deterministic support for this operation. (Triggered internally at ../aten/src/ATen/Context.cpp:91.)
  return Variable._execution_engine.run_backward(  # Calls into the C++ engine to run the backward pass
[K        3/3      2.32G     0.8747     0.4411    0.05945        596        640: 0% ──────────── 0/809  0.6s[K        3/3      2.32G     0.7613     0.4434    0.05883        431        640: 0% ──────────── 1/809 1.6s/it 1.1s<21:06[K        3/3      2.68G     0.7779      0.459    0.06576        546        640: 0% ──────────── 2/809 1.0s/it 1.6s<13:28[K        3/3      2.68G      0.802     0.4596    0.06779        343        640: 0% ──────────── 3/809 1.3it/s 2.1s<9:60[K        3/3      2.68G     0.8029     0.4632    0.06759        413        640: 0% ──────────── 4/809 1.6it/s 2.5s<8:36[K        3/3      2.68G     0.7985     0.4723    0.07038        424        640: 0% ──────────── 5/809 1.7it/s 3.0s<7:56[K        3/3      2.68G     0.7992     0.4687    0.06884        342        640: 0% ──────────── 6/809 1.9it/s 3.5s<7:06[K        3/3      2.68G     0.8036     0.4678    0.07066        560        640: 0% ──────────── 7/809 1.8it/s 4.1s<7:24[K        3/3      2.68G     0.7945     0.4715    0.07073        379        640: 0% ──────────── 8/809 1.9it/s 4.6s<7:05[K        3/3      3.28G     0.8078     0.4651    0.07035        553        640: 1% ──────────── 9/809 1.8it/s 5.2s<7:21[K        3/3      3.48G      0.824     0.4613    0.07162        750        640: 1% ──────────── 10/809 1.7it/s 5.9s<7:58[K        3/3      3.48G     0.8182     0.4616    0.07049        558        640: 1% ──────────── 11/809 1.7it/s 6.5s<7:44[K        3/3      3.93G     0.8373     0.4594    0.07395        562        640: 1% ──────────── 12/809 1.5it/s 7.5s<8:56[K        3/3      3.93G     0.8327     0.4649     0.0745        349        640: 1% ──────────── 13/809 1.7it/s 8.0s<7:49[K        3/3      3.93G     0.8349      0.465    0.07371        680        640: 1% ──────────── 14/809 1.7it/s 8.6s<7:51[K        3/3      3.93G      0.836     0.4634    0.07372        643        640: 1% ──────────── 15/809 1.6it/s 9.3s<8:18[K        3/3      3.93G     0.8515     0.4618    0.07667        315        640: 1% ──────────── 16/809 1.6it/s 10.0s<8:20[K        3/3      5.35G     0.8603     0.4596    0.08133        846        640: 2% ──────────── 17/809 1.4it/s 11.0s<9:32[K        3/3      5.35G     0.8465     0.4617    0.08003        519        640: 2% ──────────── 18/809 1.6it/s 11.5s<8:20[K        3/3      5.35G     0.8553     0.4605    0.08034        426        640: 2% ──────────── 19/809 1.6it/s 12.1s<7:59[K        3/3      5.35G     0.8543     0.4603    0.08013        469        640: 2% ──────────── 20/809 1.7it/s 12.6s<7:37[K        3/3      5.35G     0.8493     0.4607    0.07961        300        640: 2% ──────────── 21/809 1.9it/s 13.0s<6:54[K        3/3      5.35G     0.8467     0.4616    0.07984        335        640: 2% ──────────── 22/809 1.9it/s 13.5s<6:44[K        3/3      5.35G     0.8401     0.4632     0.0791        352        640: 2% ──────────── 23/809 2.0it/s 14.0s<6:39[K        3/3      5.35G     0.8329     0.4644    0.07859        236        640: 2% ──────────── 24/809 2.1it/s 14.4s<6:06[K        3/3      5.35G     0.8439     0.4626    0.08385        581        640: 3% ──────────── 25/809 1.6it/s 17.4s<8:10[K        3/3      5.35G     0.8442     0.4627    0.08542        652        640: 3% ──────────── 26/809 1.4it/s 18.5s<9:20[K        3/3      7.06G     0.8548     0.4591    0.08856        707        640: 3% ──────────── 27/809 1.2it/s 19.6s<10:33[K        3/3      7.06G      0.854     0.4592    0.08892        597        640: 3% ──────────── 28/809 1.4it/s 20.2s<9:37[K        3/3      7.06G     0.8572     0.4585     0.0895        720        640: 3% ──────────── 29/809 1.3it/s 21.0s<9:47[K        3/3      7.06G     0.8553     0.4581    0.08885        496        640: 3% ──────────── 30/809 1.5it/s 21.6s<8:36[K        3/3      7.06G     0.8543     0.4586    0.08831        636        640: 3% ──────────── 31/809 1.5it/s 22.2s<8:40[K        3/3      7.06G     0.8599     0.4575     0.0889        678        640: 3% ──────────── 32/809 1.5it/s 22.9s<8:47[K        3/3      7.06G     0.8604     0.4577    0.08847        505        640: 4% ──────────── 33/809 1.6it/s 23.5s<8:00[K        3/3      7.06G     0.8571     0.4586    0.08853        402        640: 4% ╸─────────── 34/809 1.8it/s 23.9s<7:22[K        3/3      7.06G     0.8571     0.4586    0.08798        499        640: 4% ╸─────────── 35/809 1.8it/s 24.4s<7:07[K        3/3      7.06G     0.8589      0.459    0.08849        622        640: 4% ╸─────────── 36/809 1.8it/s 25.1s<7:19[K        3/3      7.06G     0.8594     0.4597    0.08845        633        640: 4% ╸─────────── 37/809 1.7it/s 25.7s<7:37[K        3/3      7.06G      0.858     0.4601    0.08816        434        640: 4% ╸─────────── 38/809 1.8it/s 26.2s<7:09[K        3/3      7.06G     0.8581     0.4599     0.0881        544        640: 4% ╸─────────── 39/809 1.8it/s 26.8s<7:16[K        3/3      7.06G     0.8525     0.4612    0.08737        381        640: 4% ╸─────────── 40/809 1.9it/s 27.2s<6:44[K        3/3      7.06G     0.8519     0.4615    0.08711        516        640: 5% ╸─────────── 41/809 1.9it/s 27.8s<6:43[K        3/3      7.06G      0.853     0.4623    0.08726        431        640: 5% ╸─────────── 42/809 1.9it/s 28.3s<6:48[K        3/3      7.06G     0.8508     0.4626    0.08692        486        640: 5% ╸─────────── 43/809 1.9it/s 28.8s<6:43[K        3/3      7.06G     0.8483     0.4627    0.08645        519        640: 5% ╸─────────── 44/809 1.9it/s 29.4s<6:41[K        3/3      7.06G     0.8496      0.462    0.08598        416        640: 5% ╸─────────── 45/809 1.9it/s 29.9s<6:44[K        3/3      7.06G     0.8483     0.4627    0.08552        523        640: 5% ╸─────────── 46/809 1.9it/s 30.4s<6:41[K        3/3      7.06G     0.8471     0.4621    0.08516        685        640: 5% ╸─────────── 47/809 1.7it/s 31.2s<7:28[K        3/3      7.06G      0.844     0.4624     0.0849        441        640: 5% ╸─────────── 48/809 1.8it/s 31.7s<7:06[K        3/3      7.06G     0.8446     0.4628    0.08451        552        640: 6% ╸─────────── 49/809 1.8it/s 32.3s<6:60[K        3/3      7.06G     0.8463     0.4627    0.08445        536        640: 6% ╸─────────── 50/809 1.8it/s 32.8s<6:55[K        3/3      7.06G     0.8504     0.4616    0.08459        743        640: 6% ╸─────────── 51/809 1.7it/s 33.5s<7:27[K        3/3      7.06G     0.8487     0.4619    0.08426        578        640: 6% ╸─────────── 52/809 1.7it/s 34.1s<7:21[K        3/3      7.06G     0.8498     0.4615    0.08482        727        640: 6% ╸─────────── 53/809 1.5it/s 35.1s<8:24[K        3/3      7.06G     0.8541     0.4606    0.08654        542        640: 6% ╸─────────── 54/809 1.2it/s 36.7s<10:13[K        3/3      7.06G     0.8503     0.4608    0.08598        461        640: 6% ╸─────────── 55/809 1.4it/s 37.3s<8:50[K        3/3      7.06G     0.8532       0.46    0.08636        878        640: 6% ╸─────────── 56/809 1.3it/s 38.1s<9:18[K        3/3      7.06G     0.8533     0.4604    0.08683        476        640: 7% ╸─────────── 57/809 1.5it/s 38.7s<8:17[K        3/3      7.06G     0.8497     0.4606    0.08623        403        640: 7% ╸─────────── 58/809 1.7it/s 39.1s<7:19[K        3/3      7.06G     0.8481     0.4608    0.08581        410        640: 7% ╸─────────── 59/809 1.8it/s 39.6s<7:03[K        3/3      7.06G     0.8475      0.461    0.08567        509        640: 7% ╸─────────── 60/809 1.8it/s 40.2s<7:01[K        3/3      7.06G     0.8504     0.4606    0.08698        419        640: 7% ╸─────────── 61/809 1.5it/s 41.4s<8:21[K        3/3      7.06G     0.8486     0.4612    0.08669        538        640: 7% ╸─────────── 62/809 1.6it/s 41.9s<7:48[K        3/3      7.06G      0.846     0.4617    0.08629        496        640: 7% ╸─────────── 63/809 1.7it/s 42.5s<7:32[K        3/3      7.06G     0.8465     0.4614     0.0862        816        640: 7% ╸─────────── 64/809 1.6it/s 43.2s<7:55[K        3/3      7.06G     0.8461     0.4609    0.08591        607        640: 8% ╸─────────── 65/809 1.6it/s 43.8s<7:41[K        3/3      7.06G     0.8471     0.4613     0.0861        424        640: 8% ╸─────────── 66/809 1.6it/s 44.4s<7:39[K        3/3      7.06G     0.8446     0.4616    0.08583        402        640: 8% ╸─────────── 67/809 1.7it/s 44.9s<7:07[K        3/3      7.06G     0.8514     0.4605    0.08863        568        640: 8% ━─────────── 68/809 1.4it/s 46.7s<8:53[K        3/3      7.06G     0.8487     0.4608    0.08838        366        640: 8% ━─────────── 69/809 1.7it/s 47.1s<7:27[K        3/3      7.06G      0.847     0.4617    0.08798        373        640: 8% ━─────────── 70/809 1.8it/s 47.6s<6:43[K        3/3      7.06G     0.8475     0.4615    0.08802        607        640: 8% ━─────────── 71/809 1.7it/s 48.3s<7:17[K        3/3      7.06G     0.8434     0.4626     0.0877        306        640: 8% ━─────────── 72/809 1.9it/s 48.7s<6:28[K        3/3      7.06G     0.8432     0.4635    0.08765        397        640: 9% ━─────────── 73/809 2.0it/s 49.2s<6:09[K        3/3      7.06G     0.8427     0.4636    0.08733        622        640: 9% ━─────────── 74/809 1.8it/s 50.0s<6:54[K        3/3      7.06G      0.841     0.4641    0.08698        512        640: 9% ━─────────── 75/809 1.9it/s 50.4s<6:36[K        3/3      7.06G     0.8408     0.4641    0.08691        309        640: 9% ━─────────── 76/809 2.0it/s 50.9s<6:07[K        3/3      7.06G     0.8383     0.4645     0.0865        347        640: 9% ━─────────── 77/809 2.0it/s 51.3s<5:59[K        3/3      7.06G     0.8396     0.4643    0.08648        607        640: 9% ━─────────── 78/809 1.9it/s 52.0s<6:21[K        3/3      7.06G     0.8374     0.4646    0.08636        495        640: 9% ━─────────── 79/809 1.9it/s 52.5s<6:34[K        3/3      7.06G     0.8366     0.4646    0.08607        416        640: 9% ━─────────── 80/809 1.9it/s 53.1s<6:33[K        3/3      7.06G     0.8366     0.4643    0.08577        537        640: 10% ━─────────── 81/809 1.7it/s 53.9s<7:13[K        3/3      7.06G     0.8381     0.4642    0.08573        397        640: 10% ━─────────── 82/809 1.8it/s 54.4s<6:52[K        3/3      7.06G     0.8415     0.4637    0.08605        689        640: 10% ━─────────── 83/809 1.6it/s 55.1s<7:25[K        3/3      7.06G     0.8446     0.4631    0.08635        631        640: 10% ━─────────── 84/809 1.5it/s 55.9s<7:60[K        3/3      7.06G     0.8416     0.4634    0.08618        283        640: 10% ━─────────── 85/809 1.8it/s 56.4s<6:46[K        3/3      7.06G     0.8441     0.4631    0.08686        592        640: 10% ━─────────── 86/809 1.6it/s 57.2s<7:34[K        3/3      7.06G     0.8438     0.4636    0.08679        834        640: 10% ━─────────── 87/809 1.6it/s 57.9s<7:44[K        3/3      7.06G     0.8445     0.4634    0.08657        545        640: 10% ━─────────── 88/809 1.6it/s 58.5s<7:31[K        3/3      7.06G     0.8445     0.4632    0.08645        598        640: 11% ━─────────── 89/809 1.6it/s 59.1s<7:34