Ultralytics 8.4.90 🚀 Python-3.10.13 torch-2.5.1+cu121 CUDA:0 (NVIDIA GeForce RTX 4090, 24081MiB)
[34m[1mengine/trainer: [0magnostic_nms=False, amp=True, angle=1.0, augment=False, auto_augment=randaugment, batch=8, bgr=0.0, box=7.5, cache=False, cfg=None, classes=None, close_mosaic=10, cls=0.5, cls_pw=0.0, compile=False, conf=None, copy_paste=0.0, copy_paste_mode=flip, cos_lr=False, cutmix=0.0, data=/root/data/uav/protocols/tsgr-p2-e1/source-VisDrone-full.yaml, degrees=0.0, deterministic=True, device=0, dfl=1.5, dis=6.0, distill_model=None, dnn=False, dropout=0.0, dynamic=False, embed=None, end2end=None, epochs=3, erasing=0.4, exist_ok=True, fliplr=0.5, flipud=0.0, format=torchscript, fraction=1.0, freeze=[0, 1, 2, 3, 4, 5, 6, 7, 8, 9, 10, 11, 12, 13, 14, 15, 16, 17, 18, 19, 20, 21, 22, 23, 24, 25, 26, 27, 28], hsv_h=0.015, hsv_s=0.7, hsv_v=0.4, imgsz=640, iou=0.7, keras=False, kobj=1.0, line_width=None, lr0=0.0001, lrf=1.0, mask_ratio=4, max_det=300, mixup=0.0, mode=train, model=rtdetr-l.yaml, momentum=0.9, mosaic=1.0, multi_scale=0.0, name=sqda-geometry-gate-g1-seed0-3ep, nbs=64, nms=False, opset=None, optimize=False, optimizer=AdamW, overlap_mask=True, patience=100, perspective=0.0, plots=True, pose=12.0, pretrained=False, profile=False, project=/root/data/uav/runs/sqda-geometry-gate, quantize=None, rect=False, resume=False, retina_masks=False, rle=1.0, save=True, save_conf=False, save_crop=False, save_dir=/root/data/uav/runs/sqda-geometry-gate/sqda-geometry-gate-g1-seed0-3ep, save_frames=False, save_json=False, save_period=1, save_txt=False, scale=0.5, seed=0, shear=0.0, show=False, show_boxes=True, show_conf=True, show_labels=True, simplify=True, single_cls=False, source=None, split=val, stream_buffer=False, task=detect, time=None, tracker=tracktrack.yaml, translate=0.1, val=True, verbose=True, vid_stride=1, visualize=False, warmup_bias_lr=0.0, warmup_epochs=0.5, warmup_momentum=0.8, weight_decay=0.0001, workers=8, workspace=None
Overriding model.yaml nc=80 with nc=10
WARNING ⚠️ no model scale passed. Assuming scale='l'.

                   from  n    params  module                                       arguments                     
  0                  -1  1     25248  ultralytics.nn.modules.block.HGStem          [3, 32, 48]                   
  1                  -1  6    155072  ultralytics.nn.modules.block.HGBlock         [48, 48, 128, 3, 6]           
  2                  -1  1      1408  ultralytics.nn.modules.conv.DWConv           [128, 128, 3, 2, 1, False]    
  3                  -1  6    839296  ultralytics.nn.modules.block.HGBlock         [128, 96, 512, 3, 6]          
  4                  -1  1      5632  ultralytics.nn.modules.conv.DWConv           [512, 512, 3, 2, 1, False]    
  5                  -1  6   1695360  ultralytics.nn.modules.block.HGBlock         [512, 192, 1024, 5, 6, True, False]
  6                  -1  6   2055808  ultralytics.nn.modules.block.HGBlock         [1024, 192, 1024, 5, 6, True, True]
  7                  -1  6   2055808  ultralytics.nn.modules.block.HGBlock         [1024, 192, 1024, 5, 6, True, True]
  8                  -1  1     11264  ultralytics.nn.modules.conv.DWConv           [1024, 1024, 3, 2, 1, False]  
  9                  -1  6   6708480  ultralytics.nn.modules.block.HGBlock         [1024, 384, 2048, 5, 6, True, False]
 10                  -1  1    524800  ultralytics.nn.modules.conv.Conv             [2048, 256, 1, 1, None, 1, 1, False]
 11                  -1  1    789760  ultralytics.nn.modules.transformer.AIFI      [256, 1024, 8]                
 12                  -1  1     66048  ultralytics.nn.modules.conv.Conv             [256, 256, 1, 1]              
 13                  -1  1         0  torch.nn.modules.upsampling.Upsample         [None, 2, 'nearest']          
 14                   7  1    262656  ultralytics.nn.modules.conv.Conv             [1024, 256, 1, 1, None, 1, 1, False]
 15            [-2, -1]  1         0  ultralytics.nn.modules.conv.Concat           [1]                           
 16                  -1  3   2232320  ultralytics.nn.modules.block.RepC3           [512, 256, 3]                 
 17                  -1  1     66048  ultralytics.nn.modules.conv.Conv             [256, 256, 1, 1]              
 18                  -1  1         0  torch.nn.modules.upsampling.Upsample         [None, 2, 'nearest']          
 19                   3  1    131584  ultralytics.nn.modules.conv.Conv             [512, 256, 1, 1, None, 1, 1, False]
 20            [-2, -1]  1         0  ultralytics.nn.modules.conv.Concat           [1]                           
 21                  -1  3   2232320  ultralytics.nn.modules.block.RepC3           [512, 256, 3]                 
 22                  -1  1    590336  ultralytics.nn.modules.conv.Conv             [256, 256, 3, 2]              
 23            [-1, 17]  1         0  ultralytics.nn.modules.conv.Concat           [1]                           
 24                  -1  3   2232320  ultralytics.nn.modules.block.RepC3           [512, 256, 3]                 
 25                  -1  1    590336  ultralytics.nn.modules.conv.Conv             [256, 256, 3, 2]              
 26            [-1, 12]  1         0  ultralytics.nn.modules.conv.Concat           [1]                           
 27                  -1  3   2232320  ultralytics.nn.modules.block.RepC3           [512, 256, 3]                 
 28        [21, 24, 27]  1   7322402  ultralytics.nn.modules.head.RTDETRDecoder    [10, [256, 256, 256]]         
rtdetr-l summary: 465 layers, 32,826,626 parameters, 32,826,626 gradients

Freezing layer 'model.0.stem1.conv.weight'
Freezing layer 'model.0.stem1.bn.weight'
Freezing layer 'model.0.stem1.bn.bias'
Freezing layer 'model.0.stem2a.conv.weight'
Freezing layer 'model.0.stem2a.bn.weight'
Freezing layer 'model.0.stem2a.bn.bias'
Freezing layer 'model.0.stem2b.conv.weight'
Freezing layer 'model.0.stem2b.bn.weight'
Freezing layer 'model.0.stem2b.bn.bias'
Freezing layer 'model.0.stem3.conv.weight'
Freezing layer 'model.0.stem3.bn.weight'
Freezing layer 'model.0.stem3.bn.bias'
Freezing layer 'model.0.stem4.conv.weight'
Freezing layer 'model.0.stem4.bn.weight'
Freezing layer 'model.0.stem4.bn.bias'
Freezing layer 'model.1.m.0.conv.weight'
Freezing layer 'model.1.m.0.bn.weight'
Freezing layer 'model.1.m.0.bn.bias'
Freezing layer 'model.1.m.1.conv.weight'
Freezing layer 'model.1.m.1.bn.weight'
Freezing layer 'model.1.m.1.bn.bias'
Freezing layer 'model.1.m.2.conv.weight'
Freezing layer 'model.1.m.2.bn.weight'
Freezing layer 'model.1.m.2.bn.bias'
Freezing layer 'model.1.m.3.conv.weight'
Freezing layer 'model.1.m.3.bn.weight'
Freezing layer 'model.1.m.3.bn.bias'
Freezing layer 'model.1.m.4.conv.weight'
Freezing layer 'model.1.m.4.bn.weight'
Freezing layer 'model.1.m.4.bn.bias'
Freezing layer 'model.1.m.5.conv.weight'
Freezing layer 'model.1.m.5.bn.weight'
Freezing layer 'model.1.m.5.bn.bias'
Freezing layer 'model.1.sc.conv.weight'
Freezing layer 'model.1.sc.bn.weight'
Freezing layer 'model.1.sc.bn.bias'
Freezing layer 'model.1.ec.conv.weight'
Freezing layer 'model.1.ec.bn.weight'
Freezing layer 'model.1.ec.bn.bias'
Freezing layer 'model.2.conv.weight'
Freezing layer 'model.2.bn.weight'
Freezing layer 'model.2.bn.bias'
Freezing layer 'model.3.m.0.conv.weight'
Freezing layer 'model.3.m.0.bn.weight'
Freezing layer 'model.3.m.0.bn.bias'
Freezing layer 'model.3.m.1.conv.weight'
Freezing layer 'model.3.m.1.bn.weight'
Freezing layer 'model.3.m.1.bn.bias'
Freezing layer 'model.3.m.2.conv.weight'
Freezing layer 'model.3.m.2.bn.weight'
Freezing layer 'model.3.m.2.bn.bias'
Freezing layer 'model.3.m.3.conv.weight'
Freezing layer 'model.3.m.3.bn.weight'
Freezing layer 'model.3.m.3.bn.bias'
Freezing layer 'model.3.m.4.conv.weight'
Freezing layer 'model.3.m.4.bn.weight'
Freezing layer 'model.3.m.4.bn.bias'
Freezing layer 'model.3.m.5.conv.weight'
Freezing layer 'model.3.m.5.bn.weight'
Freezing layer 'model.3.m.5.bn.bias'
Freezing layer 'model.3.sc.conv.weight'
Freezing layer 'model.3.sc.bn.weight'
Freezing layer 'model.3.sc.bn.bias'
Freezing layer 'model.3.ec.conv.weight'
Freezing layer 'model.3.ec.bn.weight'
Freezing layer 'model.3.ec.bn.bias'
Freezing layer 'model.4.conv.weight'
Freezing layer 'model.4.bn.weight'
Freezing layer 'model.4.bn.bias'
Freezing layer 'model.5.m.0.conv1.conv.weight'
Freezing layer 'model.5.m.0.conv1.bn.weight'
Freezing layer 'model.5.m.0.conv1.bn.bias'
Freezing layer 'model.5.m.0.conv2.conv.weight'
Freezing layer 'model.5.m.0.conv2.bn.weight'
Freezing layer 'model.5.m.0.conv2.bn.bias'
Freezing layer 'model.5.m.1.conv1.conv.weight'
Freezing layer 'model.5.m.1.conv1.bn.weight'
Freezing layer 'model.5.m.1.conv1.bn.bias'
Freezing layer 'model.5.m.1.conv2.conv.weight'
Freezing layer 'model.5.m.1.conv2.bn.weight'
Freezing layer 'model.5.m.1.conv2.bn.bias'
Freezing layer 'model.5.m.2.conv1.conv.weight'
Freezing layer 'model.5.m.2.conv1.bn.weight'
Freezing layer 'model.5.m.2.conv1.bn.bias'
Freezing layer 'model.5.m.2.conv2.conv.weight'
Freezing layer 'model.5.m.2.conv2.bn.weight'
Freezing layer 'model.5.m.2.conv2.bn.bias'
Freezing layer 'model.5.m.3.conv1.conv.weight'
Freezing layer 'model.5.m.3.conv1.bn.weight'
Freezing layer 'model.5.m.3.conv1.bn.bias'
Freezing layer 'model.5.m.3.conv2.conv.weight'
Freezing layer 'model.5.m.3.conv2.bn.weight'
Freezing layer 'model.5.m.3.conv2.bn.bias'
Freezing layer 'model.5.m.4.conv1.conv.weight'
Freezing layer 'model.5.m.4.conv1.bn.weight'
Freezing layer 'model.5.m.4.conv1.bn.bias'
Freezing layer 'model.5.m.4.conv2.conv.weight'
Freezing layer 'model.5.m.4.conv2.bn.weight'
Freezing layer 'model.5.m.4.conv2.bn.bias'
Freezing layer 'model.5.m.5.conv1.conv.weight'
Freezing layer 'model.5.m.5.conv1.bn.weight'
Freezing layer 'model.5.m.5.conv1.bn.bias'
Freezing layer 'model.5.m.5.conv2.conv.weight'
Freezing layer 'model.5.m.5.conv2.bn.weight'
Freezing layer 'model.5.m.5.conv2.bn.bias'
Freezing layer 'model.5.sc.conv.weight'
Freezing layer 'model.5.sc.bn.weight'
Freezing layer 'model.5.sc.bn.bias'
Freezing layer 'model.5.ec.conv.weight'
Freezing layer 'model.5.ec.bn.weight'
Freezing layer 'model.5.ec.bn.bias'
Freezing layer 'model.6.m.0.conv1.conv.weight'
Freezing layer 'model.6.m.0.conv1.bn.weight'
Freezing layer 'model.6.m.0.conv1.bn.bias'
Freezing layer 'model.6.m.0.conv2.conv.weight'
Freezing layer 'model.6.m.0.conv2.bn.weight'
Freezing layer 'model.6.m.0.conv2.bn.bias'
Freezing layer 'model.6.m.1.conv1.conv.weight'
Freezing layer 'model.6.m.1.conv1.bn.weight'
Freezing layer 'model.6.m.1.conv1.bn.bias'
Freezing layer 'model.6.m.1.conv2.conv.weight'
Freezing layer 'model.6.m.1.conv2.bn.weight'
Freezing layer 'model.6.m.1.conv2.bn.bias'
Freezing layer 'model.6.m.2.conv1.conv.weight'
Freezing layer 'model.6.m.2.conv1.bn.weight'
Freezing layer 'model.6.m.2.conv1.bn.bias'
Freezing layer 'model.6.m.2.conv2.conv.weight'
Freezing layer 'model.6.m.2.conv2.bn.weight'
Freezing layer 'model.6.m.2.conv2.bn.bias'
Freezing layer 'model.6.m.3.conv1.conv.weight'
Freezing layer 'model.6.m.3.conv1.bn.weight'
Freezing layer 'model.6.m.3.conv1.bn.bias'
Freezing layer 'model.6.m.3.conv2.conv.weight'
Freezing layer 'model.6.m.3.conv2.bn.weight'
Freezing layer 'model.6.m.3.conv2.bn.bias'
Freezing layer 'model.6.m.4.conv1.conv.weight'
Freezing layer 'model.6.m.4.conv1.bn.weight'
Freezing layer 'model.6.m.4.conv1.bn.bias'
Freezing layer 'model.6.m.4.conv2.conv.weight'
Freezing layer 'model.6.m.4.conv2.bn.weight'
Freezing layer 'model.6.m.4.conv2.bn.bias'
Freezing layer 'model.6.m.5.conv1.conv.weight'
Freezing layer 'model.6.m.5.conv1.bn.weight'
Freezing layer 'model.6.m.5.conv1.bn.bias'
Freezing layer 'model.6.m.5.conv2.conv.weight'
Freezing layer 'model.6.m.5.conv2.bn.weight'
Freezing layer 'model.6.m.5.conv2.bn.bias'
Freezing layer 'model.6.sc.conv.weight'
Freezing layer 'model.6.sc.bn.weight'
Freezing layer 'model.6.sc.bn.bias'
Freezing layer 'model.6.ec.conv.weight'
Freezing layer 'model.6.ec.bn.weight'
Freezing layer 'model.6.ec.bn.bias'
Freezing layer 'model.7.m.0.conv1.conv.weight'
Freezing layer 'model.7.m.0.conv1.bn.weight'
Freezing layer 'model.7.m.0.conv1.bn.bias'
Freezing layer 'model.7.m.0.conv2.conv.weight'
Freezing layer 'model.7.m.0.conv2.bn.weight'
Freezing layer 'model.7.m.0.conv2.bn.bias'
Freezing layer 'model.7.m.1.conv1.conv.weight'
Freezing layer 'model.7.m.1.conv1.bn.weight'
Freezing layer 'model.7.m.1.conv1.bn.bias'
Freezing layer 'model.7.m.1.conv2.conv.weight'
Freezing layer 'model.7.m.1.conv2.bn.weight'
Freezing layer 'model.7.m.1.conv2.bn.bias'
Freezing layer 'model.7.m.2.conv1.conv.weight'
Freezing layer 'model.7.m.2.conv1.bn.weight'
Freezing layer 'model.7.m.2.conv1.bn.bias'
Freezing layer 'model.7.m.2.conv2.conv.weight'
Freezing layer 'model.7.m.2.conv2.bn.weight'
Freezing layer 'model.7.m.2.conv2.bn.bias'
Freezing layer 'model.7.m.3.conv1.conv.weight'
Freezing layer 'model.7.m.3.conv1.bn.weight'
Freezing layer 'model.7.m.3.conv1.bn.bias'
Freezing layer 'model.7.m.3.conv2.conv.weight'
Freezing layer 'model.7.m.3.conv2.bn.weight'
Freezing layer 'model.7.m.3.conv2.bn.bias'
Freezing layer 'model.7.m.4.conv1.conv.weight'
Freezing layer 'model.7.m.4.conv1.bn.weight'
Freezing layer 'model.7.m.4.conv1.bn.bias'
Freezing layer 'model.7.m.4.conv2.conv.weight'
Freezing layer 'model.7.m.4.conv2.bn.weight'
Freezing layer 'model.7.m.4.conv2.bn.bias'
Freezing layer 'model.7.m.5.conv1.conv.weight'
Freezing layer 'model.7.m.5.conv1.bn.weight'
Freezing layer 'model.7.m.5.conv1.bn.bias'
Freezing layer 'model.7.m.5.conv2.conv.weight'
Freezing layer 'model.7.m.5.conv2.bn.weight'
Freezing layer 'model.7.m.5.conv2.bn.bias'
Freezing layer 'model.7.sc.conv.weight'
Freezing layer 'model.7.sc.bn.weight'
Freezing layer 'model.7.sc.bn.bias'
Freezing layer 'model.7.ec.conv.weight'
Freezing layer 'model.7.ec.bn.weight'
Freezing layer 'model.7.ec.bn.bias'
Freezing layer 'model.8.conv.weight'
Freezing layer 'model.8.bn.weight'
Freezing layer 'model.8.bn.bias'
Freezing layer 'model.9.m.0.conv1.conv.weight'
Freezing layer 'model.9.m.0.conv1.bn.weight'
Freezing layer 'model.9.m.0.conv1.bn.bias'
Freezing layer 'model.9.m.0.conv2.conv.weight'
Freezing layer 'model.9.m.0.conv2.bn.weight'
Freezing layer 'model.9.m.0.conv2.bn.bias'
Freezing layer 'model.9.m.1.conv1.conv.weight'
Freezing layer 'model.9.m.1.conv1.bn.weight'
Freezing layer 'model.9.m.1.conv1.bn.bias'
Freezing layer 'model.9.m.1.conv2.conv.weight'
Freezing layer 'model.9.m.1.conv2.bn.weight'
Freezing layer 'model.9.m.1.conv2.bn.bias'
Freezing layer 'model.9.m.2.conv1.conv.weight'
Freezing layer 'model.9.m.2.conv1.bn.weight'
Freezing layer 'model.9.m.2.conv1.bn.bias'
Freezing layer 'model.9.m.2.conv2.conv.weight'
Freezing layer 'model.9.m.2.conv2.bn.weight'
Freezing layer 'model.9.m.2.conv2.bn.bias'
Freezing layer 'model.9.m.3.conv1.conv.weight'
Freezing layer 'model.9.m.3.conv1.bn.weight'
Freezing layer 'model.9.m.3.conv1.bn.bias'
Freezing layer 'model.9.m.3.conv2.conv.weight'
Freezing layer 'model.9.m.3.conv2.bn.weight'
Freezing layer 'model.9.m.3.conv2.bn.bias'
Freezing layer 'model.9.m.4.conv1.conv.weight'
Freezing layer 'model.9.m.4.conv1.bn.weight'
Freezing layer 'model.9.m.4.conv1.bn.bias'
Freezing layer 'model.9.m.4.conv2.conv.weight'
Freezing layer 'model.9.m.4.conv2.bn.weight'
Freezing layer 'model.9.m.4.conv2.bn.bias'
Freezing layer 'model.9.m.5.conv1.conv.weight'
Freezing layer 'model.9.m.5.conv1.bn.weight'
Freezing layer 'model.9.m.5.conv1.bn.bias'
Freezing layer 'model.9.m.5.conv2.conv.weight'
Freezing layer 'model.9.m.5.conv2.bn.weight'
Freezing layer 'model.9.m.5.conv2.bn.bias'
Freezing layer 'model.9.sc.conv.weight'
Freezing layer 'model.9.sc.bn.weight'
Freezing layer 'model.9.sc.bn.bias'
Freezing layer 'model.9.ec.conv.weight'
Freezing layer 'model.9.ec.bn.weight'
Freezing layer 'model.9.ec.bn.bias'
Freezing layer 'model.10.conv.weight'
Freezing layer 'model.10.bn.weight'
Freezing layer 'model.10.bn.bias'
Freezing layer 'model.11.ma.in_proj_weight'
Freezing layer 'model.11.ma.in_proj_bias'
Freezing layer 'model.11.ma.out_proj.weight'
Freezing layer 'model.11.ma.out_proj.bias'
Freezing layer 'model.11.fc1.weight'
Freezing layer 'model.11.fc1.bias'
Freezing layer 'model.11.fc2.weight'
Freezing layer 'model.11.fc2.bias'
Freezing layer 'model.11.norm1.weight'
Freezing layer 'model.11.norm1.bias'
Freezing layer 'model.11.norm2.weight'
Freezing layer 'model.11.norm2.bias'
Freezing layer 'model.12.conv.weight'
Freezing layer 'model.12.bn.weight'
Freezing layer 'model.12.bn.bias'
Freezing layer 'model.14.conv.weight'
Freezing layer 'model.14.bn.weight'
Freezing layer 'model.14.bn.bias'
Freezing layer 'model.16.cv1.conv.weight'
Freezing layer 'model.16.cv1.bn.weight'
Freezing layer 'model.16.cv1.bn.bias'
Freezing layer 'model.16.cv2.conv.weight'
Freezing layer 'model.16.cv2.bn.weight'
Freezing layer 'model.16.cv2.bn.bias'
Freezing layer 'model.16.m.0.conv1.conv.weight'
Freezing layer 'model.16.m.0.conv1.bn.weight'
Freezing layer 'model.16.m.0.conv1.bn.bias'
Freezing layer 'model.16.m.0.conv2.conv.weight'
Freezing layer 'model.16.m.0.conv2.bn.weight'
Freezing layer 'model.16.m.0.conv2.bn.bias'
Freezing layer 'model.16.m.1.conv1.conv.weight'
Freezing layer 'model.16.m.1.conv1.bn.weight'
Freezing layer 'model.16.m.1.conv1.bn.bias'
Freezing layer 'model.16.m.1.conv2.conv.weight'
Freezing layer 'model.16.m.1.conv2.bn.weight'
Freezing layer 'model.16.m.1.conv2.bn.bias'
Freezing layer 'model.16.m.2.conv1.conv.weight'
Freezing layer 'model.16.m.2.conv1.bn.weight'
Freezing layer 'model.16.m.2.conv1.bn.bias'
Freezing layer 'model.16.m.2.conv2.conv.weight'
Freezing layer 'model.16.m.2.conv2.bn.weight'
Freezing layer 'model.16.m.2.conv2.bn.bias'
Freezing layer 'model.17.conv.weight'
Freezing layer 'model.17.bn.weight'
Freezing layer 'model.17.bn.bias'
Freezing layer 'model.19.conv.weight'
Freezing layer 'model.19.bn.weight'
Freezing layer 'model.19.bn.bias'
Freezing layer 'model.21.cv1.conv.weight'
Freezing layer 'model.21.cv1.bn.weight'
Freezing layer 'model.21.cv1.bn.bias'
Freezing layer 'model.21.cv2.conv.weight'
Freezing layer 'model.21.cv2.bn.weight'
Freezing layer 'model.21.cv2.bn.bias'
Freezing layer 'model.21.m.0.conv1.conv.weight'
Freezing layer 'model.21.m.0.conv1.bn.weight'
Freezing layer 'model.21.m.0.conv1.bn.bias'
Freezing layer 'model.21.m.0.conv2.conv.weight'
Freezing layer 'model.21.m.0.conv2.bn.weight'
Freezing layer 'model.21.m.0.conv2.bn.bias'
Freezing layer 'model.21.m.1.conv1.conv.weight'
Freezing layer 'model.21.m.1.conv1.bn.weight'
Freezing layer 'model.21.m.1.conv1.bn.bias'
Freezing layer 'model.21.m.1.conv2.conv.weight'
Freezing layer 'model.21.m.1.conv2.bn.weight'
Freezing layer 'model.21.m.1.conv2.bn.bias'
Freezing layer 'model.21.m.2.conv1.conv.weight'
Freezing layer 'model.21.m.2.conv1.bn.weight'
Freezing layer 'model.21.m.2.conv1.bn.bias'
Freezing layer 'model.21.m.2.conv2.conv.weight'
Freezing layer 'model.21.m.2.conv2.bn.weight'
Freezing layer 'model.21.m.2.conv2.bn.bias'
Freezing layer 'model.22.conv.weight'
Freezing layer 'model.22.bn.weight'
Freezing layer 'model.22.bn.bias'
Freezing layer 'model.24.cv1.conv.weight'
Freezing layer 'model.24.cv1.bn.weight'
Freezing layer 'model.24.cv1.bn.bias'
Freezing layer 'model.24.cv2.conv.weight'
Freezing layer 'model.24.cv2.bn.weight'
Freezing layer 'model.24.cv2.bn.bias'
Freezing layer 'model.24.m.0.conv1.conv.weight'
Freezing layer 'model.24.m.0.conv1.bn.weight'
Freezing layer 'model.24.m.0.conv1.bn.bias'
Freezing layer 'model.24.m.0.conv2.conv.weight'
Freezing layer 'model.24.m.0.conv2.bn.weight'
Freezing layer 'model.24.m.0.conv2.bn.bias'
Freezing layer 'model.24.m.1.conv1.conv.weight'
Freezing layer 'model.24.m.1.conv1.bn.weight'
Freezing layer 'model.24.m.1.conv1.bn.bias'
Freezing layer 'model.24.m.1.conv2.conv.weight'
Freezing layer 'model.24.m.1.conv2.bn.weight'
Freezing layer 'model.24.m.1.conv2.bn.bias'
Freezing layer 'model.24.m.2.conv1.conv.weight'
Freezing layer 'model.24.m.2.conv1.bn.weight'
Freezing layer 'model.24.m.2.conv1.bn.bias'
Freezing layer 'model.24.m.2.conv2.conv.weight'
Freezing layer 'model.24.m.2.conv2.bn.weight'
Freezing layer 'model.24.m.2.conv2.bn.bias'
Freezing layer 'model.25.conv.weight'
Freezing layer 'model.25.bn.weight'
Freezing layer 'model.25.bn.bias'
Freezing layer 'model.27.cv1.conv.weight'
Freezing layer 'model.27.cv1.bn.weight'
Freezing layer 'model.27.cv1.bn.bias'
Freezing layer 'model.27.cv2.conv.weight'
Freezing layer 'model.27.cv2.bn.weight'
Freezing layer 'model.27.cv2.bn.bias'
Freezing layer 'model.27.m.0.conv1.conv.weight'
Freezing layer 'model.27.m.0.conv1.bn.weight'
Freezing layer 'model.27.m.0.conv1.bn.bias'
Freezing layer 'model.27.m.0.conv2.conv.weight'
Freezing layer 'model.27.m.0.conv2.bn.weight'
Freezing layer 'model.27.m.0.conv2.bn.bias'
Freezing layer 'model.27.m.1.conv1.conv.weight'
Freezing layer 'model.27.m.1.conv1.bn.weight'
Freezing layer 'model.27.m.1.conv1.bn.bias'
Freezing layer 'model.27.m.1.conv2.conv.weight'
Freezing layer 'model.27.m.1.conv2.bn.weight'
Freezing layer 'model.27.m.1.conv2.bn.bias'
Freezing layer 'model.27.m.2.conv1.conv.weight'
Freezing layer 'model.27.m.2.conv1.bn.weight'
Freezing layer 'model.27.m.2.conv1.bn.bias'
Freezing layer 'model.27.m.2.conv2.conv.weight'
Freezing layer 'model.27.m.2.conv2.bn.weight'
Freezing layer 'model.27.m.2.conv2.bn.bias'
Freezing layer 'model.28.input_proj.0.0.weight'
Freezing layer 'model.28.input_proj.0.1.weight'
Freezing layer 'model.28.input_proj.0.1.bias'
Freezing layer 'model.28.input_proj.1.0.weight'
Freezing layer 'model.28.input_proj.1.1.weight'
Freezing layer 'model.28.input_proj.1.1.bias'
Freezing layer 'model.28.input_proj.2.0.weight'
Freezing layer 'model.28.input_proj.2.1.weight'
Freezing layer 'model.28.input_proj.2.1.bias'
Freezing layer 'model.28.decoder.layers.0.self_attn.in_proj_weight'
Freezing layer 'model.28.decoder.layers.0.self_attn.in_proj_bias'
Freezing layer 'model.28.decoder.layers.0.self_attn.out_proj.weight'
Freezing layer 'model.28.decoder.layers.0.self_attn.out_proj.bias'
Freezing layer 'model.28.decoder.layers.0.norm1.weight'
Freezing layer 'model.28.decoder.layers.0.norm1.bias'
Freezing layer 'model.28.decoder.layers.0.cross_attn.sampling_offsets.weight'
Freezing layer 'model.28.decoder.layers.0.cross_attn.sampling_offsets.bias'
Freezing layer 'model.28.decoder.layers.0.cross_attn.attention_weights.weight'
Freezing layer 'model.28.decoder.layers.0.cross_attn.attention_weights.bias'
Freezing layer 'model.28.decoder.layers.0.cross_attn.value_proj.weight'
Freezing layer 'model.28.decoder.layers.0.cross_attn.value_proj.bias'
Freezing layer 'model.28.decoder.layers.0.cross_attn.output_proj.weight'
Freezing layer 'model.28.decoder.layers.0.cross_attn.output_proj.bias'
Freezing layer 'model.28.decoder.layers.0.norm2.weight'
Freezing layer 'model.28.decoder.layers.0.norm2.bias'
Freezing layer 'model.28.decoder.layers.0.linear1.weight'
Freezing layer 'model.28.decoder.layers.0.linear1.bias'
Freezing layer 'model.28.decoder.layers.0.linear2.weight'
Freezing layer 'model.28.decoder.layers.0.linear2.bias'
Freezing layer 'model.28.decoder.layers.0.norm3.weight'
Freezing layer 'model.28.decoder.layers.0.norm3.bias'
Freezing layer 'model.28.decoder.layers.1.self_attn.in_proj_weight'
Freezing layer 'model.28.decoder.layers.1.self_attn.in_proj_bias'
Freezing layer 'model.28.decoder.layers.1.self_attn.out_proj.weight'
Freezing layer 'model.28.decoder.layers.1.self_attn.out_proj.bias'
Freezing layer 'model.28.decoder.layers.1.norm1.weight'
Freezing layer 'model.28.decoder.layers.1.norm1.bias'
Freezing layer 'model.28.decoder.layers.1.cross_attn.sampling_offsets.weight'
Freezing layer 'model.28.decoder.layers.1.cross_attn.sampling_offsets.bias'
Freezing layer 'model.28.decoder.layers.1.cross_attn.attention_weights.weight'
Freezing layer 'model.28.decoder.layers.1.cross_attn.attention_weights.bias'
Freezing layer 'model.28.decoder.layers.1.cross_attn.value_proj.weight'
Freezing layer 'model.28.decoder.layers.1.cross_attn.value_proj.bias'
Freezing layer 'model.28.decoder.layers.1.cross_attn.output_proj.weight'
Freezing layer 'model.28.decoder.layers.1.cross_attn.output_proj.bias'
Freezing layer 'model.28.decoder.layers.1.norm2.weight'
Freezing layer 'model.28.decoder.layers.1.norm2.bias'
Freezing layer 'model.28.decoder.layers.1.linear1.weight'
Freezing layer 'model.28.decoder.layers.1.linear1.bias'
Freezing layer 'model.28.decoder.layers.1.linear2.weight'
Freezing layer 'model.28.decoder.layers.1.linear2.bias'
Freezing layer 'model.28.decoder.layers.1.norm3.weight'
Freezing layer 'model.28.decoder.layers.1.norm3.bias'
Freezing layer 'model.28.decoder.layers.2.self_attn.in_proj_weight'
Freezing layer 'model.28.decoder.layers.2.self_attn.in_proj_bias'
Freezing layer 'model.28.decoder.layers.2.self_attn.out_proj.weight'
Freezing layer 'model.28.decoder.layers.2.self_attn.out_proj.bias'
Freezing layer 'model.28.decoder.layers.2.norm1.weight'
Freezing layer 'model.28.decoder.layers.2.norm1.bias'
Freezing layer 'model.28.decoder.layers.2.cross_attn.sampling_offsets.weight'
Freezing layer 'model.28.decoder.layers.2.cross_attn.sampling_offsets.bias'
Freezing layer 'model.28.decoder.layers.2.cross_attn.attention_weights.weight'
Freezing layer 'model.28.decoder.layers.2.cross_attn.attention_weights.bias'
Freezing layer 'model.28.decoder.layers.2.cross_attn.value_proj.weight'
Freezing layer 'model.28.decoder.layers.2.cross_attn.value_proj.bias'
Freezing layer 'model.28.decoder.layers.2.cross_attn.output_proj.weight'
Freezing layer 'model.28.decoder.layers.2.cross_attn.output_proj.bias'
Freezing layer 'model.28.decoder.layers.2.norm2.weight'
Freezing layer 'model.28.decoder.layers.2.norm2.bias'
Freezing layer 'model.28.decoder.layers.2.linear1.weight'
Freezing layer 'model.28.decoder.layers.2.linear1.bias'
Freezing layer 'model.28.decoder.layers.2.linear2.weight'
Freezing layer 'model.28.decoder.layers.2.linear2.bias'
Freezing layer 'model.28.decoder.layers.2.norm3.weight'
Freezing layer 'model.28.decoder.layers.2.norm3.bias'
Freezing layer 'model.28.decoder.layers.3.self_attn.in_proj_weight'
Freezing layer 'model.28.decoder.layers.3.self_attn.in_proj_bias'
Freezing layer 'model.28.decoder.layers.3.self_attn.out_proj.weight'
Freezing layer 'model.28.decoder.layers.3.self_attn.out_proj.bias'
Freezing layer 'model.28.decoder.layers.3.norm1.weight'
Freezing layer 'model.28.decoder.layers.3.norm1.bias'
Freezing layer 'model.28.decoder.layers.3.cross_attn.sampling_offsets.weight'
Freezing layer 'model.28.decoder.layers.3.cross_attn.sampling_offsets.bias'
Freezing layer 'model.28.decoder.layers.3.cross_attn.attention_weights.weight'
Freezing layer 'model.28.decoder.layers.3.cross_attn.attention_weights.bias'
Freezing layer 'model.28.decoder.layers.3.cross_attn.value_proj.weight'
Freezing layer 'model.28.decoder.layers.3.cross_attn.value_proj.bias'
Freezing layer 'model.28.decoder.layers.3.cross_attn.output_proj.weight'
Freezing layer 'model.28.decoder.layers.3.cross_attn.output_proj.bias'
Freezing layer 'model.28.decoder.layers.3.norm2.weight'
Freezing layer 'model.28.decoder.layers.3.norm2.bias'
Freezing layer 'model.28.decoder.layers.3.linear1.weight'
Freezing layer 'model.28.decoder.layers.3.linear1.bias'
Freezing layer 'model.28.decoder.layers.3.linear2.weight'
Freezing layer 'model.28.decoder.layers.3.linear2.bias'
Freezing layer 'model.28.decoder.layers.3.norm3.weight'
Freezing layer 'model.28.decoder.layers.3.norm3.bias'
Freezing layer 'model.28.decoder.layers.4.self_attn.in_proj_weight'
Freezing layer 'model.28.decoder.layers.4.self_attn.in_proj_bias'
Freezing layer 'model.28.decoder.layers.4.self_attn.out_proj.weight'
Freezing layer 'model.28.decoder.layers.4.self_attn.out_proj.bias'
Freezing layer 'model.28.decoder.layers.4.norm1.weight'
Freezing layer 'model.28.decoder.layers.4.norm1.bias'
Freezing layer 'model.28.decoder.layers.4.cross_attn.sampling_offsets.weight'
Freezing layer 'model.28.decoder.layers.4.cross_attn.sampling_offsets.bias'
Freezing layer 'model.28.decoder.layers.4.cross_attn.attention_weights.weight'
Freezing layer 'model.28.decoder.layers.4.cross_attn.attention_weights.bias'
Freezing layer 'model.28.decoder.layers.4.cross_attn.value_proj.weight'
Freezing layer 'model.28.decoder.layers.4.cross_attn.value_proj.bias'
Freezing layer 'model.28.decoder.layers.4.cross_attn.output_proj.weight'
Freezing layer 'model.28.decoder.layers.4.cross_attn.output_proj.bias'
Freezing layer 'model.28.decoder.layers.4.norm2.weight'
Freezing layer 'model.28.decoder.layers.4.norm2.bias'
Freezing layer 'model.28.decoder.layers.4.linear1.weight'
Freezing layer 'model.28.decoder.layers.4.linear1.bias'
Freezing layer 'model.28.decoder.layers.4.linear2.weight'
Freezing layer 'model.28.decoder.layers.4.linear2.bias'
Freezing layer 'model.28.decoder.layers.4.norm3.weight'
Freezing layer 'model.28.decoder.layers.4.norm3.bias'
Freezing layer 'model.28.decoder.layers.5.self_attn.in_proj_weight'
Freezing layer 'model.28.decoder.layers.5.self_attn.in_proj_bias'
Freezing layer 'model.28.decoder.layers.5.self_attn.out_proj.weight'
Freezing layer 'model.28.decoder.layers.5.self_attn.out_proj.bias'
Freezing layer 'model.28.decoder.layers.5.norm1.weight'
Freezing layer 'model.28.decoder.layers.5.norm1.bias'
Freezing layer 'model.28.decoder.layers.5.cross_attn.sampling_offsets.weight'
Freezing layer 'model.28.decoder.layers.5.cross_attn.sampling_offsets.bias'
Freezing layer 'model.28.decoder.layers.5.cross_attn.attention_weights.weight'
Freezing layer 'model.28.decoder.layers.5.cross_attn.attention_weights.bias'
Freezing layer 'model.28.decoder.layers.5.cross_attn.value_proj.weight'
Freezing layer 'model.28.decoder.layers.5.cross_attn.value_proj.bias'
Freezing layer 'model.28.decoder.layers.5.cross_attn.output_proj.weight'
Freezing layer 'model.28.decoder.layers.5.cross_attn.output_proj.bias'
Freezing layer 'model.28.decoder.layers.5.norm2.weight'
Freezing layer 'model.28.decoder.layers.5.norm2.bias'
Freezing layer 'model.28.decoder.layers.5.linear1.weight'
Freezing layer 'model.28.decoder.layers.5.linear1.bias'
Freezing layer 'model.28.decoder.layers.5.linear2.weight'
Freezing layer 'model.28.decoder.layers.5.linear2.bias'
Freezing layer 'model.28.decoder.layers.5.norm3.weight'
Freezing layer 'model.28.decoder.layers.5.norm3.bias'
Freezing layer 'model.28.denoising_class_embed.weight'
Freezing layer 'model.28.query_pos_head.layers.0.weight'
Freezing layer 'model.28.query_pos_head.layers.0.bias'
Freezing layer 'model.28.query_pos_head.layers.1.weight'
Freezing layer 'model.28.query_pos_head.layers.1.bias'
Freezing layer 'model.28.enc_output.0.weight'
Freezing layer 'model.28.enc_output.0.bias'
Freezing layer 'model.28.enc_output.1.weight'
Freezing layer 'model.28.enc_output.1.bias'
Freezing layer 'model.28.enc_score_head.weight'
Freezing layer 'model.28.enc_score_head.bias'
Freezing layer 'model.28.enc_bbox_head.layers.0.weight'
Freezing layer 'model.28.enc_bbox_head.layers.0.bias'
Freezing layer 'model.28.enc_bbox_head.layers.1.weight'
Freezing layer 'model.28.enc_bbox_head.layers.1.bias'
Freezing layer 'model.28.enc_bbox_head.layers.2.weight'
Freezing layer 'model.28.enc_bbox_head.layers.2.bias'
Freezing layer 'model.28.dec_score_head.0.weight'
Freezing layer 'model.28.dec_score_head.0.bias'
Freezing layer 'model.28.dec_score_head.1.weight'
Freezing layer 'model.28.dec_score_head.1.bias'
Freezing layer 'model.28.dec_score_head.2.weight'
Freezing layer 'model.28.dec_score_head.2.bias'
Freezing layer 'model.28.dec_score_head.3.weight'
Freezing layer 'model.28.dec_score_head.3.bias'
Freezing layer 'model.28.dec_score_head.4.weight'
Freezing layer 'model.28.dec_score_head.4.bias'
Freezing layer 'model.28.dec_score_head.5.weight'
Freezing layer 'model.28.dec_score_head.5.bias'
Freezing layer 'model.28.dec_bbox_head.0.layers.0.weight'
Freezing layer 'model.28.dec_bbox_head.0.layers.0.bias'
Freezing layer 'model.28.dec_bbox_head.0.layers.1.weight'
Freezing layer 'model.28.dec_bbox_head.0.layers.1.bias'
Freezing layer 'model.28.dec_bbox_head.0.layers.2.weight'
Freezing layer 'model.28.dec_bbox_head.0.layers.2.bias'
Freezing layer 'model.28.dec_bbox_head.1.layers.0.weight'
Freezing layer 'model.28.dec_bbox_head.1.layers.0.bias'
Freezing layer 'model.28.dec_bbox_head.1.layers.1.weight'
Freezing layer 'model.28.dec_bbox_head.1.layers.1.bias'
Freezing layer 'model.28.dec_bbox_head.1.layers.2.weight'
Freezing layer 'model.28.dec_bbox_head.1.layers.2.bias'
Freezing layer 'model.28.dec_bbox_head.2.layers.0.weight'
Freezing layer 'model.28.dec_bbox_head.2.layers.0.bias'
Freezing layer 'model.28.dec_bbox_head.2.layers.1.weight'
Freezing layer 'model.28.dec_bbox_head.2.layers.1.bias'
Freezing layer 'model.28.dec_bbox_head.2.layers.2.weight'
Freezing layer 'model.28.dec_bbox_head.2.layers.2.bias'
Freezing layer 'model.28.dec_bbox_head.3.layers.0.weight'
Freezing layer 'model.28.dec_bbox_head.3.layers.0.bias'
Freezing layer 'model.28.dec_bbox_head.3.layers.1.weight'
Freezing layer 'model.28.dec_bbox_head.3.layers.1.bias'
Freezing layer 'model.28.dec_bbox_head.3.layers.2.weight'
Freezing layer 'model.28.dec_bbox_head.3.layers.2.bias'
Freezing layer 'model.28.dec_bbox_head.4.layers.0.weight'
Freezing layer 'model.28.dec_bbox_head.4.layers.0.bias'
Freezing layer 'model.28.dec_bbox_head.4.layers.1.weight'
Freezing layer 'model.28.dec_bbox_head.4.layers.1.bias'
Freezing layer 'model.28.dec_bbox_head.4.layers.2.weight'
Freezing layer 'model.28.dec_bbox_head.4.layers.2.bias'
Freezing layer 'model.28.dec_bbox_head.5.layers.0.weight'
Freezing layer 'model.28.dec_bbox_head.5.layers.0.bias'
Freezing layer 'model.28.dec_bbox_head.5.layers.1.weight'
Freezing layer 'model.28.dec_bbox_head.5.layers.1.bias'
Freezing layer 'model.28.dec_bbox_head.5.layers.2.weight'
Freezing layer 'model.28.dec_bbox_head.5.layers.2.bias'
WARNING ⚠️ setting 'requires_grad=True' for frozen layer 'sqda_sgc.role_scale'. See ultralytics.engine.trainer for customization of frozen layers.
WARNING ⚠️ setting 'requires_grad=True' for frozen layer 'sqda_sgc.role_bias'. See ultralytics.engine.trainer for customization of frozen layers.
WARNING ⚠️ setting 'requires_grad=True' for frozen layer 'sqda_sgc.context_logit'. See ultralytics.engine.trainer for customization of frozen layers.
WARNING ⚠️ setting 'requires_grad=True' for frozen layer 'sqda_sgc.layer_scale_logit'. See ultralytics.engine.trainer for customization of frozen layers.
WARNING ⚠️ setting 'requires_grad=True' for frozen layer 'sqda_sgc.query_geometry.0.weight'. See ultralytics.engine.trainer for customization of frozen layers.
WARNING ⚠️ setting 'requires_grad=True' for frozen layer 'sqda_sgc.query_geometry.0.bias'. See ultralytics.engine.trainer for customization of frozen layers.
WARNING ⚠️ setting 'requires_grad=True' for frozen layer 'sqda_sgc.query_geometry.1.weight'. See ultralytics.engine.trainer for customization of frozen layers.
WARNING ⚠️ setting 'requires_grad=True' for frozen layer 'sqda_sgc.query_geometry.1.bias'. See ultralytics.engine.trainer for customization of frozen layers.
WARNING ⚠️ setting 'requires_grad=True' for frozen layer 'sqda_sgc.query_geometry.3.weight'. See ultralytics.engine.trainer for customization of frozen layers.
WARNING ⚠️ setting 'requires_grad=True' for frozen layer 'sqda_sgc.query_geometry.3.bias'. See ultralytics.engine.trainer for customization of frozen layers.
WARNING ⚠️ setting 'requires_grad=True' for frozen layer 'sqda_sgc.box_geometry.0.weight'. See ultralytics.engine.trainer for customization of frozen layers.
WARNING ⚠️ setting 'requires_grad=True' for frozen layer 'sqda_sgc.box_geometry.0.bias'. See ultralytics.engine.trainer for customization of frozen layers.
WARNING ⚠️ setting 'requires_grad=True' for frozen layer 'sqda_sgc.box_geometry.2.weight'. See ultralytics.engine.trainer for customization of frozen layers.
WARNING ⚠️ setting 'requires_grad=True' for frozen layer 'sqda_sgc.box_geometry.2.bias'. See ultralytics.engine.trainer for customization of frozen layers.
WARNING ⚠️ setting 'requires_grad=True' for frozen layer 'sqda_sgc.shared_role_projection.weight'. See ultralytics.engine.trainer for customization of frozen layers.
WARNING ⚠️ setting 'requires_grad=True' for frozen layer 'sqda_sgc.shared_role_projection.bias'. See ultralytics.engine.trainer for customization of frozen layers.
WARNING ⚠️ setting 'requires_grad=True' for frozen layer 'sqda_sgc.role_norm.weight'. See ultralytics.engine.trainer for customization of frozen layers.
WARNING ⚠️ setting 'requires_grad=True' for frozen layer 'sqda_sgc.role_norm.bias'. See ultralytics.engine.trainer for customization of frozen layers.
WARNING ⚠️ setting 'requires_grad=True' for frozen layer 'sqda_sgc.point_offset_heads.0.weight'. See ultralytics.engine.trainer for customization of frozen layers.
WARNING ⚠️ setting 'requires_grad=True' for frozen layer 'sqda_sgc.point_offset_heads.0.bias'. See ultralytics.engine.trainer for customization of frozen layers.
WARNING ⚠️ setting 'requires_grad=True' for frozen layer 'sqda_sgc.point_offset_heads.1.weight'. See ultralytics.engine.trainer for customization of frozen layers.
WARNING ⚠️ setting 'requires_grad=True' for frozen layer 'sqda_sgc.point_offset_heads.1.bias'. See ultralytics.engine.trainer for customization of frozen layers.
WARNING ⚠️ setting 'requires_grad=True' for frozen layer 'sqda_sgc.point_offset_heads.2.weight'. See ultralytics.engine.trainer for customization of frozen layers.
WARNING ⚠️ setting 'requires_grad=True' for frozen layer 'sqda_sgc.point_offset_heads.2.bias'. See ultralytics.engine.trainer for customization of frozen layers.
WARNING ⚠️ setting 'requires_grad=True' for frozen layer 'sqda_sgc.point_offset_heads.3.weight'. See ultralytics.engine.trainer for customization of frozen layers.
WARNING ⚠️ setting 'requires_grad=True' for frozen layer 'sqda_sgc.point_offset_heads.3.bias'. See ultralytics.engine.trainer for customization of frozen layers.
WARNING ⚠️ setting 'requires_grad=True' for frozen layer 'sqda_sgc.point_offset_heads.4.weight'. See ultralytics.engine.trainer for customization of frozen layers.
WARNING ⚠️ setting 'requires_grad=True' for frozen layer 'sqda_sgc.point_offset_heads.4.bias'. See ultralytics.engine.trainer for customization of frozen layers.
WARNING ⚠️ setting 'requires_grad=True' for frozen layer 'sqda_sgc.point_offset_heads.5.weight'. See ultralytics.engine.trainer for customization of frozen layers.
WARNING ⚠️ setting 'requires_grad=True' for frozen layer 'sqda_sgc.point_offset_heads.5.bias'. See ultralytics.engine.trainer for customization of frozen layers.
WARNING ⚠️ setting 'requires_grad=True' for frozen layer 'sqda_sgc.value_projector.0.weight'. See ultralytics.engine.trainer for customization of frozen layers.
WARNING ⚠️ setting 'requires_grad=True' for frozen layer 'sqda_sgc.value_projector.0.bias'. See ultralytics.engine.trainer for customization of frozen layers.
WARNING ⚠️ setting 'requires_grad=True' for frozen layer 'sqda_sgc.value_projector.1.weight'. See ultralytics.engine.trainer for customization of frozen layers.
WARNING ⚠️ setting 'requires_grad=True' for frozen layer 'sqda_sgc.value_projector.1.bias'. See ultralytics.engine.trainer for customization of frozen layers.
WARNING ⚠️ setting 'requires_grad=True' for frozen layer 'sqda_sgc.value_projector.3.weight'. See ultralytics.engine.trainer for customization of frozen layers.
WARNING ⚠️ setting 'requires_grad=True' for frozen layer 'sqda_sgc.value_projector.3.bias'. See ultralytics.engine.trainer for customization of frozen layers.
WARNING ⚠️ setting 'requires_grad=True' for frozen layer 'sqda_sgc.point_query.weight'. See ultralytics.engine.trainer for customization of frozen layers.
WARNING ⚠️ setting 'requires_grad=True' for frozen layer 'sqda_sgc.point_key.weight'. See ultralytics.engine.trainer for customization of frozen layers.
WARNING ⚠️ setting 'requires_grad=True' for frozen layer 'sqda_sgc.edge_query.weight'. See ultralytics.engine.trainer for customization of frozen layers.
WARNING ⚠️ setting 'requires_grad=True' for frozen layer 'sqda_sgc.edge_key.weight'. See ultralytics.engine.trainer for customization of frozen layers.
WARNING ⚠️ setting 'requires_grad=True' for frozen layer 'sqda_sgc.reliability_projection.weight'. See ultralytics.engine.trainer for customization of frozen layers.
WARNING ⚠️ setting 'requires_grad=True' for frozen layer 'sqda_sgc.gate_query_norm.weight'. See ultralytics.engine.trainer for customization of frozen layers.
WARNING ⚠️ setting 'requires_grad=True' for frozen layer 'sqda_sgc.gate_query_norm.bias'. See ultralytics.engine.trainer for customization of frozen layers.
WARNING ⚠️ setting 'requires_grad=True' for frozen layer 'sqda_sgc.gate_evidence_norm.weight'. See ultralytics.engine.trainer for customization of frozen layers.
WARNING ⚠️ setting 'requires_grad=True' for frozen layer 'sqda_sgc.gate_evidence_norm.bias'. See ultralytics.engine.trainer for customization of frozen layers.
WARNING ⚠️ setting 'requires_grad=True' for frozen layer 'sqda_sgc.gate.0.weight'. See ultralytics.engine.trainer for customization of frozen layers.
WARNING ⚠️ setting 'requires_grad=True' for frozen layer 'sqda_sgc.gate.0.bias'. See ultralytics.engine.trainer for customization of frozen layers.
WARNING ⚠️ setting 'requires_grad=True' for frozen layer 'sqda_sgc.gate.2.weight'. See ultralytics.engine.trainer for customization of frozen layers.
WARNING ⚠️ setting 'requires_grad=True' for frozen layer 'sqda_sgc.gate.2.bias'. See ultralytics.engine.trainer for customization of frozen layers.
WARNING ⚠️ setting 'requires_grad=True' for frozen layer 'sqda_sgc.fusion.weight'. See ultralytics.engine.trainer for customization of frozen layers.
WARNING ⚠️ setting 'requires_grad=True' for frozen layer 'sqda_sgc.fusion.bias'. See ultralytics.engine.trainer for customization of frozen layers.
[34m[1mtrain: [0mFast image access ✅ (ping: 0.0±0.0 ms, read: 2947.7±468.9 MB/s, size: 260.7 KB)
[K[34m[1mtrain: [0mScanning /root/data/uav/datasets/VisDrone/labels/train.cache... 6471 images, 0 backgrounds, 0 corrupt: 100% ━━━━━━━━━━━━ 6471/6471 848.2Mit/s 0.0s
[34m[1mtrain: [0m/root/data/uav/datasets/VisDrone/images/train/0000137_02220_d_0000163.jpg: 1 duplicate labels removed
[34m[1mtrain: [0m/root/data/uav/datasets/VisDrone/images/train/0000140_00118_d_0000002.jpg: 1 duplicate labels removed
[34m[1mtrain: [0m/root/data/uav/datasets/VisDrone/images/train/9999945_00000_d_0000114.jpg: 1 duplicate labels removed
[34m[1mtrain: [0m/root/data/uav/datasets/VisDrone/images/train/9999987_00000_d_0000049.jpg: 1 duplicate labels removed
[34m[1mval: [0mFast image access ✅ (ping: 0.0±0.0 ms, read: 531.2±144.6 MB/s, size: 142.1 KB)
[K[34m[1mval: [0mScanning /root/data/uav/datasets/VisDrone/labels/val.cache... 548 images, 0 backgrounds, 0 corrupt: 100% ━━━━━━━━━━━━ 548/548 23.5Mit/s 0.0s
Plotting labels to /root/data/uav/runs/sqda-geometry-gate/sqda-geometry-gate-g1-seed0-3ep/labels.jpg... 
Image sizes 640 train, 640 val
Using 8 dataloader workers
Logging results to [1m/root/data/uav/runs/sqda-geometry-gate/sqda-geometry-gate-g1-seed0-3ep[0m
Starting training for 3 epochs...

      Epoch    GPU_mem  giou_loss   cls_loss    l1_loss  Instances       Size
/root/data/uav/venv/lib/python3.10/site-packages/torch/autograd/graph.py:825: UserWarning: grid_sampler_2d_backward_cuda does not have a deterministic implementation, but you set 'torch.use_deterministic_algorithms(True, warn_only=True)'. You can file an issue at https://github.com/pytorch/pytorch/issues to help us prioritize adding deterministic support for this operation. (Triggered internally at ../aten/src/ATen/Context.cpp:91.)
  return Variable._execution_engine.run_backward(  # Calls into the C++ engine to run the backward pass
[K        1/3      2.47G      0.548     0.4579    0.04507        529        640: 0% ──────────── 0/809  1.6s[K        1/3      2.76G     0.6986     0.4806    0.06262        337        640: 0% ──────────── 1/809 2.2s/it 2.2s<30:05[K        1/3      2.99G     0.7978     0.4734    0.09719        448        640: 0% ──────────── 2/809 1.4s/it 2.9s<18:21[K        1/3      3.26G     0.7916     0.4669    0.09415        612        640: 0% ──────────── 3/809 1.1s/it 3.7s<15:02[K        1/3      3.26G     0.7967     0.4665    0.09008        511        640: 0% ──────────── 4/809 1.1it/s 4.4s<12:12[K        1/3         4G     0.8285     0.4609     0.0901        541        640: 0% ──────────── 5/809 1.2it/s 5.1s<11:18[K        1/3         4G     0.8382     0.4588    0.08803        379        640: 0% ──────────── 6/809 1.3it/s 5.7s<10:02[K        1/3         4G     0.8052     0.4598    0.08383        296        640: 0% ──────────── 7/809 1.6it/s 6.1s<8:24[K        1/3         4G     0.7993     0.4624    0.08307        426        640: 0% ──────────── 8/809 1.7it/s 6.7s<7:56[K        1/3         4G     0.8249     0.4605     0.0871        470        640: 1% ──────────── 9/809 1.5it/s 7.5s<8:44[K        1/3      6.48G     0.8537     0.4556    0.09809        761        640: 1% ──────────── 10/809 1.3it/s 8.9s<10:23[K        1/3      6.48G     0.8433      0.458    0.09667        477        640: 1% ──────────── 11/809 1.4it/s 9.5s<9:11[K        1/3      6.48G     0.8348     0.4585    0.09491        460        640: 1% ──────────── 12/809 1.5it/s 10.1s<8:55[K        1/3      6.48G     0.8178     0.4601    0.09261        374        640: 1% ──────────── 13/809 1.6it/s 10.6s<8:04[K        1/3      6.48G     0.8287     0.4597    0.09206        554        640: 1% ──────────── 14/809 1.6it/s 11.3s<8:29[K        1/3      6.48G     0.8315     0.4605    0.09146        440        640: 1% ──────────── 15/809 1.7it/s 11.9s<8:01[K        1/3      6.48G      0.837     0.4599    0.09419        775        640: 1% ──────────── 16/809 1.4it/s 13.2s<9:34[K        1/3      6.48G     0.8281     0.4633    0.09328        309        640: 2% ──────────── 17/809 1.6it/s 13.7s<8:22[K        1/3      6.48G     0.8299     0.4621    0.09519        669        640: 2% ──────────── 18/809 1.5it/s 14.6s<9:05[K        1/3      6.48G     0.8443     0.4611    0.09692        596        640: 2% ──────────── 19/809 1.4it/s 15.4s<9:43[K        1/3      6.48G     0.8415     0.4612    0.09607        613        640: 2% ──────────── 20/809 1.4it/s 16.1s<9:21[K        1/3      6.48G     0.8418     0.4601    0.09596        679        640: 2% ──────────── 21/809 1.4it/s 16.9s<9:33[K        1/3      6.48G     0.8508     0.4587    0.09606        624        640: 2% ──────────── 22/809 1.4it/s 17.6s<9:42[K        1/3      6.48G     0.8428     0.4605    0.09556        269        640: 2% ──────────── 23/809 1.6it/s 18.1s<8:22[K        1/3      6.48G     0.8393      0.461    0.09488        427        640: 2% ──────────── 24/809 1.6it/s 18.7s<8:01[K        1/3      6.48G     0.8485      0.459    0.09559        629        640: 3% ──────────── 25/809 1.4it/s 20.1s<9:39[K        1/3      6.48G     0.8477     0.4601    0.09485        499        640: 3% ──────────── 26/809 1.5it/s 20.7s<8:58[K        1/3      6.48G     0.8377     0.4615      0.094        300        640: 3% ──────────── 27/809 1.7it/s 21.1s<7:45[K        1/3      6.48G     0.8375     0.4619     0.0932        692        640: 3% ──────────── 28/809 1.6it/s 21.8s<8:01[K        1/3      6.48G     0.8355     0.4628    0.09219        524        640: 3% ──────────── 29/809 1.7it/s 22.4s<7:42[K        1/3      6.48G     0.8349     0.4628    0.09183        360        640: 3% ──────────── 30/809 1.8it/s 22.8s<7:16[K        1/3      6.48G     0.8326     0.4634    0.09111        367        640: 3% ──────────── 31/809 1.9it/s 23.3s<6:52[K        1/3      6.48G     0.8292     0.4648     0.0911        464        640: 3% ──────────── 32/809 1.9it/s 23.9s<6:57[K        1/3      6.48G     0.8279     0.4656     0.0904        437        640: 4% ──────────── 33/809 1.9it/s 24.4s<6:53[K        1/3      6.48G     0.8205     0.4672    0.08986        321        640: 4% ╸─────────── 34/809 2.0it/s 24.9s<6:36[K        1/3      6.48G     0.8246     0.4666    0.09004        681        640: 4% ╸─────────── 35/809 1.8it/s 25.5s<7:05[K        1/3      6.48G     0.8259     0.4658    0.08947        646        640: 4% ╸─────────── 36/809 1.7it/s 26.2s<7:36[K        1/3      6.48G     0.8296     0.4651    0.08993        694        640: 4% ╸─────────── 37/809 1.6it/s 27.0s<8:08[K        1/3      6.48G     0.8256     0.4656    0.08905        494        640: 4% ╸─────────── 38/809 1.7it/s 27.5s<7:44[K        1/3      6.48G     0.8273      0.465    0.08829        477        640: 4% ╸─────────── 39/809 1.8it/s 28.0s<7:18[K        1/3      6.48G     0.8233     0.4658    0.08756        507        640: 4% ╸─────────── 40/809 1.8it/s 28.6s<7:18[K        1/3      6.48G      0.821     0.4677    0.08771        251        640: 5% ╸─────────── 41/809 2.0it/s 29.0s<6:32[K        1/3      6.48G     0.8189      0.468    0.08724        408        640: 5% ╸─────────── 42/809 2.0it/s 29.5s<6:29[K        1/3      6.48G     0.8217     0.4673    0.08908        575        640: 5% ╸─────────── 43/809 1.6it/s 30.8s<7:56[K        1/3      6.48G     0.8211     0.4674    0.08846        388        640: 5% ╸─────────── 44/809 1.7it/s 31.4s<7:37[K        1/3      6.48G     0.8249     0.4661    0.08951        764        640: 5% ╸─────────── 45/809 1.5it/s 32.3s<8:35[K        1/3      9.27G     0.8304     0.4645    0.08988        725        640: 5% ╸─────────── 46/809 1.4it/s 33.2s<9:03[K        1/3      9.27G     0.8307     0.4644    0.08956        615        640: 5% ╸─────────── 47/809 1.4it/s 33.8s<8:52[K        1/3      9.27G      0.824     0.4659    0.08885        288        640: 5% ╸─────────── 48/809 1.7it/s 34.3s<7:40[K        1/3      9.27G      0.823      0.466    0.08824        473        640: 6% ╸─────────── 49/809 1.7it/s 34.8s<7:15[K        1/3      9.27G     0.8231     0.4663    0.08785        529        640: 6% ╸─────────── 50/809 1.7it/s 35.4s<7:20[K        1/3      9.27G     0.8218     0.4669    0.08742        430        640: 6% ╸─────────── 51/809 1.8it/s 35.9s<6:57[K        1/3      9.27G     0.8246     0.4668     0.0872        523        640: 6% ╸─────────── 52/809 1.7it/s 36.6s<7:26[K        1/3      9.27G     0.8244     0.4669    0.08694        508        640: 6% ╸─────────── 53/809 1.7it/s 37.1s<7:13[K        1/3      9.27G     0.8208     0.4682     0.0868        293        640: 6% ╸─────────── 54/809 1.9it/s 37.6s<6:44[K        1/3      9.27G     0.8249     0.4673     0.0872        564        640: 6% ╸─────────── 55/809 1.7it/s 38.3s<7:18[K        1/3      9.27G     0.8262      0.467    0.08702        661        640: 6% ╸─────────── 56/809 1.6it/s 39.0s<7:38[K        1/3      9.27G     0.8246     0.4675    0.08668        457        640: 7% ╸─────────── 57/809 1.7it/s 39.5s<7:14[K        1/3      9.27G     0.8228     0.4679    0.08624        438        640: 7% ╸─────────── 58/809 1.8it/s 40.0s<6:60[K        1/3      9.27G     0.8206     0.4683    0.08583        459        640: 7% ╸─────────── 59/809 1.9it/s 40.5s<6:45[K        1/3      9.27G     0.8202     0.4681    0.08534        665        640: 7% ╸─────────── 60/809 1.8it/s 41.2s<7:04[K        1/3      9.27G     0.8205     0.4678    0.08495        535        640: 7% ╸─────────── 61/809 1.8it/s 41.7s<7:03[K        1/3      9.27G     0.8232     0.4672    0.08564        495        640: 7% ╸─────────── 62/809 1.5it/s 43.1s<8:34[K        1/3      9.27G     0.8243     0.4671    0.08539        346        640: 7% ╸─────────── 63/809 1.6it/s 43.7s<7:56[K        1/3      9.27G     0.8253      0.467     0.0861        595        640: 7% ╸─────────── 64/809 1.5it/s 44.5s<8:32[K        1/3      9.27G     0.8235     0.4676    0.08586        260        640: 8% ╸─────────── 65/809 1.7it/s 44.9s<7:10[K        1/3      9.27G     0.8213     0.4683    0.08538        321        640: 8% ╸─────────── 66/809 1.8it/s 45.4s<6:47[K        1/3      9.27G      0.822     0.4685    0.08526        486        640: 8% ╸─────────── 67/809 1.8it/s 46.0s<6:43[K        1/3      9.27G     0.8216     0.4689    0.08497        500        640: 8% ━─────────── 68/809 1.8it/s 46.5s<6:49[K        1/3      9.27G       0.82     0.4695    0.08462        263        640: 8% ━─────────── 69/809 2.0it/s 46.9s<6:09[K        1/3      9.27G     0.8178       0.47    0.08436        320        640: 8% ━─────────── 70/809 2.0it/s 47.4s<6:04[K        1/3      9.27G     0.8214      0.469    0.08598        879        640: 8% ━─────────── 71/809 1.5it/s 49.9s<7:59[K        1/3      9.27G     0.8233     0.4686    0.08591        665        640: 8% ━─────────── 72/809 1.5it/s 50.6s<8:11[K        1/3      9.27G     0.8198     0.4698    0.08549        278        640: 9% ━─────────── 73/809 1.8it/s 51.0s<6:51[K        1/3      9.27G     0.8251     0.4687    0.08768        802        640: 9% ━─────────── 74/809 1.5it/s 52.5s<8:22[K        1/3      9.27G     0.8252     0.4689    0.08745        523        640: 9% ━─────────── 75/809 1.6it/s 53.0s<7:49[K        1/3      9.27G     0.8207      0.469    0.08712        241        640: 9% ━─────────── 76/809 1.8it/s 53.5s<6:59[K        1/3      9.27G     0.8189      0.469    0.08679        359        640: 9% ━─────────── 77/809 1.9it/s 53.9s<6:23[K        1/3      9.27G     0.8178       0.47    0.08653        354        640: 9% ━─────────── 78/809 1.9it/s 54.4s<6:20[K        1/3      9.27G     0.8207     0.4695    0.08724        673        640: 9% ━─────────── 79/809 1.5it/s 57.1s<8:21[K        1/3      9.27G     0.8229     0.4691    0.08788        610        640: 9% ━─────────── 80/809 1.3it/s 58.2s<9:28[K        1/3      9.27G     0.8199     0.4698    0.08742        387        640: 10% ━─────────── 81/809 1.6it/s 58.7s<7:40[K        1/3      9.27G     0.8182     0.4702    0.08709        548        640: 10% ━─────────── 82/809 1.6it/s 59.3s<7:27[K        1/3      9.27G     0.8201     0.4698    0.08705        653        640: 10% ━─────────── 83/809 1.6it/s 59.9s<7:42[K        1/3      9.27G      0.821     0.4699     0.0869        299        640: 10% ━─────────── 84/809 1.7it/s 1:00<7:02[K        1/3      9.27G     0.8204     0.4698    0.08687        576        640: 10% ━─────────── 85/809 1.7it/s 1:01<6:58[K        1/3      9.27G     0.8251     0.4689    0.08779        754        640: 10% ━─────────── 86/809 1.4it/s 1:02<8:21[K        1/3      9.27G     0.8253     0.4691    0.08826        566        640: 10% ━─────────── 87/809 1.5it/s 1:03<8:08[K        1/3      9.27G     0.8247     0.4691     0.0881        440        640: 10% ━─────────── 88/809 1.7it/s 1:03<7:11[K        1/3      9.27G     0.8253     0.4691    0.08802        546        640: 11% ━─────────── 89/809 1.6it/s 1:04<7:33[K        1/3      9.27G     0.8251     0.4689    0.08785        594        640: 11% ━─────────── 90/809 1.6it/s 1:05<7:21[K        1/3      9.27G     0.8276     0.4682    0.08824        527        640: 11% ━─────────── 91/809 1.5it/s 1:05<7:50[K        1/3      9.27G     0.8289     0.4677    0.08821        646        640: 11% ━─────────── 92/809 1.5it/s 1:06<8:03[K        1/3      9.27G     0.8315     0.4674    0.08898        774        640: 11% ━─────────── 93/809 1.4it/s 1:07<8:40[K        1/3      9.27G     0.8332     0.4672    0.08884        586        640: 11% ━─────────── 94/809 1.2it/s 1:08<9:45[K        1/3      9.27G     0.8348     0.4668    0.08876        703        640: 11% ━─────────── 95/809 1.2it/s 1:09<9:55[K        1/3      9.27G     0.8337     0.4674    0.08873        295        640: 11% ━─────────── 96/809 1.6it/s 1:10<7:40[K        1/3      9.27G     0.8349     0.4672    0.08862        641        640: 11% ━─────────── 97/809 1.6it/s 1:10<7:28[K        1/3      9.27G     0.8338     0.4674    0.08828        542        640: 12% ━─────────── 98/809 1.6it/s 1:11<7:13[K        1/3      9.27G     0.8368      0.467    0.08828        582        640: 12% ━─────────── 99/809 1.6it/s 1:11<7:16[K        1/3      9.27G      0.837     0.4668    0.08834        434        640: 12% ━─────────── 100/809 1.7it/s 1:12<7:03[K        1/3      9.27G     0.8381     0.4666    0.08855        452        640: 12% ━─────────── 101/809 1.7it/s 1:12<6:57[K        1/3      9.27G     0.8358     0.4671    0.08823        359        640: 12% ━╸────────── 102/809 1.8it/s 1:13<6:26[K        1/3      9.27G     0.8359     0.4672    0.08808        324        640: 12% ━╸────────── 103/809 1.9it/s 1:13<6:04[K        1/3      9.27G     0.8348     0.4676    0.08789        426        640: 12% ━╸────────── 104/809 1.9it/s 1:14<6:04[K        1/3      9.27G     0.8351     0.4675    0.08782        479        640: 12% ━╸────────── 105/809 1.9it/s 1:14<6:12[K        1/3      9.27G     0.8357     0.4676    0.08797        576        640: 13% ━╸────────── 106/809 1.9it/s 1:15<6:19[K        1/3      9.27G     0.8356     0.4678    0.08787        611        640: 13% ━╸────────── 107/809 1.7it/s 1:16<6:41[K        1/3      9.27G     0.8349     0.4677    0.08771        423        640: 13% ━╸────────── 108/809 1.8it/s 1:16<6:20[K        1/3      9.27G      0.834     0.4678    0.08761        542        640: 13% ━╸────────── 109/809 1.8it/s 1:17<6:25[K        1/3      9.27G     0.8329      0.468     0.0876        404        640: 13% ━╸────────── 110/809 1.8it/s 1:17<6:22[K        1/3      9.27G     0.8346     0.4678    0.08791        693        640: 13% ━╸────────── 111/809 1.7it/s 1:18<6:42[K        1/3      9.27G     0.8323     0.4684    0.08784        221        640: 13% ━╸────────── 112/809 2.0it/s 1:18<5:47[K        1/3      9.27G     0.8327     0.4682    0.08767        592        640: 13% ━╸────────── 113/809 1.9it/s 1:19<6:10[K        1/3      9.27G     0.8345     0.4677    0.08887        746        640: 14% ━╸────────── 114/809 1.6it/s 1:20<7:19[K        1/3      9.27G     0.8357     0.4676    0.08885        527        640: 14% ━╸────────── 115/809 1.6it/s 1:21<7:18[K        1/3      9.27G     0.8388      0.467    0.08925        636        640: 14% ━╸────────── 116/809 1.5it/s 1:22<7:58[K        1/3      9.27G     0.8401     0.4667    0.08949        617        640: 14% ━╸────────── 117/809 1.5it/s 1:22<7:46[K        1/3      9.27G     0.8391     0.4667     0.0893        341        640: 14% ━╸────────── 118/809 1.8it/s 1:23<6:28[K        1/3      9.27G     0.8393     0.4663    0.08919        558        640: 14% ━╸────────── 119/809 1.7it/s 1:23<6:41[K        1/3      9.27G     0.8395     0.4662    0.08901        403        640: 14% ━╸────────── 120/809 1.8it/s 1:24<6:25[K        1/3      9.27G      0.839     0.4664    0.08885        450        640: 14% ━╸────────── 121/809 1.8it/s 1:24<6:14[K        1/3      9.27G     0.8413     0.4659    0.08934        722        640: 15% ━╸────────── 122/809 1.5it/s 1:26<7:44[K        1/3      9.27G     0.8432     0.4659    0.08945        695        640: 15% ━╸────────── 123/809 1.5it/s 1:26<7:40[K        1/3      9.27G     0.8431     0.4659    0.08933        756        640: 15% ━╸────────── 124/809 1.5it/s 1:27<7:26[K        1/3      9.27G      0.845     0.4656     0.0904        569        640: 15% ━╸────────── 125/809 1.3it/s 1:29<8:51[K        1/3      9.27G     0.8438      0.466    0.09022        304        640: 15% ━╸────────── 126/809 1.6it/s 1:29<7:07[K        1/3      9.27G     0.8419     0.4663    0.08992        312        640: 15% ━╸────────── 127/809 1.9it/s 1:29<6:07[K        1/3      9.27G     0.8401     0.4669    0.08962        278        640: 15% ━╸────────── 128/809 2.0it/s 1:30<5:47[K        1/3      9.27G     0.8407      0.467    0.08977        393        640: 15% ━╸────────── 129/809 2.0it/s 1:30<5:38[K        1/3      9.27G     0.8392     0.4675    0.08957        364        640: 16% ━╸────────── 130/809 2.1it/s 1:31<5:18[K        1/3      9.27G     0.8402     0.4675    0.08943        663        640: 16% ━╸────────── 131/809 1.9it/s 1:31<5:49[K        1/3      9.27G     0.8398     0.4675    0.08923        341        640: 16% ━╸────────── 132/809 2.0it/s 1:32<5:42[K        1/3      9.27G     0.8387     0.4678    0.08901        433        640: 16% ━╸────────── 133/809 2.0it/s 1:32<5:39[K        1/3      9.27G     0.8375     0.4675    0.08878        360        640: 16% ━╸────────── 134/809 2.0it/s 1:33<5:38[K        1/3      9.27G     0.8377     0.4674    0.08878        291        640: 16% ━━────────── 135/809 2.1it/s 1:33<5:25[K        1/3      9.27G     0.8382     0.4672    0.08867        474        640: 16% ━━────────── 136/809 1.9it/s 1:34<5:48[K        1/3      9.27G     0.8405     0.4667     0.0888        538        640: 16% ━━────────── 137/809 1.7it/s 1:35<6:38[K        1/3      9.27G     0.8419     0.4665     0.0892        697        640: 17% ━━────────── 138/809 1.6it/s 1:36<7:03[K        1/3      9.27G     0.8418     0.4669    0.08911        381        640: 17% ━━────────── 139/809 1.8it/s 1:36<6:14[K        1/3      9.27G     0.8422     0.4669    0.08931        566        640: 17% ━━────────── 140/809 1.6it/s 1:37<6:55[K        1/3      9.27G     0.8431     0.4667    0.08944        807        640: 17% ━━────────── 141/809 1.5it/s 1:38<7:26[K        1/3      9.27G     0.8424     0.4674    0.08935        305        640: 17% ━━────────── 142/809 1.7it/s 1:38<6:26[K        1/3      9.27G     0.8417     0.4673    0.08919        485        640: 17% ━━────────── 143/809 1.8it/s 1:39<6:17[K        1/3      9.27G     0.8434     0.4669     0.0892        482        640: 17% ━━────────── 144/809 1.6it/s 1:39<6:43[K        1/3      9.27G     0.8422     0.4674    0.08902        331        640: 17% ━━────────── 145/809 1.9it/s 1:40<5:58[K        1/3      9.27G     0.8413     0.4674    0.08884        535        640: 18% ━━────────── 146/809 1.8it/s 1:40<5:58[K        1/3      9.27G     0.8404     0.4676    0.08864        501        640: 18% ━━────────── 147/809 1.8it/s 1:41<6:04[K        1/3      9.27G     0.8402     0.4678     0.0885        565        640: 18% ━━────────── 148/809 1.8it/s 1:41<6:09[K        1/3      9.27G     0.8405     0.4677    0.08856        594        640: 18% ━━────────── 149/809 1.7it/s 1:42<6:18[K        1/3      9.27G     0.8414     0.4675    0.08854        525        640: 18% ━━────────── 150/809 1.7it/s 1:43<6:33[K        1/3      9.27G     0.8416     0.4673    0.08845        620        640: 18% ━━────────── 151/809 1.6it/s 1:43<6:42[K        1/3      9.27G     0.8415     0.4673    0.08838        595        640: 18% ━━────────── 152/809 1.7it/s 1:44<6:35[K        1/3      9.27G     0.8416     0.4676    0.08839        371        640: 18% ━━────────── 153/809 1.8it/s 1:44<6:04[K        1/3      9.27G     0.8407     0.4677    0.08824        434        640: 19% ━━────────── 154/809 1.9it/s 1:45<5:49[K        1/3      9.27G     0.8403     0.4676    0.08812        607        640: 19% ━━────────── 155/809 1.8it/s 1:46<6:02[K        1/3      9.27G     0.8398     0.4677    0.08795        433        640: 19% ━━────────── 156/809 1.9it/s 1:46<5:46[K        1/3      9.27G     0.8404     0.4673    0.08797        668        640: 19% ━━────────── 157/809 1.8it/s 1:47<6:12[K        1/3      9.27G     0.8398     0.4673    0.08777        301        640: 19% ━━────────── 158/809 1.9it/s 1:47<5:38[K        1/3      9.27G     0.8396     0.4674    0.08772        396        640: 19% ━━────────── 159/809 1.9it/s 1:48<5:35[K        1/3      9.27G     0.8392     0.4675    0.08754        494        640: 19% ━━────────── 160/809 1.9it/s 1:48<5:39[K        1/3      9.27G     0.8393     0.4674    0.08766        574        640: 19% ━━────────── 161/809 1.8it/s 1:49<6:05[K        1/3      9.27G     0.8385     0.4674    0.08756        458        640: 20% ━━────────── 162/809 1.9it/s 1:49<5:49[K        1/3      9.27G       0.84      0.467    0.08765        468        640: 20% ━━────────── 163/809 1.7it/s 1:50<6:16[K        1/3      9.27G     0.8406     0.4668    0.08771        700        640: 20% ━━────────── 164/809 1.6it/s 1:51<6:32[K        1/3      9.27G      0.841     0.4668    0.08783        567        640: 20% ━━────────── 165/809 1.7it/s 1:51<6:19[K        1/3      9.27G      0.843     0.4662    0.08858        514        640: 20% ━━────────── 166/809 1.3it/s 1:54<8:16[K        1/3      9.27G     0.8418     0.4665    0.08845        433        640: 20% ━━────────── 167/809 1.5it/s 1:55<7:10[K        1/3      9.27G     0.8418     0.4664    0.08839        545        640: 20% ━━────────── 168/809 1.5it/s 1:55<6:59[K        1/3      9.27G     0.8417     0.4665    0.08838        414        640: 20% ━━╸───────── 169/809 1.7it/s 1:56<6:13[K        1/3      9.27G     0.8423     0.4663    0.08829        607        640: 21% ━━╸───────── 170/809 1.7it/s 1:56<6:14[K        1/3      9.27G     0.8414     0.4664    0.08814        533        640: 21% ━━╸───────── 171/809 1.7it/s 1:57<6:11[K        1/3      9.27G     0.8421     0.4664    0.08849        425        640: 21% ━━╸───────── 172/809 1.7it/s 1:57<6:17[K        1/3      9.27G     0.8424     0.4664    0.08858        474        640: 21% ━━╸───────── 173/809 1.7it/s 1:58<6:20[K        1/3      9.27G     0.8427     0.4665    0.08848        380        640: 21% ━━╸───────── 174/809 1.8it/s 1:59<5:51[K        1/3      9.27G     0.8421     0.4667    0.08835        641        640: 21% ━━╸───────── 175/809 1.7it/s 1:59<6:03[K        1/3      9.27G     0.8427     0.4665    0.08826        427        640: 21% ━━╸───────── 176/809 1.8it/s 1:60<5:51[K        1/3      9.27G     0.8442     0.4663    0.08855        623        640: 21% ━━╸───────── 177/809 1.6it/s 2:01<6:36[K        1/3      9.27G      0.844     0.4667    0.08847        356        640: 22% ━━╸───────── 178/809 1.8it/s 2:01<6:00[K        1/3      9.27G     0.8446     0.4665    0.08858        525        640: 22% ━━╸───────── 179/809 1.7it/s 2:02<6:17[K        1/3      9.27G     0.8461     0.4663    0.08865        619        640: 22% ━━╸───────── 180/809 1.4it/s 2:03<7:24[K        1/3      9.27G     0.8472     0.4661    0.08868        795        640: 22% ━━╸───────── 181/809 1.2it/s 2:04<8:26[K        1/3      9.27G     0.8476     0.4659    0.08868        481        640: 22% ━━╸───────── 182/809 1.4it/s 2:05<7:19[K        1/3      9.27G     0.8472      0.466    0.08857        464        640: 22% ━━╸───────── 183/809 1.5it/s 2:05<6:45[K        1/3      9.27G     0.8473     0.4659    0.08849        509        640: 22% ━━╸───────── 184/809 1.6it/s 2:06<6:26[K        1/3      9.27G     0.8478     0.4657    0.08847        490        640: 22% ━━╸───────── 185/809 1.7it/s 2:06<6:05[K        1/3      9.27G     0.8479     0.4658    0.08843        431        640: 22% ━━╸───────── 186/809 1.8it/s 2:07<5:55[K        1/3      9.27G     0.8468     0.4659    0.08842        364        640: 23% ━━╸───────── 187/809 1.8it/s 2:07<5:43[K        1/3      9.27G     0.8468     0.4658    0.08824        411        640: 23% ━━╸───────── 188/809 1.9it/s 2:08<5:25[K        1/3      9.27G     0.8478     0.4655    0.08858        583        640: 23% ━━╸───────── 189/809 1.8it/s 2:09<5:53[K        1/3      9.27G      0.849     0.4651    0.08871        799        640: 23% ━━╸───────── 190/809 1.6it/s 2:09<6:30[K        1/3      9.27G     0.8489      0.465    0.08858        540        640: 23% ━━╸───────── 191/809 1.6it/s 2:10<6:21[K        1/3      9.27G     0.8482     0.4654    0.08846        352        640: 23% ━━╸───────── 192/809 1.8it/s 2:10<5:37[K        1/3      9.27G     0.8477     0.4658    0.08835        317        640: 23% ━━╸───────── 193/809 2.0it/s 2:11<5:03[K        1/3      9.27G     0.8478      0.466    0.08825        418        640: 23% ━━╸───────── 194/809 2.1it/s 2:11<4:58[K        1/3      9.27G     0.8485     0.4658    0.08843        711        640: 24% ━━╸───────── 195/809 1.7it/s 2:12<5:60[K        1/3      9.27G     0.8476      0.466    0.08831        385        640: 24% ━━╸───────── 196/809 1.8it/s 2:13<5:39[K        1/3      9.27G     0.8487     0.4657    0.08834        465        640: 24% ━━╸───────── 197/809 1.7it/s 2:14<6:01[K        1/3      9.27G     0.8485     0.4658    0.08838        516        640: 24% ━━╸───────── 198/809 1.8it/s 2:14<5:49[K        1/3      9.27G     0.8499     0.4655    0.08946        749        640: 24% ━━╸───────── 199/809 1.4it/s 2:16<7:26[K        1/3      9.27G     0.8506     0.4655    0.08945        409        640: 24% ━━╸───────── 200/809 1.5it/s 2:17<6:38[K        1/3      9.27G     0.8509     0.4654    0.08941        546        640: 24% ━━╸───────── 201/809 1.6it/s 2:17<6:15[K        1/3      9.27G     0.8505     0.4656    0.08937        494        640: 24% ━━╸───────── 202/809 1.7it/s 2:18<5:55[K        1/3      9.27G       0.85     0.4658    0.08931        464        640: 25% ━━━───────── 203/809 1.8it/s 2:18<5:35[K        1/3      9.27G     0.8508     0.4656    0.08935        596        640: 25% ━━━───────── 204/809 1.7it/s 2:19<5:51[K        1/3      9.27G     0.8513     0.4656    0.08931        522        640: 25% ━━━───────── 205/809 1.7it/s 2:20<5:57[K        1/3      9.27G     0.8509     0.4655    0.08914        728        640: 25% ━━━───────── 206/809 1.7it/s 2:20<6:03[K        1/3      9.27G      0.851     0.4654    0.08905        753        640: 25% ━━━───────── 207/809 1.6it/s 2:21<6:06[K        1/3      9.27G     0.8509     0.4654    0.08903        484        640: 25% ━━━───────── 208/809 1.5it/s 2:22<6:31[K        1/3      9.27G     0.8508     0.4653    0.08891        580        640: 25% ━━━───────── 209/809 1.5it/s 2:22<6:38[K        1/3      9.27G     0.8506     0.4656     0.0889        168        640: 25% ━━━───────── 210/809 1.8it/s 2:23<5:33[K        1/3      9.27G     0.8496     0.4658    0.08879        331        640: 26% ━━━───────── 211/809 2.0it/s 2:23<5:04[K        1/3      9.27G     0.8492     0.4659    0.08876        308        640: 26% ━━━───────── 212/809 2.1it/s 2:24<4:49[K        1/3      9.27G     0.8496     0.4657    0.08872        654        640: 26% ━━━───────── 213/809 1.8it/s 2:25<5:36[K        1/3      9.27G     0.8501     0.4656    0.08874        855        640: 26% ━━━───────── 214/809 1.5it/s 2:26<6:35[K        1/3      9.27G     0.8502     0.4656    0.08867        537        640: 26% ━━━───────── 215/809 1.6it/s 2:26<6:19[K        1/3      9.27G     0.8494     0.4656    0.08857        434        640: 26% ━━━───────── 216/809 1.7it/s 2:27<5:43[K        1/3      9.27G     0.8495     0.4657    0.08856        550        640: 26% ━━━───────── 217/809 1.7it/s 2:27<5:40[K        1/3      9.27G     0.8487      0.466    0.08842        394        640: 26% ━━━───────── 218/809 1.8it/s 2:28<5:20[K        1/3      9.27G     0.8488     0.4658    0.08836        680        640: 27% ━━━───────── 219/809 1.7it/s 2:28<5:40[K        1/3      9.27G     0.8493     0.4658    0.08842        444        640: 27% ━━━───────── 220/809 1.8it/s 2:29<5:26[K        1/3      9.27G     0.8489     0.4658    0.08832        329        640: 27% ━━━───────── 221/809 2.0it/s 2:29<5:01[K        1/3      9.27G     0.8493     0.4657    0.08831        695        640: 27% ━━━───────── 222/809 1.8it/s 2:30<5:21[K        1/3      9.27G     0.8493     0.4657     0.0882        550        640: 27% ━━━───────── 223/809 1.8it/s 2:31<5:22[K        1/3      9.27G     0.8501     0.4655     0.0882        711        640: 27% ━━━───────── 224/809 1.5it/s 2:32<6:26[K        1/3      9.27G     0.8498     0.4658    0.08811        304        640: 27% ━━━───────── 225/809 1.8it/s 2:32<5:32[K        1/3      9.27G     0.8499     0.4656    0.08815        648        640: 27% ━━━───────── 226/809 1.7it/s 2:33<5:47[K        1/3      9.27G     0.8512     0.4653     0.0885        754        640: 28% ━━━───────── 227/809 1.3it/s 2:35<7:17[K        1/3      9.27G     0.8511     0.4655    0.08845        318        640: 28% ━━━───────── 228/809 1.6it/s 2:35<6:04[K        1/3      9.27G     0.8506     0.4656     0.0884        422        640: 28% ━━━───────── 229/809 1.7it/s 2:36<5:38[K        1/3      9.27G     0.8512     0.4655    0.08872        677        640: 28% ━━━───────── 230/809 1.3it/s 2:38<7:17[K        1/3      9.27G     0.8529     0.4652    0.08996        766        640: 28% ━━━───────── 231/809 1.0it/s 2:42<9:34[K        1/3      9.27G     0.8537     0.4652    0.09003        602        640: 28% ━━━───────── 232/809 1.1it/s 2:43<8:25[K        1/3      9.27G     0.8535     0.4654    0.08997        356        640: 28% ━━━───────── 233/809 1.5it/s 2:43<6:29[K        1/3      9.27G      0.854     0.4653    0.08993        600        640: 28% ━━━───────── 234/809 1.5it/s 2:44<6:16[K        1/3      9.27G     0.8544     0.4653    0.09006        721        640: 29% ━━━───────── 235/809 1.5it/s 2:44<6:28[K        1/3      9.27G      0.854     0.4654    0.09002        466        640: 29% ━━━╸──────── 236/809 1.7it/s 2:45<5:45[K        1/3      9.27G      0.854     0.4653    0.08993        390        640: 29% ━━━╸──────── 237/809 1.8it/s 2:45<5:16[K        1/3      9.27G     0.8537     0.4654    0.08984        437        640: 29% ━━━╸──────── 238/809 1.9it/s 2:46<5:05[K        1/3      9.27G     0.8546     0.4652    0.09005        607        640: 29% ━━━╸──────── 239/809 1.5it/s 2:48<6:23[K        1/3      9.27G     0.8535     0.4654    0.08994        402        640: 29% ━━━╸──────── 240/809 1.7it/s 2:48<5:43[K        1/3      9.27G     0.8537     0.4652    0.08984        720        640: 29% ━━━╸──────── 241/809 1.6it/s 2:49<5:58[K        1/3      9.27G     0.8528     0.4653    0.08971        398        640: 29% ━━━╸──────── 242/809 1.8it/s 2:49<5:24[K        1/3      9.27G      0.854     0.4651    0.09014       1093        640: 30% ━━━╸──────── 243/809 1.3it/s 2:52<7:04[K        1/3      9.27G     0.8548      0.465     0.0901        762        640: 30% ━━━╸──────── 244/809 1.2it/s 2:53<7:35[K        1/3      9.27G     0.8551     0.4649    0.09005        530        640: 30% ━━━╸──────── 245/809 1.4it/s 2:54<6:46[K        1/3      9.27G     0.8563     0.4646     0.0901        665        640: 30% ━━━╸──────── 246/809 1.4it/s 2:54<6:55[K        1/3      9.27G     0.8563     0.4646    0.09012        678        640: 30% ━━━╸──────── 247/809 1.4it/s 2:55<6:39[K        1/3      9.27G     0.8567     0.4645    0.09018        357        640: 30% ━━━╸──────── 248/809 1.4it/s 2:56<6:38[K        1/3      9.27G     0.8561     0.4646    0.09008        381        640: 30% ━━━╸──────── 249/809 1.6it/s 2:56<5:49[K        1/3      9.27G     0.8559     0.4646    0.08996        607        640: 30% ━━━╸──────── 250/809 1.6it/s 2:57<5:49[K        1/3      9.27G     0.8551     0.4649    0.08984        351        640: 31% ━━━╸──────── 251/809 1.8it/s 2:57<5:06[K        1/3      9.27G     0.8554     0.4649    0.08977        468        640: 31% ━━━╸──────── 252/809 1.9it/s 2:58<4:58[K        1/3      9.27G     0.8553     0.4649     0.0897        656        640: 31% ━━━╸──────── 253/809 1.8it/s 2:58<5:11[K        1/3      9.27G     0.8553      0.465    0.08965        471        640: 31% ━━━╸──────── 254/809 1.7it/s 2:59<5:35[K        1/3      9.27G     0.8563     0.4647    0.08975       1128        640: 31% ━━━╸──────── 255/809 1.5it/s 3:00<6:21[K        1/3      9.27G     0.8566     0.4646    0.08975        775        640: 31% ━━━╸──────── 256/809 1.4it/s 3:01<6:28[K        1/3      9.27G      0.857     0.4645    0.08978        725        640: 31% ━━━╸──────── 257/809 1.4it/s 3:02<6:48[K        1/3      9.27G      0.857     0.4645    0.08981        561        640: 31% ━━━╸──────── 258/809 1.4it/s 3:02<6:29[K        1/3      9.27G     0.8583     0.4641    0.09016        859        640: 32% ━━━╸──────── 259/809 1.1it/s 3:05<8:14[K        1/3      9.27G     0.8586     0.4642    0.09015        620        640: 32% ━━━╸──────── 260/809 1.2it/s 3:06<7:27[K        1/3      9.27G     0.8586     0.4641    0.09009        547        640: 32% ━━━╸──────── 261/809 1.4it/s 3:06<6:33[K        1/3      9.27G     0.8582     0.4641    0.08999        453        640: 32% ━━━╸──────── 262/809 1.6it/s 3:07<5:50[K        1/3      9.27G     0.8583     0.4642     0.0901        401        640: 32% ━━━╸──────── 263/809 1.7it/s 3:07<5:19[K        1/3      9.27G     0.8576     0.4643    0.09009        323        640: 32% ━━━╸──────── 264/809 1.9it/s 3:08<4:46[K        1/3      9.27G     0.8569     0.4646    0.08997        360        640: 32% ━━━╸──────── 265/809 1.9it/s 3:08<4:45[K        1/3      9.27G     0.8579     0.4644    0.09003        413        640: 32% ━━━╸──────── 266/809 1.8it/s 3:09<5:02[K        1/3      9.27G     0.8577     0.4645    0.08994        522        640: 33% ━━━╸──────── 267/809 1.8it/s 3:09<4:54[K        1/3      9.27G     0.8579     0.4644    0.08987        500        640: 33% ━━━╸──────── 268/809 1.8it/s 3:10<4:55[K        1/3      9.27G     0.8579     0.4645    0.08988        585        640: 33% ━━━╸──────── 269/809 1.8it/s 3:10<4:55[K        1/3      9.27G     0.8577     0.4645    0.08979        554        640: 33% ━━━━──────── 270/809 1.8it/s 3:11<4:54[K        1/3      9.27G     0.8568     0.4646    0.08972        323        640: 33% ━━━━──────── 271/809 1.9it/s 3:11<4:43[K        1/3      9.27G     0.8564     0.4647    0.08965        622        640: 33% ━━━━──────── 272/809 1.9it/s 3:12<4:50[K        1/3      9.27G     0.8558     0.4647    0.08954        467        640: 33% ━━━━──────── 273/809 1.9it/s 3:12<4:41[K        1/3      9.27G     0.8553     0.4649    0.08951        328        640: 33% ━━━━──────── 274/809 2.0it/s 3:13<4:33[K        1/3      9.27G     0.8546      0.465    0.08939        440        640: 33% ━━━━──────── 275/809 2.0it/s 3:13<4:27[K        1/3      9.27G     0.8549      0.465    0.08946        510        640: 34% ━━━━──────── 276/809 1.9it/s 3:14<4:42[K        1/3      9.27G     0.8548     0.4651     0.0894        579        640: 34% ━━━━──────── 277/809 1.8it/s 3:15<4:49[K        1/3      9.27G     0.8542     0.4653    0.08937        386        640: 34% ━━━━──────── 278/809 2.0it/s 3:15<4:29[K        1/3      9.27G     0.8536     0.4655    0.08926        423        640: 34% ━━━━──────── 279/809 2.1it/s 3:15<4:16[K        1/3      9.27G     0.8539     0.4653    0.08928        806        640: 34% ━━━━──────── 280/809 1.7it/s 3:16<5:03[K        1/3      9.27G     0.8544     0.4654    0.08942        394        640: 34% ━━━━──────── 281/809 1.7it/s 3:17<5:05[K        1/3      9.27G     0.8543     0.4655    0.08935        411        640: 34% ━━━━──────── 282/809 1.8it/s 3:18<4:52[K        1/3      9.27G      0.855     0.4654    0.08944        595        640: 34% ━━━━──────── 283/809 1.6it/s 3:18<5:19[K        1/3      9.27G     0.8542     0.4657    0.08933        289        640: 35% ━━━━──────── 284/809 1.8it/s 3:19<4:44[K        1/3      9.27G     0.8545     0.4657    0.08929        519        640: 35% ━━━━──────── 285/809 1.8it/s 3:19<4:46[K        1/3      9.27G     0.8555     0.4654    0.08974        883        640: 35% ━━━━──────── 286/809 1.5it/s 3:21<6:01[K        1/3      9.27G     0.8556     0.4654    0.08975        548        640: 35% ━━━━──────── 287/809 1.5it/s 3:22<5:38[K        1/3      9.27G     0.8553     0.4655    0.08968        470        640: 35% ━━━━──────── 288/809 1.7it/s 3:22<5:07[K        1/3      9.27G     0.8547     0.4657     0.0896        358        640: 35% ━━━━──────── 289/809 1.8it/s 3:23<4:48[K        1/3      9.27G     0.8556     0.4655    0.08966        421        640: 35% ━━━━──────── 290/809 1.7it/s 3:23<5:03[K        1/3      9.27G     0.8554     0.4654     0.0896        627        640: 35% ━━━━──────── 291/809 1.7it/s 3:24<4:60[K        1/3      9.27G      0.855     0.4656    0.08952        466        640: 36% ━━━━──────── 292/809 1.8it/s 3:24<4:48[K        1/3      9.27G     0.8545     0.4658     0.0894        551        640: 36% ━━━━──────── 293/809 1.8it/s 3:25<4:39[K        1/3      9.27G     0.8543     0.4659    0.08939        539        640: 36% ━━━━──────── 294/809 1.8it/s 3:25<4:39[K        1/3      9.27G     0.8558     0.4657    0.08976        997        640: 36% ━━━━──────── 295/809 1.4it/s 3:28<6:02[K        1/3      9.27G      0.855     0.4659    0.08965        321        640: 36% ━━━━──────── 296/809 1.7it/s 3:28<5:04[K        1/3      9.27G     0.8552     0.4658    0.08967        519        640: 36% ━━━━──────── 297/809 1.6it/s 3:29<5:10[K        1/3      9.27G      0.855     0.4659    0.08961        478        640: 36% ━━━━──────── 298/809 1.8it/s 3:29<4:52[K        1/3      9.27G     0.8552     0.4658    0.08959        864        640: 36% ━━━━──────── 299/809 1.6it/s 3:30<5:19[K        1/3      9.27G     0.8549      0.466    0.08955        377        640: 37% ━━━━──────── 300/809 1.8it/s 3:31<4:49[K        1/3      9.27G     0.8552     0.4659    0.08949        702        640: 37% ━━━━──────── 301/809 1.7it/s 3:31<5:06[K        1/3      9.27G     0.8553     0.4658    0.08943        369        640: 37% ━━━━──────── 302/809 1.8it/s 3:32<4:49[K        1/3      9.27G     0.8552     0.4659    0.08942        434        640: 37% ━━━━──────── 303/809 1.9it/s 3:32<4:30[K        1/3      9.27G     0.8552     0.4659    0.08934        681        640: 37% ━━━━╸─────── 304/809 1.8it/s 3:33<4:38[K        1/3      9.27G     0.8555     0.4658    0.08932        544        640: 37% ━━━━╸─────── 305/809 1.7it/s 3:34<4:54[K        1/3      9.27G     0.8552     0.4658    0.08927        362        640: 37% ━━━━╸─────── 306/809 1.8it/s 3:34<4:36[K        1/3      9.27G     0.8552     0.4659    0.08922        664        640: 37% ━━━━╸─────── 307/809 1.7it/s 3:35<4:47[K        1/3      9.27G     0.8549     0.4659    0.08913        527        640: 38% ━━━━╸─────── 308/809 1.8it/s 3:35<4:39[K        1/3      9.27G     0.8547     0.4658    0.08903        549        640: 38% ━━━━╸─────── 309/809 1.8it/s 3:36<4:34[K        1/3      9.27G     0.8545     0.4659    0.08897        261        640: 38% ━━━━╸─────── 310/809 2.0it/s 3:36<4:09[K        1/3      9.27G     0.8558     0.4656    0.08928       1033        640: 38% ━━━━╸─────── 311/809 1.6it/s 3:38<5:19[K        1/3      9.27G     0.8561     0.4655    0.08927        764        640: 38% ━━━━╸─────── 312/809 1.5it/s 3:39<5:33[K        1/3      9.27G     0.8559     0.4656    0.08924        337        640: 38% ━━━━╸─────── 313/809 1.7it/s 3:39<4:59[K        1/3      9.27G     0.8565     0.4655    0.08922        604        640: 38% ━━━━╸─────── 314/809 1.7it/s 3:40<4:58[K        1/3      9.27G     0.8576     0.4653    0.08939        641        640: 38% ━━━━╸─────── 315/809 1.4it/s 3:41<6:02[K        1/3      9.27G      0.858     0.4653    0.08953        541        640: 39% ━━━━╸─────── 316/809 1.3it/s 3:42<6:13[K        1/3      9.27G     0.8581     0.4654    0.08944        511        640: 39% ━━━━╸─────── 317/809 1.5it/s 3:43<5:31[K        1/3      9.27G     0.8581     0.4653    0.08936        336        640: 39% ━━━━╸─────── 318/809 1.7it/s 3:43<4:50[K        1/3      9.27G     0.8581     0.4654    0.08933        236        640: 39% ━━━━╸─────── 319/809 1.9it/s 3:44<4:17[K        1/3      9.27G     0.8589     0.4652    0.08946        792        640: 39% ━━━━╸─────── 320/809 1.6it/s 3:45<4:58[K        1/3      9.27G     0.8585     0.4653    0.08934        359        640: 39% ━━━━╸─────── 321/809 1.8it/s 3:45<4:29[K        1/3      9.27G     0.8583     0.4653    0.08929        496        640: 39% ━━━━╸─────── 322/809 1.9it/s 3:45<4:21[K        1/3      9.27G     0.8583     0.4654    0.08928        544        640: 39% ━━━━╸─────── 323/809 1.8it/s 3:46<4:24[K        1/3      9.27G     0.8578     0.4654    0.08927        429        640: 40% ━━━━╸─────── 324/809 1.9it/s 3:47<4:18[K        1/3      9.27G     0.8578     0.4653    0.08924        531        640: 40% ━━━━╸─────── 325/809 1.8it/s 3:47<4:27[K        1/3      9.27G      0.858     0.4653    0.08924        640        640: 40% ━━━━╸─────── 326/809 1.6it/s 3:48<5:03[K        1/3      9.27G     0.8576     0.4653    0.08918        518        640: 40% ━━━━╸─────── 327/809 1.7it/s 3:49<4:50[K        1/3      9.27G     0.8576     0.4653     0.0891        505        640: 40% ━━━━╸─────── 328/809 1.8it/s 3:49<4:34[K        1/3      9.27G      0.857     0.4654    0.08903        372        640: 40% ━━━━╸─────── 329/809 1.9it/s 3:50<4:13[K        1/3      9.27G     0.8575     0.4653    0.08913        529        640: 40% ━━━━╸─────── 330/809 1.8it/s 3:50<4:25[K        1/3      9.27G     0.8572     0.4653    0.08906        506        640: 40% ━━━━╸─────── 331/809 1.8it/s 3:51<4:20[K        1/3      9.27G     0.8563     0.4655    0.08896        336        640: 41% ━━━━╸─────── 332/809 2.0it/s 3:51<3:59[K        1/3      9.27G      0.857     0.4653    0.08919        441        640: 41% ━━━━╸─────── 333/809 1.8it/s 3:52<4:23[K        1/3      9.27G      0.857     0.4654    0.08916        482        640: 41% ━━━━╸─────── 334/809 1.8it/s 3:52<4:26[K        1/3      9.27G     0.8573     0.4652    0.08922        603        640: 41% ━━━━╸─────── 335/809 1.7it/s 3:53<4:42[K        1/3      9.27G     0.8572     0.4652    0.08916        574        640: 41% ━━━━╸─────── 336/809 1.7it/s 3:54<4:36[K        1/3      9.27G     0.8569     0.4652     0.0891        445        640: 41% ━━━━╸─────── 337/809 1.8it/s 3:54<4:21[K        1/3      9.27G     0.8573     0.4652    0.08921        541        640: 41% ━━━━━─────── 338/809 1.7it/s 3:55<4:40[K        1/3      9.27G     0.8571     0.4652    0.08918        335        640: 41% ━━━━━─────── 339/809 1.8it/s 3:55<4:17[K        1/3      9.27G     0.8571     0.4652    0.08913        636        640: 42% ━━━━━─────── 340/809 1.8it/s 3:56<4:20[K        1/3      9.27G     0.8575     0.4651    0.08922        331        640: 42% ━━━━━─────── 341/809 1.9it/s 3:56<4:10[K        1/3      9.27G     0.8586     0.4648    0.08951        602        640: 42% ━━━━━─────── 342/809 1.5it/s 3:58<5:15[K        1/3      9.27G     0.8591     0.4648    0.08956        565        640: 42% ━━━━━─────── 343/809 1.5it/s 3:59<5:03[K        1/3      9.27G     0.8589     0.4649    0.08948        574        640: 42% ━━━━━─────── 344/809 1.6it/s 3:59<4:42[K        1/3      9.27G     0.8586     0.4649    0.08948        409        640: 42% ━━━━━─────── 345/809 1.7it/s 3:60<4:25[K        1/3      9.27G     0.8584     0.4649    0.08945        450        640: 42% ━━━━━─────── 346/809 1.8it/s 4:00<4:17[K        1/3      9.27G     0.8582     0.4649    0.08937        560        640: 42% ━━━━━─────── 347/809 1.8it/s 4:01<4:13[K        1/3      9.27G     0.8584     0.4649    0.08937        533        640: 43% ━━━━━─────── 348/809 1.7it/s 4:02<4:29[K        1/3      9.27G     0.8597     0.4646       0.09       1055        640: 43% ━━━━━─────── 349/809 1.3it/s 4:05<5:56[K        1/3      9.27G     0.8594     0.4646    0.08994        479        640: 43% ━━━━━─────── 350/809 1.5it/s 4:05<5:10[K        1/3      9.27G     0.8591     0.4647    0.08987        395        640: 43% ━━━━━─────── 351/809 1.7it/s 4:06<4:22[K        1/3      9.27G     0.8592     0.4648    0.08982        557        640: 43% ━━━━━─────── 352/809 1.8it/s 4:06<4:18[K        1/3      9.27G     0.8588     0.4649    0.08978        421        640: 43% ━━━━━─────── 353/809 1.9it/s 4:07<4:03[K        1/3      9.27G     0.8587      0.465    0.08976        430        640: 43% ━━━━━─────── 354/809 1.9it/s 4:07<3:60[K        1/3      9.27G     0.8585      0.465    0.08972        535        640: 43% ━━━━━─────── 355/809 1.8it/s 4:08<4:07[K        1/3      9.27G     0.8578     0.4651    0.08961        432        640: 44% ━━━━━─────── 356/809 2.0it/s 4:08<3:52[K        1/3      9.27G     0.8579      0.465    0.08963        650        640: 44% ━━━━━─────── 357/809 1.8it/s 4:09<4:07[K        1/3      9.27G     0.8574     0.4651    0.08955        258        640: 44% ━━━━━─────── 358/809 2.0it/s 4:09<3:50[K        1/3      9.27G     0.8577     0.4651    0.08968        649        640: 44% ━━━━━─────── 359/809 1.7it/s 4:10<4:23[K        1/3      9.27G     0.8579      0.465    0.08965        575        640: 44% ━━━━━─────── 360/809 1.6it/s 4:11<4:33[K        1/3      9.27G     0.8579      0.465    0.08961        352        640: 44% ━━━━━─────── 361/809 1.8it/s 4:11<4:07[K        1/3      9.27G     0.8573     0.4652    0.08954        237        640: 44% ━━━━━─────── 362/809 1.9it/s 4:12<3:50[K        1/3      9.27G     0.8569     0.4654     0.0895        249        640: 44% ━━━━━─────── 363/809 2.1it/s 4:12<3:30[K        1/3      9.27G     0.8565     0.4655    0.08943        413        640: 44% ━━━━━─────── 364/809 2.1it/s 4:13<3:28[K        1/3      9.27G     0.8563     0.4655    0.08938        683        640: 45% ━━━━━─────── 365/809 2.0it/s 4:13<3:47[K        1/3      9.27G     0.8558     0.4656    0.08932        291        640: 45% ━━━━━─────── 366/809 2.0it/s 4:14<3:43[K        1/3      9.27G     0.8562     0.4654    0.08929        803        640: 45% ━━━━━─────── 367/809 1.8it/s 4:15<4:08[K        1/3      9.27G     0.8562     0.4655    0.08925        413        640: 45% ━━━━━─────── 368/809 1.8it/s 4:15<4:03[K        1/3      9.27G     0.8559     0.4656    0.08915        481        640: 45% ━━━━━─────── 369/809 1.8it/s 4:16<4:01[K        1/3      9.27G     0.8565     0.4654    0.08923        652        640: 45% ━━━━━─────── 370/809 1.6it/s 4:17<4:39[K        1/3      9.27G     0.8565     0.4654    0.08916        829        640: 45% ━━━━━╸────── 371/809 1.5it/s 4:17<4:51[K        1/3      9.27G     0.8562     0.4656    0.08914        546        640: 45% ━━━━━╸────── 372/809 1.6it/s 4:18<4:36[K        1/3      9.27G     0.8566     0.4654    0.08927        861        640: 46% ━━━━━╸────── 373/809 1.4it/s 4:19<5:21[K        1/3      9.27G     0.8571     0.4653    0.08929        653        640: 46% ━━━━━╸────── 374/809 1.2it/s 4:20<5:48[K        1/3      9.27G     0.8569     0.4653    0.08925        571        640: 46% ━━━━━╸────── 375/809 1.4it/s 4:21<5:04[K        1/3      9.27G      0.857     0.4653     0.0892        772        640: 46% ━━━━━╸────── 376/809 1.4it/s 4:22<5:07[K        1/3      9.27G     0.8565     0.4654    0.08916        245        640: 46% ━━━━━╸────── 377/809 1.6it/s 4:22<4:22[K        1/3      9.27G     0.8562     0.4655    0.08914        398        640: 46% ━━━━━╸────── 378/809 1.8it/s 4:22<4:04[K        1/3      9.27G     0.8561     0.4655    0.08913        591        640: 46% ━━━━━╸────── 379/809 1.7it/s 4:23<4:08[K        1/3      9.27G      0.856     0.4655    0.08913        505        640: 46% ━━━━━╸────── 380/809 1.8it/s 4:24<4:04[K        1/3      9.27G     0.8555     0.4657    0.08907        365        640: 47% ━━━━━╸────── 381/809 1.9it/s 4:24<3:50[K        1/3      9.27G     0.8559     0.4656    0.08915        500        640: 47% ━━━━━╸────── 382/809 1.8it/s 4:25<3:56[K        1/3      9.27G     0.8566     0.4655    0.08943        756        640: 47% ━━━━━╸────── 383/809 1.5it/s 4:26<4:36[K        1/3      9.27G     0.8567     0.4653    0.08942        440        640: 47% ━━━━━╸────── 384/809 1.6it/s 4:26<4:22[K        1/3      9.27G     0.8571     0.4653    0.08941        466        640: 47% ━━━━━╸────── 385/809 1.6it/s 4:27<4:32[K        1/3      9.27G     0.8581     0.4652    0.08959        901        640: 47% ━━━━━╸────── 386/809 1.3it/s 4:29<5:34[K        1/3      9.27G     0.8585     0.4651    0.08965        766        640: 47% ━━━━━╸────── 387/809 1.2it/s 4:30<5:47[K        1/3      9.27G     0.8586     0.4651    0.08962        541        640: 47% ━━━━━╸────── 388/809 1.4it/s 4:30<5:05[K        1/3      9.27G     0.8596     0.4648    0.08991        865        640: 48% ━━━━━╸────── 389/809 1.1it/s 4:32<6:19[K        1/3      9.27G     0.8596     0.4647    0.08987        573        640: 48% ━━━━━╸────── 390/809 1.3it/s 4:33<5:33[K        1/3      9.27G       0.86     0.4647     0.0899        653        640: 48% ━━━━━╸────── 391/809 1.3it/s 4:34<5:22[K        1/3      9.27G       0.86     0.4648    0.08989        498        640: 48% ━━━━━╸────── 392/809 1.5it/s 4:34<4:39[K        1/3      9.27G     0.8593     0.4649    0.08981        273        640: 48% ━━━━━╸────── 393/809 1.7it/s 4:35<4:03[K        1/3      9.27G     0.8592     0.4648    0.08976        508        640: 48% ━━━━━╸────── 394/809 1.8it/s 4:35<3:54[K        1/3      9.27G     0.8597     0.4647    0.08985        831        640: 48% ━━━━━╸────── 395/809 1.5it/s 4:37<4:43[K        1/3      9.27G     0.8597     0.4646    0.08983        557        640: 48% ━━━━━╸────── 396/809 1.5it/s 4:37<4:27[K        1/3      9.27G     0.8605     0.4644    0.09033        831        640: 49% ━━━━━╸────── 397/809 1.2it/s 4:40<5:49[K        1/3      9.27G     0.8608     0.4644    0.09037        770        640: 49% ━━━━━╸────── 398/809 1.2it/s 4:41<5:50[K        1/3      9.27G     0.8605     0.4646    0.09042        251        640: 49% ━━━━━╸────── 399/809 1.5it/s 4:41<4:26[K        1/3      9.27G     0.8607     0.4646    0.09039        646        640: 49% ━━━━━╸────── 400/809 1.6it/s 4:42<4:23[K        1/3      9.27G     0.8603     0.4646    0.09036        340        640: 49% ━━━━━╸────── 401/809 1.7it/s 4:43<4:02[K        1/3      9.27G     0.8598     0.4646    0.09026        525        640: 49% ━━━━━╸────── 402/809 1.7it/s 4:43<3:55[K        1/3      9.27G     0.8599     0.4645    0.09024        509        640: 49% ━━━━━╸────── 403/809 1.8it/s 4:44<3:50[K        1/3      9.27G     0.8596     0.4646    0.09017        519        640: 49% ━━━━━╸────── 404/809 1.8it/s 4:44<3:42[K        1/3      9.27G     0.8592     0.4646    0.09011        442        640: 50% ━━━━━━────── 405/809 1.9it/s 4:45<3:31[K        1/3      9.27G      0.859     0.4647    0.09012        402        640: 50% ━━━━━━────── 406/809 2.0it/s 4:45<3:21[K        1/3      9.27G     0.8586     0.4649    0.09009        276        640: 50% ━━━━━━────── 407/809 2.2it/s 4:46<3:07[K        1/3      9.27G     0.8586     0.4649    0.09005        438        640: 50% ━━━━━━────── 408/809 2.1it/s 4:46<3:10[K        1/3      9.27G     0.8579     0.4652       0.09        269        640: 50% ━━━━━━────── 409/809 2.1it/s 4:46<3:06[K        1/3      9.27G     0.8586     0.4651    0.09015        737        640: 50% ━━━━━━────── 410/809 1.7it/s 4:48<3:57[K        1/3      9.27G     0.8584     0.4651    0.09006        371        640: 50% ━━━━━━────── 411/809 1.8it/s 4:49<3:42[K        1/3      9.27G     0.8582     0.4651    0.08999        385        640: 50% ━━━━━━────── 412/809 1.9it/s 4:49<3:26[K        1/3      9.27G     0.8578     0.4652    0.08991        457        640: 51% ━━━━━━────── 413/809 2.0it/s 4:50<3:19[K        1/3      9.27G     0.8575     0.4654    0.08983        394        640: 51% ━━━━━━────── 414/809 2.0it/s 4:50<3:14[K        1/3      9.27G      0.857     0.4655    0.08978        339        640: 51% ━━━━━━────── 415/809 2.2it/s 4:50<3:03[K        1/3      9.27G     0.8568     0.4655    0.08973        543        640: 51% ━━━━━━────── 416/809 2.1it/s 4:51<3:07[K        1/3      9.27G     0.8568     0.4655    0.08967        550        640: 51% ━━━━━━────── 417/809 2.0it/s 4:52<3:17[K        1/3      9.27G     0.8567     0.4655    0.08967        348        640: 51% ━━━━━━────── 418/809 2.0it/s 4:52<3:12[K        1/3      9.27G     0.8568     0.4653    0.08967        409        640: 51% ━━━━━━────── 419/809 1.9it/s 4:53<3:22[K        1/3      9.27G     0.8572     0.4653     0.0898        743        640: 51% ━━━━━━────── 420/809 1.6it/s 4:54<3:58[K        1/3      9.27G     0.8575     0.4652    0.08975        524        640: 52% ━━━━━━────── 421/809 1.7it/s 4:54<3:54[K        1/3      9.27G     0.8576     0.4652     0.0897        252        640: 52% ━━━━━━────── 422/809 1.9it/s 4:55<3:24[K        1/3      9.27G     0.8569     0.4655    0.08965        193        640: 52% ━━━━━━────── 423/809 2.1it/s 4:55<3:04[K        1/3      9.27G     0.8564     0.4655    0.08962        300        640: 52% ━━━━━━────── 424/809 2.2it/s 4:55<2:56[K        1/3      9.27G     0.8562     0.4655    0.08962        565        640: 52% ━━━━━━────── 425/809 1.9it/s 4:56<3:17[K        1/3      9.27G     0.8561     0.4656    0.08958        379        640: 52% ━━━━━━────── 426/809 1.9it/s 4:57<3:20[K        1/3      9.27G     0.8557     0.4656    0.08956        454        640: 52% ━━━━━━────── 427/809 2.0it/s 4:57<3:16[K        1/3      9.27G     0.8566     0.4654    0.09019        810        640: 52% ━━━━━━────── 428/809 1.5it/s 5:01<4:22[K        1/3      9.27G     0.8562     0.4654    0.09014        256        640: 53% ━━━━━━────── 429/809 1.8it/s 5:01<3:37[K        1/3      9.27G     0.8559     0.4655    0.09011        364        640: 53% ━━━━━━────── 430/809 1.9it/s 5:02<3:20[K        1/3      9.27G     0.8557     0.4654    0.09008        428        640: 53% ━━━━━━────── 431/809 1.9it/s 5:02<3:15[K        1/3      9.27G     0.8562     0.4653    0.09011        857        640: 53% ━━━━━━────── 432/809 1.7it/s 5:03<3:42[K        1/3      9.27G     0.8563     0.4652     0.0901        572        640: 53% ━━━━━━────── 433/809 1.5it/s 5:04<4:04[K        1/3      9.27G     0.8562     0.4652    0.09007        391        640: 53% ━━━━━━────── 434/809 1.7it/s 5:04<3:42[K        1/3      9.27G     0.8563     0.4652    0.09011        688        640: 53% ━━━━━━────── 435/809 1.6it/s 5:05<3:50[K        1/3      9.27G     0.8558     0.4653    0.09003        370        640: 53% ━━━━━━────── 436/809 1.8it/s 5:05<3:26[K        1/3      9.27G     0.8563     0.4652    0.09014        564        640: 54% ━━━━━━────── 437/809 1.7it/s 5:06<3:41[K        1/3      9.27G     0.8562     0.4651    0.09009        396        640: 54% ━━━━━━────── 438/809 1.8it/s 5:07<3:25[K        1/3      9.27G     0.8562     0.4651    0.09004        437        640: 54% ━━━━━━╸───── 439/809 1.9it/s 5:07<3:20[K        1/3      9.27G     0.8558     0.4653    0.08999        275        640: 54% ━━━━━━╸───── 440/809 2.0it/s 5:07<3:06[K        1/3      9.27G     0.8559     0.4653    0.08995        480        640: 54% ━━━━━━╸───── 441/809 1.8it/s 5:08<3:22[K        1/3      9.27G     0.8561     0.4652    0.08999        621        640: 54% ━━━━━━╸───── 442/809 1.8it/s 5:09<3:28[K        1/3      9.27G     0.8559     0.4652    0.08994        464        640: 54% ━━━━━━╸───── 443/809 1.8it/s 5:09<3:24[K        1/3      9.27G     0.8562     0.4652    0.09014        622        640: 54% ━━━━━━╸───── 444/809 1.5it/s 5:11<4:10[K        1/3      9.27G     0.8564     0.4651    0.09016        576        640: 55% ━━━━━━╸───── 445/809 1.5it/s 5:11<4:08[K        1/3      9.27G      0.857      0.465    0.09027        738        640: 55% ━━━━━━╸───── 446/809 1.2it/s 5:13<4:53[K        1/3      9.27G     0.8573     0.4649     0.0904        540        640: 55% ━━━━━━╸───── 447/809 1.2it/s 5:14<4:56[K        1/3      9.27G     0.8577     0.4649     0.0904        635        640: 55% ━━━━━━╸───── 448/809 1.2it/s 5:15<5:03[K        1/3      9.27G     0.8575     0.4649    0.09036        372        640: 55% ━━━━━━╸───── 449/809 1.4it/s 5:15<4:11[K        1/3      9.27G     0.8576     0.4649    0.09037        611        640: 55% ━━━━━━╸───── 450/809 1.5it/s 5:16<3:59[K        1/3      9.27G     0.8576     0.4648    0.09034        509        640: 55% ━━━━━━╸───── 451/809 1.6it/s 5:16<3:50[K        1/3      9.27G     0.8575     0.4649     0.0903        433        640: 55% ━━━━━━╸───── 452/809 1.7it/s 5:17<3:30[K        1/3      9.27G     0.8574      0.465    0.09024        518        640: 55% ━━━━━━╸───── 453/809 1.8it/s 5:17<3:23[K        1/3      9.27G     0.8572      0.465    0.09018        261        640: 56% ━━━━━━╸───── 454/809 1.9it/s 5:18<3:03[K        1/3      9.27G     0.8577     0.4649    0.09019        553        640: 56% ━━━━━━╸───── 455/809 1.6it/s 5:19<3:36[K        1/3      9.27G     0.8576     0.4649    0.09015        414        640: 56% ━━━━━━╸───── 456/809 1.8it/s 5:19<3:21[K        1/3      9.27G      0.858     0.4648    0.09022        706        640: 56% ━━━━━━╸───── 457/809 1.6it/s 5:20<3:46[K        1/3      9.27G     0.8578     0.4649    0.09016        380        640: 56% ━━━━━━╸───── 458/809 1.7it/s 5:21<3:26[K        1/3      9.27G     0.8579     0.4649    0.09012        440        640: 56% ━━━━━━╸───── 459/809 1.8it/s 5:21<3:18[K        1/3      9.27G     0.8576     0.4649    0.09008        430        640: 56% ━━━━━━╸───── 460/809 1.8it/s 5:22<3:12[K        1/3      12.8G     0.8584     0.4647    0.09057        872        640: 56% ━━━━━━╸───── 461/809 1.4it/s 5:24<4:06[K        1/3      12.8G     0.8587     0.4647    0.09062        512        640: 57% ━━━━━━╸───── 462/809 1.4it/s 5:25<4:09[K        1/3      12.8G     0.8586     0.4647    0.09058        471        640: 57% ━━━━━━╸───── 463/809 1.6it/s 5:25<3:36[K        1/3      12.8G     0.8584     0.4647    0.09053        541        640: 57% ━━━━━━╸───── 464/809 1.7it/s 5:26<3:24[K        1/3      12.8G     0.8582     0.4647    0.09052        311        640: 57% ━━━━━━╸───── 465/809 1.8it/s 5:26<3:07[K        1/3      12.8G     0.8582     0.4647    0.09051        584        640: 57% ━━━━━━╸───── 466/809 1.8it/s 5:27<3:06[K        1/3      12.8G     0.8583     0.4647    0.09047        443        640: 57% ━━━━━━╸───── 467/809 1.9it/s 5:27<3:05[K        1/3      12.8G     0.8584     0.4647    0.09042        495        640: 57% ━━━━━━╸───── 468/809 1.8it/s 5:28<3:04[K        1/3      12.8G      0.858     0.4647    0.09035        296        640: 57% ━━━━━━╸───── 469/809 2.0it/s 5:28<2:49[K        1/3      12.8G     0.8577     0.4647    0.09033        220        640: 58% ━━━━━━╸───── 470/809 2.2it/s 5:29<2:35[K        1/3      12.8G     0.8575     0.4647    0.09026        566        640: 58% ━━━━━━╸───── 471/809 2.1it/s 5:29<2:42[K        1/3      12.8G     0.8573     0.4648     0.0902        412        640: 58% ━━━━━━━───── 472/809 2.1it/s 5:30<2:38[K        1/3      12.8G     0.8572     0.4649    0.09016        354        640: 58% ━━━━━━━───── 473/809 2.1it/s 5:30<2:39[K        1/3      12.8G      0.857     0.4649    0.09009        279        640: 58% ━━━━━━━───── 474/809 2.1it/s 5:30<2:41[K        1/3      12.8G     0.8571     0.4648    0.09007        621        640: 58% ━━━━━━━───── 475/809 1.9it/s 5:31<2:59[K        1/3      12.8G     0.8577     0.4648    0.09038        604        640: 58% ━━━━━━━───── 476/809 1.6it/s 5:32<3:29[K        1/3      12.8G      0.858     0.4647     0.0904        616        640: 58% ━━━━━━━───── 477/809 1.5it/s 5:33<3:37[K        1/3      12.8G     0.8584     0.4646    0.09044        922        640: 59% ━━━━━━━───── 478/809 1.3it/s 5:35<4:25[K        1/3      12.8G     0.8583     0.4646    0.09042        505        640: 59% ━━━━━━━───── 479/809 1.4it/s 5:35<3:51[K        1/3      12.8G     0.8577     0.4647    0.09035        438        640: 59% ━━━━━━━───── 480/809 1.6it/s 5:36<3:22[K        1/3      12.8G     0.8575     0.4648    0.09033        416        640: 59% ━━━━━━━───── 481/809 1.7it/s 5:36<3:13[K        1/3      12.8G     0.8574     0.4647    0.09027        507        640: 59% ━━━━━━━───── 482/809 1.7it/s 5:37<3:08[K        1/3      12.8G     0.8574     0.4647    0.09025        538        640: 59% ━━━━━━━───── 483/809 1.7it/s 5:37<3:07[K        1/3      12.8G     0.8574     0.4647    0.09022        746        640: 59% ━━━━━━━───── 484/809 1.6it/s 5:38<3:17[K        1/3      12.8G     0.8578     0.4646    0.09034        866        640: 59% ━━━━━━━───── 485/809 1.3it/s 5:40<4:01[K        1/3      12.8G      0.858     0.4645    0.09036        473        640: 60% ━━━━━━━───── 486/809 1.3it/s 5:40<4:02[K        1/3      12.8G     0.8579     0.4645     0.0903        432        640: 60% ━━━━━━━───── 487/809 1.6it/s 5:41<3:27[K        1/3      12.8G     0.8582     0.4645     0.0903        625        640: 60% ━━━━━━━───── 488/809 1.6it/s 5:42<3:26[K        1/3      12.8G     0.8576     0.4646    0.09021        353        640: 60% ━━━━━━━───── 489/809 1.7it/s 5:42<3:09[K        1/3      12.8G     0.8572     0.4649    0.09016        261        640: 60% ━━━━━━━───── 490/809 1.9it/s 5:42<2:45[K        1/3      12.8G     0.8575     0.4648    0.09034        639        640: 60% ━━━━━━━───── 491/809 1.6it/s 5:44<3:22[K        1/3      12.8G     0.8575     0.4648    0.09033        544        640: 60% ━━━━━━━───── 492/809 1.6it/s 5:44<3:14[K        1/3      12.8G     0.8573     0.4649    0.09027        292        640: 60% ━━━━━━━───── 493/809 1.9it/s 5:45<2:50[K        1/3      12.8G     0.8575     0.4648    0.09024        427        640: 61% ━━━━━━━───── 494/809 1.9it/s 5:45<2:43[K        1/3      12.8G     0.8573     0.4648    0.09021        379        640: 61% ━━━━━━━───── 495/809 2.0it/s 5:46<2:36[K        1/3      12.8G     0.8567     0.4649    0.09014        286        640: 61% ━━━━━━━───── 496/809 2.1it/s 5:46<2:26[K        1/3      12.8G     0.8565      0.465    0.09007        700        640: 61% ━━━━━━━───── 497/809 2.0it/s 5:47<2:38[K        1/3      12.8G     0.8562     0.4651       0.09        412        640: 61% ━━━━━━━───── 498/809 2.0it/s 5:47<2:34[K        1/3      12.8G     0.8556     0.4652    0.08997        262        640: 61% ━━━━━━━───── 499/809 2.2it/s 5:48<2:22[K        1/3      12.8G     0.8557     0.4651    0.08992        558        640: 61% ━━━━━━━───── 500/809 2.0it/s 5:48<2:35[K        1/3      12.8G     0.8557     0.4652    0.08987        352        640: 61% ━━━━━━━───── 501/809 2.1it/s 5:49<2:30[K        1/3      12.8G     0.8557     0.4651    0.08986        686        640: 62% ━━━━━━━───── 502/809 1.9it/s 5:49<2:40[K        1/3      12.8G     0.8553     0.4653    0.08981        495        640: 62% ━━━━━━━───── 503/809 1.9it/s 5:50<2:38[K        1/3      12.8G     0.8551     0.4653    0.08975        416        640: 62% ━━━━━━━───── 504/809 2.0it/s 5:50<2:34[K        1/3      12.8G     0.8551     0.4654    0.08973        564        640: 62% ━━━━━━━───── 505/809 1.9it/s 5:51<2:43[K        1/3      12.8G     0.8549     0.4654    0.08971        414        640: 62% ━━━━━━━╸──── 506/809 1.9it/s 5:51<2:36[K        1/3      12.8G     0.8548     0.4654    0.08969        609        640: 62% ━━━━━━━╸──── 507/809 1.9it/s 5:52<2:41[K        1/3      12.8G     0.8548     0.4654    0.08968        609        640: 62% ━━━━━━━╸──── 508/809 1.8it/s 5:53<2:46[K        1/3      12.8G     0.8545     0.4655    0.08967        466        640: 62% ━━━━━━━╸──── 509/809 1.8it/s 5:53<2:42[K        1/3      12.8G     0.8544     0.4655    0.08963        522        640: 63% ━━━━━━━╸──── 510/809 1.9it/s 5:54<2:39[K        1/3      12.8G     0.8541     0.4654    0.08957        339        640: 63% ━━━━━━━╸──── 511/809 2.0it/s 5:54<2:31[K        1/3      12.8G     0.8537     0.4655    0.08953        319        640: 63% ━━━━━━━╸──── 512/809 2.1it/s 5:55<2:24[K        1/3      12.8G     0.8536     0.4656    0.08956        420        640: 63% ━━━━━━━╸──── 513/809 2.0it/s 5:55<2:26[K        1/3      12.8G     0.8534     0.4656     0.0895        540        640: 63% ━━━━━━━╸──── 514/809 2.0it/s 5:56<2:27[K        1/3      12.8G      0.853     0.4656    0.08947        439        640: 63% ━━━━━━━╸──── 515/809 2.0it/s 5:56<2:29[K        1/3      12.8G     0.8529     0.4657    0.08944        452        640: 63% ━━━━━━━╸──── 516/809 2.0it/s 5:57<2:28[K        1/3      12.8G      0.853     0.4657    0.08941        685        640: 63% ━━━━━━━╸──── 517/809 1.8it/s 5:57<2:39[K        1/3      12.8G      0.853     0.4658     0.0894        400        640: 64% ━━━━━━━╸──── 518/809 1.8it/s 5:58<2:39[K        1/3      12.8G     0.8528     0.4657    0.08934        570        640: 64% ━━━━━━━╸──── 519/809 1.8it/s 5:58<2:40[K        1/3      12.8G     0.8526     0.4658    0.08934        510        640: 64% ━━━━━━━╸──── 520/809 1.9it/s 5:59<2:36[K        1/3      12.8G     0.8521     0.4657    0.08926        431        640: 64% ━━━━━━━╸──── 521/809 1.9it/s 5:59<2:31[K        1/3      12.8G     0.8519     0.4658    0.08924        262        640: 64% ━━━━━━━╸──── 522/809 2.0it/s 5:60<2:20[K        1/3      12.8G     0.8519     0.4658    0.08924        802        640: 64% ━━━━━━━╸──── 523/809 1.8it/s 6:01<2:40[K        1/3      12.8G     0.8515     0.4659    0.08917        289        640: 64% ━━━━━━━╸──── 524/809 2.0it/s 6:01<2:25[K        1/3      12.8G      0.852     0.4658    0.08941        596        640: 64% ━━━━━━━╸──── 525/809 1.6it/s 6:02<2:58[K        1/3      12.8G     0.8518     0.4658    0.08935        609        640: 65% ━━━━━━━╸──── 526/809 1.6it/s 6:03<2:58[K        1/3      12.8G     0.8518     0.4658     0.0893        394        640: 65% ━━━━━━━╸──── 527/809 1.8it/s 6:03<2:39[K        1/3      12.8G     0.8515     0.4659    0.08929        332        640: 65% ━━━━━━━╸──── 528/809 2.0it/s 6:04<2:24[K        1/3      12.8G     0.8512      0.466    0.08924        457        640: 65% ━━━━━━━╸──── 529/809 1.9it/s 6:04<2:25[K        1/3      12.8G     0.8508     0.4661     0.0892        254        640: 65% ━━━━━━━╸──── 530/809 2.1it/s 6:05<2:13[K        1/3      12.8G     0.8511      0.466    0.08921        676        640: 65% ━━━━━━━╸──── 531/809 1.9it/s 6:06<2:29[K        1/3      12.8G     0.8515     0.4659    0.08921        623        640: 65% ━━━━━━━╸──── 532/809 1.7it/s 6:06<2:41[K        1/3      12.8G     0.8521     0.4658    0.08938        675        640: 65% ━━━━━━━╸──── 533/809 1.4it/s 6:08<3:16[K        1/3      12.8G     0.8523     0.4658     0.0894        515        640: 66% ━━━━━━━╸──── 534/809 1.5it/s 6:08<3:05[K        1/3      12.8G     0.8521     0.4658    0.08939        393        640: 66% ━━━━━━━╸──── 535/809 1.6it/s 6:09<2:49[K        1/3      12.8G     0.8526     0.4657     0.0897        823        640: 66% ━━━━━━━╸──── 536/809 1.3it/s 6:11<3:38[K        1/3      12.8G     0.8525     0.4657    0.08966        618        640: 66% ━━━━━━━╸──── 537/809 1.3it/s 6:12<3:25[K        1/3      12.8G      0.852     0.4657     0.0896        382        640: 66% ━━━━━━━╸──── 538/809 1.6it/s 6:13<2:48[K        1/3      12.8G     0.8524     0.4657    0.08972        786        640: 66% ━━━━━━━╸──── 539/809 1.3it/s 6:14<3:25[K        1/3      12.8G     0.8526     0.4656    0.08977        521        640: 66% ━━━━━━━━──── 540/809 1.4it/s 6:15<3:13[K        1/3      12.8G      0.853     0.4655    0.08987        587        640: 66% ━━━━━━━━──── 541/809 1.2it/s 6:16<3:48[K        1/3      12.8G     0.8527     0.4655    0.08981        439        640: 66% ━━━━━━━━──── 542/809 1.5it/s 6:17<3:03[K        1/3      12.8G     0.8528     0.4655    0.08985        891        640: 67% ━━━━━━━━──── 543/809 1.3it/s 6:18<3:26[K        1/3      12.8G      0.853     0.4654    0.08986        563        640: 67% ━━━━━━━━──── 544/809 1.4it/s 6:18<3:09[K        1/3      12.8G     0.8527     0.4656    0.08984        403        640: 67% ━━━━━━━━──── 545/809 1.6it/s 6:19<2:48[K        1/3      12.8G     0.8525     0.4656     0.0898        375        640: 67% ━━━━━━━━──── 546/809 1.8it/s 6:19<2:28[K        1/3      12.8G     0.8526     0.4655    0.08976        651        640: 67% ━━━━━━━━──── 547/809 1.7it/s 6:20<2:30[K        1/3      12.8G     0.8524     0.4656     0.0897        450        640: 67% ━━━━━━━━──── 548/809 1.8it/s 6:21<2:25[K        1/3      12.8G     0.8528     0.4655    0.08972        880        640: 67% ━━━━━━━━──── 549/809 1.6it/s 6:21<2:45[K        1/3      12.8G     0.8526     0.4655    0.08967        434        640: 67% ━━━━━━━━──── 550/809 1.7it/s 6:22<2:37[K        1/3      12.8G     0.8525     0.4655    0.08963        548        640: 68% ━━━━━━━━──── 551/809 1.7it/s 6:23<2:30[K        1/3      12.8G     0.8532     0.4654    0.08985        981        640: 68% ━━━━━━━━──── 552/809 1.3it/s 6:25<3:14[K        1/3      12.8G      0.853     0.4655    0.08981        487        640: 68% ━━━━━━━━──── 553/809 1.5it/s 6:26<2:56[K        1/3      12.8G     0.8529     0.4656    0.08981        413        640: 68% ━━━━━━━━──── 554/809 1.7it/s 6:26<2:33[K        1/3      12.8G     0.8531     0.4655    0.08985        736        640: 68% ━━━━━━━━──── 555/809 1.4it/s 6:27<2:59[K        1/3      12.8G     0.8536     0.4655    0.09023        731        640: 68% ━━━━━━━━──── 556/809 1.1it/s 6:30<3:47[K        1/3      12.8G     0.8533     0.4655    0.09019        513        640: 68% ━━━━━━━━──── 557/809 1.4it/s 6:30<3:04[K        1/3      12.8G     0.8531     0.4655    0.09013        358        640: 68% ━━━━━━━━──── 558/809 1.7it/s 6:31<2:32[K        1/3      12.8G     0.8534     0.4655    0.09013        454        640: 69% ━━━━━━━━──── 559/809 1.7it/s 6:31<2:29[K        1/3      12.8G     0.8534     0.4655    0.09012        654        640: 69% ━━━━━━━━──── 560/809 1.7it/s 6:32<2:30[K        1/3      12.8G     0.8536     0.4655    0.09017        659        640: 69% ━━━━━━━━──── 561/809 1.5it/s 6:33<2:50[K        1/3      12.8G     0.8532     0.4656    0.09016         88        640: 69% ━━━━━━━━──── 562/809 1.9it/s 6:33<2:11[K        1/3      12.8G      0.853     0.4656    0.09013        522        640: 69% ━━━━━━━━──── 563/809 1.9it/s 6:34<2:10[K        1/3      12.8G     0.8529     0.4657     0.0901        432        640: 69% ━━━━━━━━──── 564/809 2.0it/s 6:34<2:06[K        1/3      12.8G      0.853     0.4657    0.09007        752        640: 69% ━━━━━━━━──── 565/809 1.8it/s 6:35<2:16[K        1/3      12.8G     0.8528     0.4657    0.09002        640        640: 69% ━━━━━━━━──── 566/809 1.8it/s 6:35<2:14[K        1/3      12.8G     0.8533     0.4656     0.0902        703        640: 70% ━━━━━━━━──── 567/809 1.4it/s 6:39<2:57[K        1/3      12.8G     0.8536     0.4655    0.09024        708        640: 70% ━━━━━━━━──── 568/809 1.3it/s 6:39<3:07[K        1/3      12.8G     0.8534     0.4656    0.09019        329        640: 70% ━━━━━━━━──── 569/809 1.5it/s 6:40<2:37[K        1/3      12.8G     0.8532     0.4656    0.09015        412        640: 70% ━━━━━━━━──── 570/809 1.7it/s 6:40<2:25[K        1/3      12.8G     0.8535     0.4656    0.09016        645        640: 70% ━━━━━━━━──── 571/809 1.4it/s 6:42<2:50[K        1/3      12.8G     0.8538     0.4655    0.09024        535        640: 70% ━━━━━━━━──── 572/809 1.4it/s 6:42<2:47[K        1/3      12.8G     0.8537     0.4656    0.09019        534        640: 70% ━━━━━━━━──── 573/809 1.6it/s 6:43<2:26[K        1/3      12.8G     0.8532     0.4657    0.09014        243        640: 70% ━━━━━━━━╸─── 574/809 1.9it/s 6:43<2:06[K        1/3      12.8G     0.8529     0.4658    0.09012        403        640: 71% ━━━━━━━━╸─── 575/809 2.0it/s 6:44<1:58[K        1/3      12.8G      0.853     0.4658    0.09013        499        640: 71% ━━━━━━━━╸─── 576/809 2.0it/s 6:44<1:59[K        1/3      12.8G     0.8529     0.4658    0.09011        431        640: 71% ━━━━━━━━╸─── 577/809 1.9it/s 6:45<2:00[K        1/3      12.8G     0.8529     0.4657    0.09008        300        640: 71% ━━━━━━━━╸─── 578/809 2.0it/s 6:45<1:54[K        1/3      12.8G     0.8532     0.4656    0.09019        899        640: 71% ━━━━━━━━╸─── 579/809 1.6it/s 6:47<2:20[K        1/3      12.8G     0.8532     0.4656    0.09016        709        640: 71% ━━━━━━━━╸─── 580/809 1.6it/s 6:47<2:22[K        1/3      12.8G     0.8541     0.4654    0.09041       1032        640: 71% ━━━━━━━━╸─── 581/809 1.2it/s 6:50<3:06[K        1/3      12.8G     0.8544     0.4654    0.09043        639        640: 71% ━━━━━━━━╸─── 582/809 1.2it/s 6:51<3:11[K        1/3      12.8G     0.8542     0.4654    0.09043        483        640: 72% ━━━━━━━━╸─── 583/809 1.4it/s 6:52<2:41[K        1/3      12.8G     0.8543     0.4654    0.09041        673        640: 72% ━━━━━━━━╸─── 584/809 1.4it/s 6:52<2:40[K        1/3      12.8G      0.854     0.4654    0.09037        367        640: 72% ━━━━━━━━╸─── 585/809 1.6it/s 6:53<2:21[K        1/3      12.8G     0.8541     0.4654    0.09038        624        640: 72% ━━━━━━━━╸─── 586/809 1.5it/s 6:54<2:27[K        1/3      12.8G      0.854     0.4654    0.09034        680        640: 72% ━━━━━━━━╸─── 587/809 1.6it/s 6:54<2:21[K        1/3      12.8G     0.8545     0.4653    0.09077        637        640: 72% ━━━━━━━━╸─── 588/809 1.2it/s 6:59<3:10[K        1/3      12.8G     0.8546     0.4653    0.09078        472        640: 72% ━━━━━━━━╸─── 589/809 1.4it/s 6:60<2:37[K        1/3      12.8G     0.8546     0.4653    0.09072        422        640: 72% ━━━━━━━━╸─── 590/809 1.6it/s 7:00<2:14[K        1/3      12.8G     0.8543     0.4653    0.09069        275        640: 73% ━━━━━━━━╸─── 591/809 1.9it/s 7:01<1:57[K        1/3      12.8G     0.8542     0.4654    0.09066        485        640: 73% ━━━━━━━━╸─── 592/809 1.9it/s 7:01<1:52[K        1/3      12.8G     0.8541     0.4655    0.09062        421        640: 73% ━━━━━━━━╸─── 593/809 2.0it/s 7:02<1:51[K        1/3      12.8G     0.8542     0.4654     0.0906        562        640: 73% ━━━━━━━━╸─── 594/809 1.8it/s 7:02<1:59[K        1/3      12.8G     0.8543     0.4654    0.09058        626        640: 73% ━━━━━━━━╸─── 595/809 1.8it/s 7:03<2:02[K        1/3      12.8G     0.8545     0.4653    0.09058        713        640: 73% ━━━━━━━━╸─── 596/809 1.6it/s 7:04<2:11[K        1/3      12.8G     0.8544     0.4654    0.09056        588        640: 73% ━━━━━━━━╸─── 597/809 1.7it/s 7:04<2:05[K        1/3      12.8G     0.8546     0.4654    0.09055        570        640: 73% ━━━━━━━━╸─── 598/809 1.5it/s 7:05<2:18[K        1/3      12.8G     0.8551     0.4652    0.09082        547        640: 74% ━━━━━━━━╸─── 599/809 1.2it/s 7:07<2:50[K        1/3      12.8G     0.8552     0.4652    0.09079        661        640: 74% ━━━━━━━━╸─── 600/809 1.4it/s 7:07<2:32[K        1/3      12.8G     0.8555     0.4652    0.09081        654        640: 74% ━━━━━━━━╸─── 601/809 1.4it/s 7:08<2:27[K        1/3      12.8G     0.8557     0.4651    0.09083        474        640: 74% ━━━━━━━━╸─── 602/809 1.3it/s 7:09<2:39[K        1/3      12.8G     0.8556      0.465     0.0908        580        640: 74% ━━━━━━━━╸─── 603/809 1.4it/s 7:10<2:25[K        1/3      12.8G     0.8554     0.4651    0.09074        461        640: 74% ━━━━━━━━╸─── 604/809 1.6it/s 7:10<2:09[K        1/3      12.8G     0.8558      0.465     0.0908        719        640: 74% ━━━━━━━━╸─── 605/809 1.5it/s 7:11<2:18[K        1/3      12.8G     0.8555     0.4651    0.09079        337        640: 74% ━━━━━━━━╸─── 606/809 1.7it/s 7:11<1:58[K        1/3      12.8G     0.8554     0.4651    0.09077        447        640: 75% ━━━━━━━━━─── 607/809 1.8it/s 7:12<1:54[K        1/3      12.8G     0.8552     0.4652    0.09075        425        640: 75% ━━━━━━━━━─── 608/809 1.9it/s 7:12<1:48[K        1/3      12.8G     0.8552     0.4652    0.09073        506        640: 75% ━━━━━━━━━─── 609/809 1.8it/s 7:13<1:48[K        1/3      12.8G     0.8551     0.4652     0.0907        639        640: 75% ━━━━━━━━━─── 610/809 1.8it/s 7:14<1:54[K        1/3      12.8G     0.8552     0.4652     0.0907        659        640: 75% ━━━━━━━━━─── 611/809 1.7it/s 7:14<1:57[K        1/3      12.8G     0.8553     0.4651    0.09068        417        640: 75% ━━━━━━━━━─── 612/809 1.8it/s 7:15<1:49[K        1/3      12.8G     0.8549     0.4652    0.09064        377        640: 75% ━━━━━━━━━─── 613/809 2.0it/s 7:15<1:41[K        1/3      12.8G      0.855     0.4652    0.09061        620        640: 75% ━━━━━━━━━─── 614/809 1.9it/s 7:16<1:43[K        1/3      12.8G     0.8545     0.4653    0.09055        276        640: 76% ━━━━━━━━━─── 615/809 2.1it/s 7:16<1:34[K        1/3      12.8G     0.8543     0.4653    0.09049        372        640: 76% ━━━━━━━━━─── 616/809 2.1it/s 7:17<1:32[K        1/3      12.8G     0.8542     0.4653    0.09047        431        640: 76% ━━━━━━━━━─── 617/809 2.0it/s 7:17<1:34[K        1/3      12.8G     0.8544     0.4653     0.0906        735        640: 76% ━━━━━━━━━─── 618/809 1.6it/s 7:19<1:60[K        1/3      12.8G     0.8542     0.4653    0.09055        428        640: 76% ━━━━━━━━━─── 619/809 1.8it/s 7:19<1:47[K        1/3      12.8G     0.8542     0.4653    0.09052        508        640: 76% ━━━━━━━━━─── 620/809 1.8it/s 7:20<1:45[K        1/3      12.8G      0.854     0.4654    0.09047        437        640: 76% ━━━━━━━━━─── 621/809 1.8it/s 7:20<1:46[K        1/3      12.8G     0.8545     0.4653    0.09055        695        640: 76% ━━━━━━━━━─── 622/809 1.4it/s 7:22<2:13[K        1/3      12.8G     0.8545     0.4653    0.09056        425        640: 77% ━━━━━━━━━─── 623/809 1.5it/s 7:23<2:01[K        1/3      12.8G     0.8542     0.4653    0.09051        358        640: 77% ━━━━━━━━━─── 624/809 1.8it/s 7:23<1:44[K        1/3      12.8G     0.8545     0.4653    0.09061        704        640: 77% ━━━━━━━━━─── 625/809 1.6it/s 7:24<1:54[K        1/3      12.8G     0.8543     0.4653    0.09057        388        640: 77% ━━━━━━━━━─── 626/809 1.8it/s 7:25<1:41[K        1/3      12.8G     0.8547     0.4653    0.09076        775        640: 77% ━━━━━━━━━─── 627/809 1.5it/s 7:26<2:03[K        1/3      12.8G     0.8544     0.4653    0.09071        393        640: 77% ━━━━━━━━━─── 628/809 1.7it/s 7:26<1:48[K        1/3      12.8G     0.8541     0.4654    0.09067        432        640: 77% ━━━━━━━━━─── 629/809 1.8it/s 7:27<1:38[K        1/3      12.8G     0.8542     0.4654    0.09067        492        640: 77% ━━━━━━━━━─── 630/809 1.8it/s 7:28<1:41[K        1/3      12.8G     0.8544     0.4653    0.09069        627        640: 77% ━━━━━━━━━─── 631/809 1.7it/s 7:28<1:46[K        1/3      12.8G     0.8542     0.4654    0.09065        347        640: 78% ━━━━━━━━━─── 632/809 1.9it/s 7:29<1:33[K        1/3      12.8G     0.8542     0.4654    0.09062        336        640: 78% ━━━━━━━━━─── 633/809 2.0it/s 7:29<1:30[K        1/3      12.8G      0.854     0.4655    0.09059        323        640: 78% ━━━━━━━━━─── 634/809 2.1it/s 7:30<1:24[K        1/3      12.8G     0.8539     0.4655    0.09056        539        640: 78% ━━━━━━━━━─── 635/809 2.0it/s 7:30<1:25[K        1/3      12.8G      0.854     0.4655    0.09054        419        640: 78% ━━━━━━━━━─── 636/809 2.1it/s 7:30<1:23[K        1/3      12.8G     0.8539     0.4655     0.0905        675        640: 78% ━━━━━━━━━─── 637/809 1.9it/s 7:31<1:32[K        1/3      12.8G     0.8544     0.4654    0.09059        648        640: 78% ━━━━━━━━━─── 638/809 1.6it/s 7:32<1:50[K        1/3      12.8G     0.8542     0.4655    0.09055        345        640: 78% ━━━━━━━━━─── 639/809 1.8it/s 7:33<1:37[K        1/3      12.8G     0.8543     0.4655    0.09056        577        640: 79% ━━━━━━━━━─── 640/809 1.6it/s 7:34<1:43[K        1/3      12.8G     0.8543     0.4655    0.09056        356        640: 79% ━━━━━━━━━╸── 641/809 1.7it/s 7:34<1:37[K        1/3      12.8G      0.854     0.4655    0.09049        277        640: 79% ━━━━━━━━━╸── 642/809 1.9it/s 7:35<1:27[K        1/3      12.8G     0.8537     0.4656    0.09043        257        640: 79% ━━━━━━━━━╸── 643/809 2.1it/s 7:35<1:19[K        1/3      12.8G      0.854     0.4656    0.09047        403        640: 79% ━━━━━━━━━╸── 644/809 2.0it/s 7:35<1:22[K        1/3      12.8G     0.8537     0.4656    0.09041        351        640: 79% ━━━━━━━━━╸── 645/809 2.1it/s 7:36<1:19[K        1/3      12.8G     0.8536     0.4656    0.09039        452        640: 79% ━━━━━━━━━╸── 646/809 2.0it/s 7:36<1:21[K        1/3      12.8G     0.8536     0.4656    0.09035        453        640: 79% ━━━━━━━━━╸── 647/809 2.0it/s 7:37<1:23[K        1/3      12.8G     0.8534     0.4656    0.09031        482        640: 80% ━━━━━━━━━╸── 648/809 1.9it/s 7:38<1:23[K        1/3      12.8G      0.853     0.4657    0.09028        475        640: 80% ━━━━━━━━━╸── 649/809 1.9it/s 7:38<1:23[K        1/3      12.8G     0.8529     0.4657    0.09023        329        640: 80% ━━━━━━━━━╸── 650/809 2.0it/s 7:39<1:19[K        1/3      12.8G     0.8528     0.4658    0.09024        552        640: 80% ━━━━━━━━━╸── 651/809 2.0it/s 7:39<1:21[K        1/3      12.8G     0.8527     0.4657    0.09019        523        640: 80% ━━━━━━━━━╸── 652/809 1.9it/s 7:40<1:24[K        1/3      12.8G     0.8528     0.4658    0.09017        488        640: 80% ━━━━━━━━━╸── 653/809 1.9it/s 7:40<1:22[K        1/3      12.8G     0.8529     0.4657    0.09017        458        640: 80% ━━━━━━━━━╸── 654/809 1.9it/s 7:41<1:22[K        1/3      12.8G     0.8534     0.4656    0.09028        769        640: 80% ━━━━━━━━━╸── 655/809 1.5it/s 7:42<1:41[K        1/3      12.8G     0.8535     0.4655    0.09029        358        640: 81% ━━━━━━━━━╸── 656/809 1.6it/s 7:43<1:36[K        1/3      12.8G     0.8537     0.4655     0.0903        411        640: 81% ━━━━━━━━━╸── 657/809 1.7it/s 7:43<1:31[K        1/3      12.8G     0.8533     0.4656    0.09026        341        640: 81% ━━━━━━━━━╸── 658/809 1.9it/s 7:44<1:20[K        1/3      12.8G     0.8533     0.4656    0.09026        539        640: 81% ━━━━━━━━━╸── 659/809 1.8it/s 7:44<1:21[K        1/3      12.8G     0.8532     0.4656    0.09022        485        640: 81% ━━━━━━━━━╸── 660/809 1.9it/s 7:45<1:18[K        1/3      12.8G     0.8531     0.4656    0.09019        407        640: 81% ━━━━━━━━━╸── 661/809 2.0it/s 7:45<1:15[K        1/3      12.8G     0.8533     0.4656    0.09016        721        640: 81% ━━━━━━━━━╸── 662/809 1.8it/s 7:46<1:21[K        1/3      12.8G     0.8533     0.4656    0.09015        570        640: 81% ━━━━━━━━━╸── 663/809 1.8it/s 7:47<1:22[K        1/3      12.8G      0.853     0.4656     0.0901        363        640: 82% ━━━━━━━━━╸── 664/809 1.9it/s 7:47<1:16[K        1/3      12.8G     0.8529     0.4656    0.09006        457        640: 82% ━━━━━━━━━╸── 665/809 1.9it/s 7:48<1:16[K        1/3      12.8G     0.8534     0.4655    0.09017        686        640: 82% ━━━━━━━━━╸── 666/809 1.5it/s 7:49<1:35[K        1/3      12.8G      0.854     0.4654    0.09032        596        640: 82% ━━━━━━━━━╸── 667/809 1.2it/s 7:51<1:60[K        1/3      12.8G     0.8544     0.4653    0.09035        780        640: 82% ━━━━━━━━━╸── 668/809 1.1it/s 7:52<2:07[K        1/3      12.8G     0.8546     0.4652    0.09035        907        640: 82% ━━━━━━━━━╸── 669/809 1.0it/s 7:54<2:14[K        1/3      12.8G     0.8548     0.4651    0.09035        567        640: 82% ━━━━━━━━━╸── 670/809 1.1it/s 7:54<2:10[K        1/3      12.8G     0.8549     0.4651    0.09034        708        640: 82% ━━━━━━━━━╸── 671/809 1.2it/s 7:55<1:59[K        1/3      12.8G     0.8549     0.4652    0.09034        428        640: 83% ━━━━━━━━━╸── 672/809 1.5it/s 7:56<1:34[K        1/3      12.8G      0.855     0.4652    0.09034        690        640: 83% ━━━━━━━━━╸── 673/809 1.5it/s 7:56<1:33[K        1/3      12.8G     0.8547     0.4652    0.09031        357        640: 83% ━━━━━━━━━╸── 674/809 1.7it/s 7:57<1:19[K        1/3      12.8G     0.8547     0.4653    0.09029        419        640: 83% ━━━━━━━━━━── 675/809 1.8it/s 7:57<1:15[K        1/3      12.8G     0.8545     0.4653    0.09025        395        640: 83% ━━━━━━━━━━── 676/809 1.9it/s 7:58<1:12[K        1/3      12.8G     0.8542     0.4655    0.09022        364        640: 83% ━━━━━━━━━━── 677/809 2.0it/s 7:58<1:07[K        1/3      12.8G     0.8545     0.4654    0.09027        407        640: 83% ━━━━━━━━━━── 678/809 1.8it/s 7:59<1:11[K        1/3      12.8G     0.8545     0.4654    0.09023        554        640: 83% ━━━━━━━━━━── 679/809 1.8it/s 7:59<1:12[K        1/3      12.8G     0.8544     0.4654    0.09023        558        640: 84% ━━━━━━━━━━── 680/809 1.7it/s 8:00<1:15[K        1/3      12.8G      0.855     0.4653    0.09041        603        640: 84% ━━━━━━━━━━── 681/809 1.4it/s 8:02<1:32[K        1/3      12.8G     0.8548     0.4653    0.09038        530        640: 84% ━━━━━━━━━━── 682/809 1.5it/s 8:02<1:23[K        1/3      12.8G     0.8553     0.4652    0.09055        701        640: 84% ━━━━━━━━━━── 683/809 1.3it/s 8:04<1:36[K        1/3      12.8G     0.8553     0.4652    0.09054        411        640: 84% ━━━━━━━━━━── 684/809 1.5it/s 8:04<1:24[K        1/3      12.8G     0.8554     0.4652    0.09052        441        640: 84% ━━━━━━━━━━── 685/809 1.7it/s 8:05<1:15[K        1/3      12.8G     0.8556     0.4652    0.09056        624        640: 84% ━━━━━━━━━━── 686/809 1.5it/s 8:05<1:22[K        1/3      12.8G     0.8559     0.4651    0.09059        904        640: 84% ━━━━━━━━━━── 687/809 1.3it/s 8:07<1:35[K        1/3      12.8G     0.8561      0.465    0.09056        357        640: 85% ━━━━━━━━━━── 688/809 1.5it/s 8:07<1:20[K        1/3      12.8G     0.8562      0.465    0.09055        594        640: 85% ━━━━━━━━━━── 689/809 1.5it/s 8:08<1:18[K        1/3      12.8G     0.8559      0.465    0.09051        442        640: 85% ━━━━━━━━━━── 690/809 1.7it/s 8:08<1:10[K        1/3      12.8G     0.8559     0.4651    0.09049        470        640: 85% ━━━━━━━━━━── 691/809 1.8it/s 8:09<1:07[K        1/3      12.8G     0.8556     0.4651    0.09044        461        640: 85% ━━━━━━━━━━── 692/809 1.8it/s 8:09<1:03[K        1/3      12.8G     0.8559      0.465    0.09045        606        640: 85% ━━━━━━━━━━── 693/809 1.8it/s 8:10<1:05[K        1/3      12.8G     0.8562     0.4649    0.09048        793        640: 85% ━━━━━━━━━━── 694/809 1.6it/s 8:11<1:14[K        1/3      12.8G     0.8561      0.465    0.09046        511        640: 85% ━━━━━━━━━━── 695/809 1.7it/s 8:11<1:08[K        1/3      12.8G     0.8559     0.4651    0.09042        287        640: 86% ━━━━━━━━━━── 696/809 1.9it/s 8:12<59.7s[K        1/3      12.8G     0.8557     0.4651    0.09043        229        640: 86% ━━━━━━━━━━── 697/809 1.9it/s 8:12<58.0s[K        1/3      12.8G     0.8558     0.4651    0.09042        581        640: 86% ━━━━━━━━━━── 698/809 1.8it/s 8:13<1:03[K        1/3      12.8G     0.8556     0.4652     0.0904        378        640: 86% ━━━━━━━━━━── 699/809 1.9it/s 8:14<57.9s[K        1/3      12.8G     0.8557     0.4652    0.09038        498        640: 86% ━━━━━━━━━━── 700/809 1.9it/s 8:14<56.9s[K        1/3      12.8G     0.8559     0.4651    0.09042        608        640: 86% ━━━━━━━━━━── 701/809 1.7it/s 8:15<1:05[K        1/3      12.8G     0.8558     0.4652    0.09039        232        640: 86% ━━━━━━━━━━── 702/809 1.9it/s 8:15<56.3s[K        1/3      12.8G      0.856     0.4651    0.09041        545        640: 86% ━━━━━━━━━━── 703/809 1.8it/s 8:16<58.0s[K        1/3      12.8G     0.8558     0.4652    0.09039        377        640: 87% ━━━━━━━━━━── 704/809 1.9it/s 8:16<53.8s[K        1/3      12.8G      0.856     0.4653    0.09038        665        640: 87% ━━━━━━━━━━── 705/809 1.8it/s 8:17<59.3s[K        1/3      12.8G     0.8561     0.4653    0.09042        475        640: 87% ━━━━━━━━━━── 706/809 1.8it/s 8:18<58.7s[K        1/3      12.8G      0.856     0.4653    0.09039        533        640: 87% ━━━━━━━━━━── 707/809 1.8it/s 8:18<58.1s[K        1/3      12.8G     0.8558     0.4652    0.09037        486        640: 87% ━━━━━━━━━━╸─ 708/809 1.8it/s 8:19<54.9s[K        1/3      12.8G     0.8562     0.4652    0.09041        787        640: 87% ━━━━━━━━━━╸─ 709/809 1.5it/s 8:20<1:06[K        1/3      12.8G     0.8563     0.4651    0.09042        439        640: 87% ━━━━━━━━━━╸─ 710/809 1.5it/s 8:21<1:04[K        1/3      12.8G     0.8562     0.4652    0.09042        340        640: 87% ━━━━━━━━━━╸─ 711/809 1.7it/s 8:21<56.7s[K        1/3      12.8G     0.8559     0.4652    0.09037        308        640: 88% ━━━━━━━━━━╸─ 712/809 1.9it/s 8:22<49.8s[K        1/3      12.8G     0.8559     0.4652    0.09037        646        640: 88% ━━━━━━━━━━╸─ 713/809 1.8it/s 8:22<52.9s[K        1/3      12.8G     0.8558     0.4652    0.09033        331        640: 88% ━━━━━━━━━━╸─ 714/809 2.0it/s 8:23<48.6s[K        1/3      12.8G      0.856     0.4652    0.09041        478        640: 88% ━━━━━━━━━━╸─ 715/809 1.8it/s 8:23<52.6s[K        1/3      12.8G      0.856     0.4651    0.09039        483        640: 88% ━━━━━━━━━━╸─ 716/809 1.7it/s 8:24<54.2s[K        1/3      12.8G      0.856     0.4651    0.09041        482        640: 88% ━━━━━━━━━━╸─ 717/809 1.6it/s 8:25<58.8s[K        1/3      12.8G     0.8559     0.4651    0.09038        380        640: 88% ━━━━━━━━━━╸─ 718/809 1.7it/s 8:25<53.3s[K        1/3      12.8G     0.8557     0.4652    0.09034        415        640: 88% ━━━━━━━━━━╸─ 719/809 1.9it/s 8:26<48.5s[K        1/3      12.8G     0.8557     0.4652    0.09038        621        640: 88% ━━━━━━━━━━╸─ 720/809 1.8it/s 8:26<48.7s[K        1/3      12.8G     0.8555     0.4653    0.09036        511        640: 89% ━━━━━━━━━━╸─ 721/809 1.8it/s 8:27<48.3s[K        1/3      12.8G     0.8557     0.4652    0.09037        587        640: 89% ━━━━━━━━━━╸─ 722/809 1.6it/s 8:28<53.2s[K        1/3      12.8G     0.8554     0.4653    0.09034        289        640: 89% ━━━━━━━━━━╸─ 723/809 1.9it/s 8:28<46.3s[K        1/3      12.8G     0.8559     0.4652    0.09036        600        640: 89% ━━━━━━━━━━╸─ 724/809 1.7it/s 8:29<50.4s[K        1/3      12.8G     0.8558     0.4652    0.09034        367        640: 89% ━━━━━━━━━━╸─ 725/809 1.8it/s 8:29<47.9s[K        1/3      12.8G     0.8555     0.4653    0.09029        550        640: 89% ━━━━━━━━━━╸─ 726/809 1.8it/s 8:30<46.1s[K        1/3      12.8G     0.8557     0.4652    0.09027        701        640: 89% ━━━━━━━━━━╸─ 727/809 1.7it/s 8:31<49.6s[K        1/3      12.8G     0.8558     0.4652    0.09024        503        640: 89% ━━━━━━━━━━╸─ 728/809 1.7it/s 8:31<48.2s[K        1/3      12.8G     0.8555     0.4652    0.09021        478        640: 90% ━━━━━━━━━━╸─ 729/809 1.7it/s 8:32<46.4s[K        1/3      12.8G     0.8557     0.4652     0.0902        518        640: 90% ━━━━━━━━━━╸─ 730/809 1.7it/s 8:33<46.4s[K        1/3      12.8G     0.8555     0.4653    0.09018        338        640: 90% ━━━━━━━━━━╸─ 731/809 1.8it/s 8:33<44.0s[K        1/3      12.8G     0.8557     0.4652    0.09023        407        640: 90% ━━━━━━━━━━╸─ 732/809 1.8it/s 8:34<43.6s[K        1/3      12.8G     0.8554     0.4652    0.09018        526        640: 90% ━━━━━━━━━━╸─ 733/809 1.8it/s 8:34<41.5s[K        1/3      12.8G     0.8552     0.4653    0.09016        374        640: 90% ━━━━━━━━━━╸─ 734/809 1.9it/s 8:35<38.5s[K        1/3      12.8G     0.8552     0.4652    0.09015        438        640: 90% ━━━━━━━━━━╸─ 735/809 1.9it/s 8:35<38.6s[K        1/3      12.8G     0.8554     0.4652    0.09016        604        640: 90% ━━━━━━━━━━╸─ 736/809 1.7it/s 8:36<42.7s[K        1/3      12.8G     0.8553     0.4653    0.09013        540        640: 91% ━━━━━━━━━━╸─ 737/809 1.7it/s 8:36<42.0s[K        1/3      12.8G     0.8554     0.4653    0.09017        608        640: 91% ━━━━━━━━━━╸─ 738/809 1.7it/s 8:37<42.2s[K        1/3      12.8G     0.8552     0.4654    0.09015        485        640: 91% ━━━━━━━━━━╸─ 739/809 1.7it/s 8:38<40.4s[K        1/3      12.8G     0.8551     0.4654    0.09012        370        640: 91% ━━━━━━━━━━╸─ 740/809 1.8it/s 8:38<37.3s[K        1/3      12.8G      0.855     0.4654     0.0901        393        640: 91% ━━━━━━━━━━╸─ 741/809 1.9it/s 8:39<35.9s[K        1/3      12.8G     0.8549     0.4654    0.09009        507        640: 91% ━━━━━━━━━━━─ 742/809 1.9it/s 8:39<35.1s[K        1/3      12.8G     0.8547     0.4655    0.09004        368        640: 91% ━━━━━━━━━━━─ 743/809 2.0it/s 8:40<32.2s[K        1/3      12.8G     0.8549     0.4654    0.09004        663        640: 91% ━━━━━━━━━━━─ 744/809 1.9it/s 8:40<34.8s[K        1/3      12.8G     0.8549     0.4655    0.09002        468        640: 92% ━━━━━━━━━━━─ 745/809 1.8it/s 8:41<35.4s[K        1/3      12.8G     0.8546     0.4656       0.09        374        640: 92% ━━━━━━━━━━━─ 746/809 1.9it/s 8:41<33.3s[K        1/3      12.8G     0.8545     0.4656    0.08997        477        640: 92% ━━━━━━━━━━━─ 747/809 1.9it/s 8:42<32.6s[K        1/3      12.8G     0.8546     0.4656    0.08997        522        640: 92% ━━━━━━━━━━━─ 748/809 1.8it/s 8:42<33.0s[K        1/3      12.8G     0.8545     0.4657    0.08994        465        640: 92% ━━━━━━━━━━━─ 749/809 1.9it/s 8:43<31.8s[K        1/3      12.8G     0.8544     0.4657    0.08994        498        640: 92% ━━━━━━━━━━━─ 750/809 1.9it/s 8:43<31.5s[K        1/3      12.8G     0.8546     0.4656    0.08991        518        640: 92% ━━━━━━━━━━━─ 751/809 1.8it/s 8:44<31.8s[K        1/3      12.8G     0.8544     0.4656    0.08989        267        640: 92% ━━━━━━━━━━━─ 752/809 1.9it/s 8:45<30.1s[K        1/3      12.8G     0.8542     0.4656    0.08986        475        640: 93% ━━━━━━━━━━━─ 753/809 1.8it/s 8:45<30.4s[K        1/3      12.8G     0.8544     0.4656    0.08987        608        640: 93% ━━━━━━━━━━━─ 754/809 1.8it/s 8:46<31.2s[K        1/3      12.8G     0.8543     0.4656    0.08987        408        640: 93% ━━━━━━━━━━━─ 755/809 1.9it/s 8:46<29.0s[K        1/3      12.8G     0.8545     0.4656    0.08987        620        640: 93% ━━━━━━━━━━━─ 756/809 1.8it/s 8:47<29.5s[K        1/3      12.8G     0.8542     0.4657    0.08986        426        640: 93% ━━━━━━━━━━━─ 757/809 1.9it/s 8:47<27.4s[K        1/3      12.8G      0.854     0.4657    0.08985        433        640: 93% ━━━━━━━━━━━─ 758/809 1.9it/s 8:48<26.3s[K        1/3      12.8G     0.8539     0.4657    0.08983        609        640: 93% ━━━━━━━━━━━─ 759/809 1.9it/s 8:48<26.1s[K        1/3      12.8G     0.8539     0.4658    0.08979        244        640: 93% ━━━━━━━━━━━─ 760/809 2.1it/s 8:49<23.8s[K        1/3      12.8G     0.8543     0.4657    0.08982        921        640: 94% ━━━━━━━━━━━─ 761/809 1.7it/s 8:50<27.8s[K        1/3      12.8G      0.854     0.4657    0.08978        483        640: 94% ━━━━━━━━━━━─ 762/809 1.8it/s 8:50<26.3s[K        1/3      12.8G     0.8541     0.4658    0.08979        346        640: 94% ━━━━━━━━━━━─ 763/809 1.9it/s 8:51<24.3s[K        1/3      12.8G     0.8542     0.4658    0.08978        633        640: 94% ━━━━━━━━━━━─ 764/809 1.8it/s 8:51<24.5s[K        1/3      12.8G     0.8542     0.4658    0.08978        518        640: 94% ━━━━━━━━━━━─ 765/809 1.6it/s 8:52<28.2s[K        1/3      12.8G     0.8542     0.4658    0.08976        620        640: 94% ━━━━━━━━━━━─ 766/809 1.6it/s 8:53<26.8s[K        1/3      12.8G     0.8549     0.4657    0.08994        541        640: 94% ━━━━━━━━━━━─ 767/809 1.3it/s 8:55<32.8s[K        1/3      12.8G      0.855     0.4657    0.08992        480        640: 94% ━━━━━━━━━━━─ 768/809 1.5it/s 8:56<28.1s[K        1/3      12.8G     0.8552     0.4656    0.08997        709        640: 95% ━━━━━━━━━━━─ 769/809 1.3it/s 8:56<30.0s[K        1/3      12.8G     0.8547     0.4657    0.08994        322        640: 95% ━━━━━━━━━━━─ 770/809 1.6it/s 8:57<24.0s[K        1/3      12.8G     0.8549     0.4657    0.08994        509        640: 95% ━━━━━━━━━━━─ 771/809 1.6it/s 8:58<23.6s[K        1/3      12.8G     0.8547     0.4658    0.08991        379        640: 95% ━━━━━━━━━━━─ 772/809 1.8it/s 8:58<20.5s[K        1/3      12.8G     0.8545     0.4658    0.08988        467        640: 95% ━━━━━━━━━━━─ 773/809 1.9it/s 8:58<19.2s[K        1/3      12.8G     0.8544     0.4658    0.08985        449        640: 95% ━━━━━━━━━━━─ 774/809 1.9it/s 8:59<18.1s[K        1/3      12.8G     0.8541     0.4658     0.0898        483        640: 95% ━━━━━━━━━━━─ 775/809 2.0it/s 8:59<16.9s[K        1/3      12.8G     0.8542     0.4657    0.08978        508        640: 95% ━━━━━━━━━━━╸ 776/809 1.9it/s 8:60<17.0s[K        1/3      12.8G      0.854     0.4658    0.08977        342        640: 96% ━━━━━━━━━━━╸ 777/809 2.0it/s 9:00<16.1s[K        1/3      12.8G      0.854     0.4657    0.08976        605        640: 96% ━━━━━━━━━━━╸ 778/809 1.8it/s 9:01<16.8s[K        1/3      12.8G     0.8538     0.4658    0.08972        359        640: 96% ━━━━━━━━━━━╸ 779/809 2.0it/s 9:02<15.2s[K        1/3      12.8G     0.8537     0.4658    0.08971        473        640: 96% ━━━━━━━━━━━╸ 780/809 1.9it/s 9:02<15.1s[K        1/3      12.8G     0.8535     0.4658    0.08969        461        640: 96% ━━━━━━━━━━━╸ 781/809 2.0it/s 9:03<14.3s[K        1/3      12.8G     0.8536     0.4658    0.08969        520        640: 96% ━━━━━━━━━━━╸ 782/809 1.9it/s 9:03<13.9s[K        1/3      12.8G     0.8537     0.4658    0.08974        627        640: 96% ━━━━━━━━━━━╸ 783/809 1.7it/s 9:04<15.2s[K        1/3      12.8G     0.8536     0.4658     0.0897        419        640: 96% ━━━━━━━━━━━╸ 784/809 1.8it/s 9:04<13.8s[K        1/3      12.8G     0.8537     0.4657     0.0897        618        640: 97% ━━━━━━━━━━━╸ 785/809 1.7it/s 9:05<14.0s[K        1/3      12.8G     0.8539     0.4657     0.0897        551        640: 97% ━━━━━━━━━━━╸ 786/809 1.5it/s 9:06<15.6s[K        1/3      12.8G     0.8537     0.4657    0.08966        416        640: 97% ━━━━━━━━━━━╸ 787/809 1.7it/s 9:07<13.1s[K        1/3      12.8G     0.8535     0.4657    0.08963        497        640: 97% ━━━━━━━━━━━╸ 788/809 1.8it/s 9:07<12.0s[K        1/3      12.8G     0.8536     0.4657    0.08961        701        640: 97% ━━━━━━━━━━━╸ 789/809 1.7it/s 9:08<11.9s[K        1/3      12.8G     0.8536     0.4657     0.0896        349        640: 97% ━━━━━━━━━━━╸ 790/809 1.8it/s 9:08<10.4s[K        1/3      12.8G     0.8537     0.4656    0.08962        689        640: 97% ━━━━━━━━━━━╸ 791/809 1.6it/s 9:09<11.4s[K        1/3      12.8G     0.8536     0.4656    0.08959        389        640: 97% ━━━━━━━━━━━╸ 792/809 1.7it/s 9:10<9.8s[K        1/3      12.8G     0.8536     0.4656    0.08957        580        640: 98% ━━━━━━━━━━━╸ 793/809 1.6it/s 9:11<10.0s[K        1/3      12.8G     0.8535     0.4657    0.08956        366        640: 98% ━━━━━━━━━━━╸ 794/809 1.8it/s 9:11<8.5s[K        1/3      12.8G     0.8536     0.4656    0.08955        470        640: 98% ━━━━━━━━━━━╸ 795/809 1.8it/s 9:12<7.8s[K        1/3      12.8G     0.8535     0.4656    0.08954        536        640: 98% ━━━━━━━━━━━╸ 796/809 1.7it/s 9:12<7.5s[K        1/3      12.8G     0.8535     0.4656    0.08951        647        640: 98% ━━━━━━━━━━━╸ 797/809 1.7it/s 9:13<7.1s[K        1/3      12.8G     0.8536     0.4655     0.0895        536        640: 98% ━━━━━━━━━━━╸ 798/809 1.7it/s 9:13<6.4s[K        1/3      12.8G     0.8539     0.4655    0.08954        773        640: 98% ━━━━━━━━━━━╸ 799/809 1.4it/s 9:15<6.9s[K        1/3      12.8G     0.8539     0.4655     0.0895        564        640: 98% ━━━━━━━━━━━╸ 800/809 1.4it/s 9:15<6.4s[K        1/3      12.8G     0.8539     0.4654     0.0895        719        640: 99% ━━━━━━━━━━━╸ 801/809 1.4it/s 9:16<5.7s[K        1/3      12.8G     0.8537     0.4654    0.08949        499        640: 99% ━━━━━━━━━━━╸ 802/809 1.6it/s 9:17<4.5s[K        1/3      12.8G     0.8536     0.4655    0.08946        300        640: 99% ━━━━━━━━━━━╸ 803/809 1.8it/s 9:17<3.3s[K        1/3      12.8G     0.8534     0.4656    0.08944        238        640: 99% ━━━━━━━━━━━╸ 804/809 2.0it/s 9:17<2.5s[K        1/3      12.8G     0.8532     0.4657     0.0894        369        640: 99% ━━━━━━━━━━━╸ 805/809 2.1it/s 9:18<1.9s[K        1/3      12.8G     0.8533     0.4657    0.08942        626        640: 99% ━━━━━━━━━━━╸ 806/809 1.8it/s 9:19<1.6s[K        1/3      12.8G     0.8534     0.4657    0.08941        677        640: 99% ━━━━━━━━━━━╸ 807/809 1.7it/s 9:19<1.2s[K        1/3      12.8G     0.8536     0.4657    0.08941        812        640: 99% ━━━━━━━━━━━╸ 808/809 1.3it/s 9:22<0.7s[K        1/3      12.8G     0.8536     0.4657    0.08941        812        640: 100% ━━━━━━━━━━━━ 809/809 1.4it/s 9:22
[K                 Class     Images  Instances      Box(P          R      mAP50  mAP50-95): 2% ──────────── 1/35 1.4s/it 0.4s<47.8s[K                 Class     Images  Instances      Box(P          R      mAP50  mAP50-95): 5% ╸─────────── 2/35 2.1it/s 0.6s<15.5s[K                 Class     Images  Instances      Box(P          R      mAP50  mAP50-95): 8% ━─────────── 3/35 2.7it/s 0.8s<11.7s[K                 Class     Images  Instances      Box(P          R      mAP50  mAP50-95): 11% ━─────────── 4/35 3.1it/s 1.1s<10.1s[K                 Class     Images  Instances      Box(P          R      mAP50  mAP50-95): 14% ━╸────────── 5/35 3.1it/s 1.4s<9.8s[K                 Class     Images  Instances      Box(P          R      mAP50  mAP50-95): 17% ━━────────── 6/35 3.2it/s 1.7s<9.2s[K                 Class     Images  Instances      Box(P          R      mAP50  mAP50-95): 20% ━━────────── 7/35 3.2it/s 2.0s<8.7s[K                 Class     Images  Instances      Box(P          R      mAP50  mAP50-95): 22% ━━╸───────── 8/35 3.0it/s 2.4s<8.9s[K                 Class     Images  Instances      Box(P          R      mAP50  mAP50-95): 25% ━━━───────── 9/35 3.3it/s 2.7s<7.9s[K                 Class     Images  Instances      Box(P          R      mAP50  mAP50-95): 28% ━━━───────── 10/35 3.7it/s 2.9s<6.7s[K                 Class     Images  Instances      Box(P          R      mAP50  mAP50-95): 31% ━━━╸──────── 11/35 3.4it/s 3.2s<7.0s[K                 Class     Images  Instances      Box(P          R      mAP50  mAP50-95): 34% ━━━━──────── 12/35 3.4it/s 3.5s<6.8s[K                 Class     Images  Instances      Box(P          R      mAP50  mAP50-95): 37% ━━━━──────── 13/35 3.5it/s 3.8s<6.2s[K                 Class     Images  Instances      Box(P          R      mAP50  mAP50-95): 40% ━━━━╸─────── 14/35 3.4it/s 4.1s<6.1s[K                 Class     Images  Instances      Box(P          R      mAP50  mAP50-95): 42% ━━━━━─────── 15/35 3.7it/s 4.4s<5.5s[K                 Class     Images  Instances      Box(P          R      mAP50  mAP50-95): 45% ━━━━━─────── 16/35 3.6it/s 4.7s<5.3s[K                 Class     Images  Instances      Box(P          R      mAP50  mAP50-95): 48% ━━━━━╸────── 17/35 3.4it/s 5.0s<5.4s[K                 Class     Images  Instances      Box(P          R      mAP50  mAP50-95): 51% ━━━━━━────── 18/35 3.5it/s 5.3s<4.8s[K                 Class     Images  Instances      Box(P          R      mAP50  mAP50-95): 54% ━━━━━━╸───── 19/35 3.7it/s 5.5s<4.4s[K                 Class     Images  Instances      Box(P          R      mAP50  mAP50-95): 57% ━━━━━━╸───── 20/35 3.8it/s 5.8s<4.0s[K                 Class     Images  Instances      Box(P          R      mAP50  mAP50-95): 60% ━━━━━━━───── 21/35 3.7it/s 6.1s<3.8s[K                 Class     Images  Instances      Box(P          R      mAP50  mAP50-95): 62% ━━━━━━━╸──── 22/35 3.1it/s 6.6s<4.1s[K                 Class     Images  Instances      Box(P          R      mAP50  mAP50-95): 65% ━━━━━━━╸──── 23/35 2.5it/s 7.6s<4.8s[K                 Class     Images  Instances      Box(P          R      mAP50  mAP50-95): 68% ━━━━━━━━──── 24/35 1.9it/s 9.5s<5.8s[K                 Class     Images  Instances      Box(P          R      mAP50  mAP50-95): 71% ━━━━━━━━╸─── 25/35 2.2it/s 9.9s<4.5s[K                 Class     Images  Instances      Box(P          R      mAP50  mAP50-95): 74% ━━━━━━━━╸─── 26/35 2.9it/s 10.1s<3.1s[K                 Class     Images  Instances      Box(P          R      mAP50  mAP50-95): 77% ━━━━━━━━━─── 27/35 2.9it/s 10.4s<2.8s[K                 Class     Images  Instances      Box(P          R      mAP50  mAP50-95): 80% ━━━━━━━━━╸── 28/35 2.9it/s 10.8s<2.4s[K                 Class     Images  Instances      Box(P          R      mAP50  mAP50-95): 82% ━━━━━━━━━╸── 29/35 3.2it/s 11.0s<1.9s[K                 Class     Images  Instances      Box(P          R      mAP50  mAP50-95): 85% ━━━━━━━━━━── 30/35 3.5it/s 11.3s<1.4s[K                 Class     Images  Instances      Box(P          R      mAP50  mAP50-95): 88% ━━━━━━━━━━╸─ 31/35 3.3it/s 11.6s<1.2s[K                 Class     Images  Instances      Box(P          R      mAP50  mAP50-95): 91% ━━━━━━━━━━╸─ 32/35 3.2it/s 12.0s<0.9s[K                 Class     Images  Instances      Box(P          R      mAP50  mAP50-95): 94% ━━━━━━━━━━━─ 33/35 3.3it/s 12.2s<0.6s[K                 Class     Images  Instances      Box(P          R      mAP50  mAP50-95): 97% ━━━━━━━━━━━╸ 34/35 3.5it/s 12.5s<0.3s[K                 Class     Images  Instances      Box(P          R      mAP50  mAP50-95): 100% ━━━━━━━━━━━━ 35/35 2.7it/s 12.8s
                   all        548      38759      0.512      0.436      0.414      0.242

      Epoch    GPU_mem  giou_loss   cls_loss    l1_loss  Instances       Size
/root/data/uav/venv/lib/python3.10/site-packages/torch/autograd/graph.py:825: UserWarning: grid_sampler_2d_backward_cuda does not have a deterministic implementation, but you set 'torch.use_deterministic_algorithms(True, warn_only=True)'. You can file an issue at https://github.com/pytorch/pytorch/issues to help us prioritize adding deterministic support for this operation. (Triggered internally at ../aten/src/ATen/Context.cpp:91.)
  return Variable._execution_engine.run_backward(  # Calls into the C++ engine to run the backward pass
[K        2/3      3.79G      1.036     0.4028     0.1626        818        640: 0% ──────────── 0/809  2.1s[K        2/3      3.79G       1.03      0.399     0.1236        688        640: 0% ──────────── 1/809 6.1s/it 4.0s<1:22:36[K        2/3      3.79G      1.013     0.4173     0.1121        549        640: 0% ──────────── 2/809 1.6s/it 4.6s<21:18[K        2/3      3.79G     0.9586     0.4257     0.1015        509        640: 0% ──────────── 3/809 1.0it/s 5.1s<13:26[K        2/3      3.79G     0.9296     0.4327    0.09521        731        640: 0% ──────────── 4/809 1.2it/s 5.7s<11:27[K        2/3      3.79G     0.8706     0.4489    0.08889        284        640: 0% ──────────── 5/809 1.5it/s 6.1s<8:41[K        2/3      3.79G     0.8829     0.4496    0.09031        487        640: 0% ──────────── 6/809 1.6it/s 6.8s<8:32[K        2/3      3.79G     0.8983      0.448    0.09034        774        640: 0% ──────────── 7/809 1.5it/s 7.6s<9:05[K        2/3      3.79G     0.8842     0.4491    0.08814        624        640: 0% ──────────── 8/809 1.5it/s 8.2s<8:52[K        2/3      3.79G     0.8817     0.4532    0.08695        473        640: 1% ──────────── 9/809 1.6it/s 8.7s<8:10[K        2/3      3.79G     0.8696     0.4554    0.08479        563        640: 1% ──────────── 10/809 1.7it/s 9.3s<8:01[K        2/3      3.79G     0.8772     0.4558    0.08486        631        640: 1% ──────────── 11/809 1.6it/s 10.0s<8:26[K        2/3      3.79G     0.8716     0.4588    0.08438        346        640: 1% ──────────── 12/809 1.8it/s 10.5s<7:34[K        2/3      3.79G     0.8704     0.4578    0.08366        503        640: 1% ──────────── 13/809 1.8it/s 11.0s<7:32[K        2/3      3.79G     0.8869     0.4542    0.09178        664        640: 1% ──────────── 14/809 1.3it/s 13.6s<9:50[K        2/3      3.79G     0.8826     0.4538     0.0913        504        640: 1% ──────────── 15/809 1.4it/s 14.2s<9:12[K        2/3      3.79G     0.8699     0.4564    0.08893        412        640: 1% ──────────── 16/809 1.6it/s 14.8s<8:19[K        2/3      3.79G     0.8605     0.4575     0.0871        381        640: 2% ──────────── 17/809 1.7it/s 15.2s<7:35[K        2/3      3.79G     0.8551     0.4605    0.08605        456        640: 2% ──────────── 18/809 1.8it/s 15.7s<7:11[K        2/3      3.79G      0.853     0.4619    0.08575        435        640: 2% ──────────── 19/809 1.9it/s 16.2s<7:01[K        2/3      3.79G     0.8571     0.4601    0.08544        618        640: 2% ──────────── 20/809 1.8it/s 16.8s<7:11[K        2/3      3.79G     0.8523     0.4598    0.08512        447        640: 2% ──────────── 21/809 1.9it/s 17.3s<7:05[K        2/3      3.79G     0.8372     0.4613    0.08358        331        640: 2% ──────────── 22/809 2.0it/s 17.8s<6:33[K        2/3      3.79G     0.8356     0.4622    0.08344        324        640: 2% ──────────── 23/809 2.1it/s 18.2s<6:17[K        2/3      3.79G     0.8265      0.467    0.08329        161        640: 2% ──────────── 24/809 2.2it/s 18.6s<6:01[K        2/3      3.79G     0.8239     0.4669    0.08276        621        640: 3% ──────────── 25/809 2.0it/s 19.2s<6:33[K        2/3      3.79G      0.825     0.4663    0.08208        364        640: 3% ──────────── 26/809 2.0it/s 19.7s<6:28[K        2/3      3.79G      0.823     0.4668      0.082        538        640: 3% ──────────── 27/809 2.0it/s 20.3s<6:34[K        2/3      3.79G     0.8218     0.4672    0.08183        491        640: 3% ──────────── 28/809 2.0it/s 20.8s<6:38[K        2/3      3.79G     0.8291     0.4663    0.08502        834        640: 3% ──────────── 29/809 1.6it/s 22.3s<8:17[K        2/3      3.79G     0.8197     0.4669     0.0845        324        640: 3% ──────────── 30/809 1.7it/s 22.8s<7:27[K        2/3      3.79G     0.8198     0.4665    0.08393        626        640: 3% ──────────── 31/809 1.7it/s 23.4s<7:34[K        2/3      3.79G     0.8191     0.4652    0.08327        528        640: 3% ──────────── 32/809 1.7it/s 24.0s<7:36[K        2/3      3.79G      0.815     0.4652    0.08269        584        640: 4% ──────────── 33/809 1.7it/s 24.6s<7:38[K        2/3      3.79G     0.8129      0.466    0.08241        388        640: 4% ╸─────────── 34/809 1.9it/s 25.0s<6:57[K        2/3      3.79G     0.8125     0.4666    0.08252        404        640: 4% ╸─────────── 35/809 1.9it/s 25.5s<6:46[K        2/3      3.79G     0.8109     0.4672    0.08178        411        640: 4% ╸─────────── 36/809 2.0it/s 26.0s<6:33[K        2/3      3.79G     0.8129     0.4655    0.08198        572        640: 4% ╸─────────── 37/809 1.8it/s 26.8s<7:20[K        2/3      3.79G     0.8199     0.4643    0.08237        781        640: 4% ╸─────────── 38/809 1.6it/s 27.7s<8:14[K        2/3      3.79G     0.8216     0.4645    0.08228        663        640: 4% ╸─────────── 39/809 1.5it/s 28.5s<8:45[K        2/3      3.79G     0.8214     0.4644    0.08218        436        640: 4% ╸─────────── 40/809 1.6it/s 29.1s<8:10[K        2/3      3.79G     0.8162     0.4646    0.08156        503        640: 5% ╸─────────── 41/809 1.7it/s 29.6s<7:41[K        2/3       4.3G     0.8188     0.4642     0.0832        652        640: 5% ╸─────────── 42/809 1.5it/s 30.6s<8:39[K        2/3       4.3G     0.8132     0.4655    0.08278        176        640: 5% ╸─────────── 43/809 1.8it/s 30.9s<7:02[K        2/3       4.3G     0.8172     0.4648      0.083        688        640: 5% ╸─────────── 44/809 1.7it/s 31.6s<7:29[K        2/3       4.3G     0.8181     0.4646    0.08256        648        640: 5% ╸─────────── 45/809 1.7it/s 32.3s<7:43[K        2/3       4.3G     0.8168     0.4649    0.08214        462        640: 5% ╸─────────── 46/809 1.7it/s 32.8s<7:23[K        2/3       4.3G      0.824     0.4634    0.08447        732        640: 5% ╸─────────── 47/809 1.3it/s 35.0s<9:29[K        2/3       4.3G     0.8193     0.4643    0.08415        470        640: 5% ╸─────────── 48/809 1.5it/s 35.6s<8:31[K        2/3       4.3G     0.8163     0.4648    0.08379        403        640: 6% ╸─────────── 49/809 1.7it/s 36.1s<7:31[K        2/3       4.3G     0.8178     0.4649    0.08359        429        640: 6% ╸─────────── 50/809 1.8it/s 36.6s<7:11[K        2/3       4.3G     0.8188     0.4643    0.08362        517        640: 6% ╸─────────── 51/809 1.8it/s 37.1s<7:02[K        2/3       4.3G     0.8157     0.4651    0.08305        343        640: 6% ╸─────────── 52/809 2.0it/s 37.5s<6:27[K        2/3       4.3G     0.8161     0.4653    0.08266        509        640: 6% ╸─────────── 53/809 1.9it/s 38.1s<6:28[K        2/3       4.3G     0.8186     0.4646    0.08279        646        640: 6% ╸─────────── 54/809 1.8it/s 38.8s<7:04[K        2/3       4.3G     0.8211     0.4646    0.08288        531        640: 6% ╸─────────── 55/809 1.7it/s 39.4s<7:11[K        2/3       4.3G      0.818     0.4652    0.08246        456        640: 6% ╸─────────── 56/809 1.8it/s 39.9s<6:60[K        2/3       4.3G     0.8184     0.4651    0.08239        653        640: 7% ╸─────────── 57/809 1.7it/s 40.5s<7:15[K        2/3       4.3G     0.8206     0.4646    0.08305        821        640: 7% ╸─────────── 58/809 1.5it/s 41.5s<8:19[K        2/3       4.3G     0.8209     0.4653    0.08278        323        640: 7% ╸─────────── 59/809 1.7it/s 42.0s<7:21[K        2/3       4.3G     0.8195     0.4656    0.08242        746        640: 7% ╸─────────── 60/809 1.7it/s 42.7s<7:32[K        2/3       4.3G     0.8204     0.4654    0.08215        394        640: 7% ╸─────────── 61/809 1.8it/s 43.1s<7:02[K        2/3      4.84G     0.8283     0.4634    0.08351        986        640: 7% ╸─────────── 62/809 1.4it/s 45.6s<9:09[K        2/3      4.84G     0.8289     0.4638    0.08358        427        640: 7% ╸─────────── 63/809 1.5it/s 46.2s<8:15[K        2/3      4.84G     0.8284     0.4644    0.08369        470        640: 7% ╸─────────── 64/809 1.5it/s 46.8s<8:01[K        2/3      4.84G     0.8282      0.465    0.08352        522        640: 8% ╸─────────── 65/809 1.6it/s 47.4s<7:40