epoch,time,train/giou_loss,train/cls_loss,train/l1_loss,train/ioqc_comp_loss,train/ioqc_align_loss,metrics/precision(B),metrics/recall(B),metrics/mAP50(B),metrics/mAP50-95(B),val/giou_loss,val/cls_loss,val/l1_loss,val/ioqc_comp_loss,val/ioqc_align_loss,lr/pg0,lr/pg1,lr/pg2
2,1694.46,2.25863,0.15147,0.69076,0.52719,1.43684,0.01734,0.06175,0.0058,0.00124,1.801,0.28169,0.4183,0,0,0.000470996,0.000470996,0.000470996
3,1630.64,1.98232,0.26496,0.52773,0.75163,1.11854,0.35033,0.10069,0.02611,0.01093,1.55191,0.41679,0.33005,0,0,0.000699503,0.000699503,0.000699503
