epoch,time,train/giou_loss,train/cls_loss,train/l1_loss,train/ioqc_comp_loss,train/ioqc_align_loss,metrics/precision(B),metrics/recall(B),metrics/mAP50(B),metrics/mAP50-95(B),val/giou_loss,val/cls_loss,val/l1_loss,val/ioqc_comp_loss,val/ioqc_align_loss,lr/pg0,lr/pg1,lr/pg2
2,1694.46,2.25863,0.15147,0.69076,0.52719,1.43684,0.01734,0.06175,0.0058,0.00124,1.801,0.28169,0.4183,0,0,0.000470996,0.000470996,0.000470996
3,1630.64,1.98232,0.26496,0.52773,0.75163,1.11854,0.35033,0.10069,0.02611,0.01093,1.55191,0.41679,0.33005,0,0,0.000699503,0.000699503,0.000699503
4,3121.4,1.81366,0.35405,0.43762,0.81442,0.96029,0.06894,0.14759,0.03964,0.01862,1.40335,0.48688,0.26661,0,0,0.000692794,0.000692794,0.000692794
5,2661.52,1.64884,0.4252,0.36938,0.84747,0.74655,0.39511,0.09813,0.05447,0.02805,1.40521,0.49534,0.24647,0,0,0.000685726,0.000685726,0.000685726
6,1398.31,1.56661,0.42865,0.31458,0.86706,0.69624,0.18015,0.18492,0.09696,0.04952,1.17437,0.51509,0.18414,0,0,0.000678657,0.000678657,0.000678657
7,2776.24,1.46727,0.43939,0.27335,0.8653,0.60244,0.1903,0.21409,0.12068,0.06108,1.12463,0.52162,0.17699,0,0,0.000671588,0.000671588,0.000671588
8,4096.59,1.4178,0.44412,0.25975,0.8575,0.57789,0.22816,0.23041,0.14438,0.07317,1.07888,0.51135,0.16314,0,0,0.00066452,0.00066452,0.00066452
